published_at,keywords,combined_text,token_lengths,label
2006-12-14 23:29:44+00:00,"cnbc, Articles, Business News, Economy, US Economy, US: News, source:tagname:Reuters","citigroup, the top us bank by assets, plans to halve its investment spending next year, according to ceo charles prince. the bank is under pressure from investors due to lackluster share performance. prince discussed strategies to increase revenue, including expanding the financial advisory business and private banking efforts. he expects increased revenue and lower investment spending to drive profits growth. however, some investors remain skeptical. citigroup aims to achieve operating leverage and is focused on overseas growth opportunities. the bank recently acquired central american bank grupo cuscatlan and won control of china's guangdong development bank. prince also mentioned potential credit loss reserve increases in japan.",131,negative
2006-12-04 19:51:48+00:00,"cnbc, Articles, CNBC TV, Power Lunch, source:tagname:CNBC US Source",hedge funds face pressure to reform hedge funds are heading into a rough few weeks many funds are looking at some pretty average returns this yearand if thats not bad enoughthe industry faces us congressional hearings starting tomorrow on regulations and insider tradingwilliam galvin is secretary of the commonwealth of massachusetts tom curran is a securities lawyer and partner with ganfer and shore both men appeared on street signs and have different opinions on what needsor doesnt needto be done with hedge fundsgalvin says hedge funds are marketed to people who shouldnt be investing in them and he says there should be minimum investments and the funds should be registered he said there needs to be total transparency when it comes to hedge fundscurran is completely on the other sidesaying there is no need for minimum investments he said congress should proceed cautiously on hedge fundsconsidering the role they play in the us economy he said there are a lot of myths when it comes to hedge fundsand that the criticism is over blown fyi there are some  hedge funds with nearly  trillion dollars invested in them,212,positive
2006-12-27 19:04:26+00:00,"cnbc, Articles, Business News, Economy, US Economy, US: News, source:tagname:CNBC US Source","the dollar initially weakened against major currencies, but partially recovered due to better-than-expected new home sales in november. the report suggests the housing market slowdown may be easing, reducing expectations of an early interest rate cut by the federal reserve. however, concerns remain as the european central bank is poised to raise rates, and the bank of japan may discuss tighter monetary policy. the dollar's yield advantage is also expected to diminish next year. in asia, currency trading was disrupted by earthquakes, but north american markets were unaffected. us benchmark treasury note prices declined, leading to higher yields. european government bond prices also fell.",132,positive
2006-12-26 17:43:11+00:00,"cnbc, Articles, Business News, Economy, US Economy, US: News, source:tagname:The Associated Press","us treasuries prices were modestly higher in quiet trading, partially reversing friday's selloff. with little economic data and reduced liquidity, activity remained subdued. the fed's report on manufacturing and economic activity showed a negative reading, but had no noticeable impact on the market. friday's selloff was a surprise, despite favorable bond-friendly data. hedge funds and money managers were buying treasuries, and the market is in recovery. overall, market commentary suggests a neutral stance for the remainder of the week.",113,positive
2007-11-12 14:23:23+00:00,"cnbc, Articles, Citigroup Inc, Barclays PLC, HSBC Holdings PLC, UBS ETF (CH) - SBI  Domestic Govt 1-3 (CHF) A-dis, Markets, Bonds, Credit Market, source:tagname:Reuters","analysts predict that worldwide banks could incur subprime mortgage losses of up to $325 billion, with at least 25% of risky home loans expected to default. deutsche bank securities estimates losses between $20 billion and $30 billion, while bear stearns analyst david hilder predicts losses of $15 billion to $25 billion. the escalating inflow of nonperforming loans in mortgage and commercial loan portfolios may worsen write-downs. banks like citigroup, merrill lynch, and wachovia have already written off $20 billion this year due to increasing foreclosures and a decline in investor interest in risky debt. analysts forecast that large banks and brokerages may suffer losses of $30 billion to $40 billion, with barclays, hsbc holdings, royal bank of scotland group, and ubs needing to write off $10 billion each. merrill lynch may write off $15 billion, and bank of america corp. may write off $20 billion. the estimates assume default rates of 4-5% and loss rates of 10-15%.",221,negative
2007-09-12 04:25:04+00:00,"cnbc, Articles, Wires, source:tagname:Reuters","chinese retail sales in august grew at their quickest pace in over three years, surpassing expectations. however, analysts believe the surge is largely due to higher inflation rather than underlying growth. retail sales, measured in nominal terms, increased by 9% yoy, matching the rise in consumer inflation to 2.8% yoy. economists point out that the figures are inflated by rising inflation and do not indicate a significant acceleration in real terms. china aims to reduce reliance on exports and encourage domestic consumption to drive economic growth, but a recent epidemic among pigs is expected to hinder spending in rural areas. nonetheless, the overall data suggests that consumption is playing a greater role in china's rapidly expanding economy.",142,positive
2007-10-29 12:54:58+00:00,"cnbc, Articles, Companies, source:tagname:Reuters","statoilhydro, the norwegian oil and gas company, reported lower operating profit due to decreased output and higher costs. despite currency gains boosting net profit, the company remains cautious about production targets. oil and gas output fell by 2%, echoing industry trends seen at shell and bp. earnings before interest and tax fell to 7 billion crowns, worse than expected by analysts. chief executive helge lund expects production to be at the lower end of the target. statoilhydro agreed to become a partner in the russian shtokman gas field, with costs yet to be paid. statoilhydro's shares have surged since mid-august.",136,negative
2007-03-16 06:24:33+00:00,"cnbc, Articles, Business News, Economy, US Economy, US: News, source:tagname:Reuters","china aims to rein in bank lending and reduce its trade surplus, according to senior officials. the central bank governor, zhou xiaochuan, stated that further controls would be imposed on bank lending to prevent excessive speculation and ensure macroeconomic stability. lending data released this week raised concerns of a new round of speculative investment. commerce minister bo xilai acknowledged the large trade surplus in february and noted that measures would be taken to trim exports and increase imports. the surplus reached $103 billion, exceeding expectations. zhou also emphasized the need to monitor inflation closely but did not provide specifics on potential interest rate hikes.",123,negative
2007-11-06 14:57:02+00:00,"cnbc, Articles, Companies, source:tagname:Reuters","commerzbank's third-quarter net profit increased but fell short of expectations due to a write-down on its subprime investments. the german bank also confirmed that ceo klauspeter mueller would step down in may, with martin blessing set to replace him. commerzbank posted a net profit of €397 million ($432 million) after writing down €288 million on assets exposed to risky mortgages in the us. despite the subprime losses, commerzbank's shares rallied and outperformed other european banking peers. however, the bank still faces concerns about its subprime exposure, with shares trading at a discount compared to its peers. analysts at equinet believe the discount is unwarranted given the bank's earnings prospects.",164,negative
2007-07-27 14:09:37+00:00,"cnbc, Articles, Applied Materials Inc, American Software Inc, ANADIGICS Inc, Peabody Energy Corp, Cumulus Media Inc, Cisco Systems Inc, Dell Inc, HP Inc, Immersion Corp, Intel Corp, Pfizer Inc, RPM International Inc, Riverbed Technology Inc, CNBC TV, Mad Money, source:tagname:CNBC US Source","jim cramer suggests buying pride international, an attractive contract driller. for tech companies, he recommends riverbed technology, cisco, hewlett-packard, or dell over american software. as for coal, cramer thinks peabody energy is not a good investment due to lack of government support. on the other hand, foundry networks is a strong stock in the current environment, while rpm international is unlikely to perform well. for tech stocks, cramer advises holding onto anadigics and buying applied materials as it moves into solar. he advises selling immersion, cumulus media, and intel, while swapping pfizer for schering-plough. cramer is bullish on hewlett-packard.",142,positive
2007-10-03 03:48:34+00:00,"cnbc, Articles, Business News, Finance, Deals & IPOs, source:tagname:Reuters",blackstone apax eye weather investments stake wsj blackstone group and apax partners worldwide are frontrunners to buy a minority stake in weather investments spa a telecom holding company controlled by egyptian billionaire naguib sawiris the wall street journal reports the purchase price could total  billion euros us billion the journal said citing people close to the talks other possible buyers include tpg capital the sources said sawiris in an interview told the paper he had planned to take his company public but now was more inclined to sell a  to  stake a sale which could value weather at more than  billion euros could happen as early as the next few weeks he said proceeds could be used to pay down debt or for new acquisitions he said in the journal interview one business in his sights is frances bouygues telecom part of the bouygues group the paper said weather owns italys wind telecomunicazioni greek wireless operator wind hellas telecommunications and a  stake in orascom telecom holding the middle east and africas largest telecom company by customers,206,positive
2007-02-16 15:23:11+00:00,"cnbc, Articles, CNBC TV, Squawk on the Street, source:tagname:CNBC US Source",farmer eyes king corn investments the corn kernel is king right now declared ed williams hes a fifthgeneration iowa city farmer and hes determined to seize the day on the ethanol and biofuel frenzy thats driven up the golden grains price nearly  over recent monthswilliams a member of the biodevelopment association told cnbcs carl quintanilla that his fellow agriculturists are watching the markets and demand carefully he said that previously the ratio of corn to soybean plantings were generally  now most farmers are plotting a  ratio the ramification for investors corn uses much more fertilizer so look for those products prices to rise too  and maybe a share boost for fertilizer makers like bungebut amid the euphoria williams is still the farm pragmatist he and his peers are protecting themselves against market vagaries via futures and options planning as to the frenzy over cornbased ethanol he muses that were taking advantage while its here  its not going to last forever,205,positive
2007-09-04 17:47:18+00:00,"cnbc, Articles, Political Capital, source:tagname:CNBC US Source","as summer comes to an end, political action is heating up in washington. president bush's top priority remains the iraq war, but he faces resistance from congressional democrats. the economy, specifically the mortgage crisis, is a new wild card that could lead to bipartisan cooperation. republicans are eager to battle democrats over taxes and spending to reclaim their brand. the upcoming elections are becoming the focus, with republican candidates walking a tightrope between distancing themselves from the white house and pleasing the republican base. can fred thompson be the reagan heir, and can barack obama sharpen his change message to win against hillary clinton in the democratic primary?",130,positive
2007-08-16 21:27:50+00:00,"cnbc, Articles, CNBC TV, Fast Money, source:tagname:CNBC US Source","stock market experiences a significant drop due to credit crisis, erasing year-to-date gains for the s&p. traders avoid holding stocks overnight, making the final hour of trading risky. countrywide's stock plummets on a merrill downgrade and speculation of bankruptcy. bank stocks also decline, with concerns over goldman sachs and morgan stanley. warren buffett invests in bank of america. amgen rises after hours due to job cut plans. deere reports a surge in profit. berkshire hathaway purchases a stake in dow jones. buffett's stake in union pacific remains undisclosed.",124,positive
2007-04-16 18:58:07+00:00,"cnbc, Articles, CNBC Information and Policies, CNBC: News Releases, source:tagname:CNBC US Source",bussiness nation will air on april th a repeat of cnbcs business nation will air on wednesday april th at  pm and  am et  the original show aired on april thabout cnbccnbc is the recognized world leader in business news providing realtime financial market coverage and business information to more than  million homes worldwide including more than  million households in the united states and canada the networks business day programming weekdays from  am pm et is produced at cnbcs headquarters in englewood cliffs nj and also includes reports from cnbc news bureaus worldwide additionally cnbc viewers can manage their individual investment portfolios and gain additional indepth information from onair reports by accessing  of the media can receive more information about cnbc and its programming on the nbc universal media village web site at ,157,positive
2007-10-29 20:28:20+00:00,"cnbc, Articles, NYSE Euronext, BlackRock Inc, Business News, Finance, Banks, Financials, source:tagname:Reuters","merrill lynch ceo stan o'neal is expected to step down after misjudging subprime mortgage risk and presiding over the biggest quarterly loss in the brokerage's history. o'neal, the first african-american to run a major wall street firm, had an impressive career ascent, but his grip on the top job slipped due to the subprime mortgage crisis. merrill lynch diversified its businesses and expanded overseas under o'neal's leadership, but a series of bad bets on risky subprime loans led to a significant writedown and quarterly loss. o'neal's autocratic leadership style and reliance on industry benchmarks are cited as possible factors in his downfall.",141,positive
2007-05-09 00:39:49+00:00,"cnbc, Articles, Estee Lauder Companies Inc, BlackBerry, Johnson Controls International PLC, Walt Disney Co, ArcelorMittal SA, AK Steel Holding Corp, Howmet Aerospace Inc, CNBC TV, Fast Money, source:tagname:CNBC US Source","stock market rumors and speculation about buyouts in the steel industry have been circulating, but only a few have materialized. traders should be cautious and able to distinguish between fact and fiction. consolidation in the steel sector is a significant trend, with alcoa, ak steel, and arcelormittal all being mentioned. commercial metals company is recommended as a good investment due to the rise in nonresidential construction. walt disney reported positive earnings, driven by increased theme park attendance, leading to a favorable outlook for the stock. eric bolling advises buying tesoro shares following the sale of put options. a viewer suggests tyco as a potential buyout target for warren buffett. research in motion saw its stock surge as investors anticipated positive outcomes from carl icahn's influence on motorola. p. diddy's fragrance, ""unforgivable,"" has become the top-selling men's fragrance, but buying estee lauder stock is not recommended due to poor earnings. for comments or questions, email fastmoneyweb@cnbc.com.",220,positive
2007-11-14 12:23:16+00:00,"cnbc, Articles, Business News, Real Estate, source:tagname:Reuters","us mortgage applications increased last week, reaching their highest level in nearly a year. this surge is driven by low interest rates. however, economists warn that the data may be skewed due to borrowers submitting multiple applications to secure a single loan because of stricter lending standards. the average interest rate for 30-year fixed-rate mortgages rose slightly to 3.75%. mortgage applications for both home purchases and refinancing saw a significant increase compared to last year. despite these positive signs, the us housing industry still faces challenges and a delayed recovery is expected.",119,positive
2007-05-04 02:46:24+00:00,"cnbc, Articles, Business News, Economy, US Economy, US: News, source:tagname:Reuters","agl energy, australia's largest energy retailer, is considering a deal with macquarie bank to acquire the remaining stake in the alintaagl retail business. macquarie's initial bid was surpassed by investment firm babcock & brown's $8 billion cash and stock proposal. agl is also negotiating with babcock & brown for the retail business but hasn't made any agreements yet. alintaagl is a joint venture holding alinta's western australia retail and generation businesses. macquarie is still evaluating acquiring alinta and may use the funds from an agl deal to offer a cash return to alinta shareholders. babcock & brown's proposal includes a mixture of cash and stock. macquarie has until friday to return information on alinta but isn't required to submit an offer by then. babcock & brown has offered a cash and stock deal to alinta shareholders.",185,negative
2007-07-19 00:41:29+00:00,"cnbc, Articles, Business News, Economy, US Economy, US: News, source:tagname:Reuters","an explosion occurred in midtown manhattan, reminiscent of the 9/11 attacks, but officials quickly ruled out terrorism. the explosion was caused by a steam pipe, resulting in a plume of smoke and panic among pedestrians. the scene resembled buildings collapsing, causing fear among witnesses. concerns about asbestos being released into the air were raised, and decontamination measures were taken for those covered in debris. the explosion caused havoc during rush hour, and a wide area was evacuated. authorities clarified that it was not a terrorist incident, but rather a steam explosion. emergency responders, including firefighters, rushed to the scene. witness accounts initially suggested a building collapse, but police later clarified that it was not the case.",142,positive
2007-03-08 17:48:36+00:00,"cnbc, Articles, Business News, Economy, US Economy, US: News, source:tagname:The Associated Press",telecom italia reports  decline in net profit telecom italia said thursday that fullyear net profit fell  on declining margins and tighter competition in the domestic wireline marketitalys largest telecommunications operator said  net profit stood at  billion euros  billion from  billion euros a year earlier the result was slightly above the  billion euros  billion average estimate of ten analysts polled by dow jones newswiresit said fullyear revenue rose  to  billion euros  billion from  billion euros in  mainly driven by european broadband and brazilian mobileitalys former monopoly thursday confirmed its dividend policy proposing a  dividend of  euros  a share unchanged from a year beforetelecom italia which is coming off a management shakeup earlier this year is schedule to unveil its threeyear business plan on monday,143,positive
2007-04-16 17:48:42+00:00,"cnbc, Articles, source:tagname:CNBC US Source","an expert warns that the goldilocks economic scenario may be ending, particularly affecting the financial sector. richard suttmeier suggests investors lighten their positions, citing concerns about overvalued stocks and cracks in the facade. conversely, charles lieberman believes the market has further to go, highlighting attractive opportunities in sectors that have not participated in the rally. suttmeier dismisses the goldilocks outlook as outdated, citing inflation above the fed's target range and distress in the banking system. he predicts warning signs will emerge when community and regional banks report an increase in delinquent loans.",125,positive
2007-12-17 18:20:49+00:00,"cnbc, Articles, Business News, Health & Science, Biotech and Pharmaceuticals, Pharmaceuticals, source:tagname:CNBC US Source",cancer study shows over  million deaths in  more than sevenandahalf million people  or about  people a day  will die of cancer this  thats the sobering new estimate from a firstofitskind global study out of the american cancer society the report says that nearly three million cancer deaths will occur in economically developed countries  and more than fourandahalf million in developing countriesthe publication also includes scary projections about tobaccorelated deaths  the acs estimates more than one billion people will die this century from tobacco use  a tenfold increase over the th century  some of the most devastating projections are in china where  million people smoke cigarettes  thats more than the entire population of the united statesthe study says stopping tobacco use in the developing world should be an urgent global health priority,151,positive
2007-07-26 21:45:46+00:00,"cnbc, Articles, Business News, Economy, US Economy, US: News, source:tagname:The Associated Press","port clerks and their employers at the largest port complex in the us, los angeles, reached a tentative agreement on a new contract, averting a potential strike. the deal includes a wage increase of 10% over three years, with an increase of 20 cents per hour in the first year and subsequent increases in the following years. the employers will also establish a $4 million trust fund to manage employee health, welfare, and pensions plans. a strike could have severely impacted shipping and cost billions of dollars. the agreement is subject to a vote by union members next week. both sides were pleased with the outcome of the negotiations.",126,positive
2007-07-18 18:09:35+00:00,"cnbc, Articles, Political Capital, source:tagname:CNBC US Source","john edwards, former north carolina senator, is drawing comparisons to robert f. kennedy as he focuses on poverty issues in his presidential campaign. despite criticism for his work with a hedge fund and his expensive haircuts, edwards aims to appeal to both upscale and downscale voters. however, he faces challenges as barack obama already fills the role of a charismatic candidate, hispanic voters lean towards hillary clinton, and the democratic electorate has shifted. edwards' viability will be determined by his third-quarter fundraising. he has support from business allies like telecommunications executive leo hindery.",116,neutral
2007-04-20 00:45:20+00:00,"cnbc, Articles, CNBC TV, Fast Money, source:tagname:CNBC US Source","shares of nokia surged after the company claimed to have gained market share from rival motorola, which recently reported a drop in sales. this decline led investor carl icahn to criticize motorola's performance. the fast money traders have mixed opinions, with pete najarian optimistic due to icahn's involvement, while eric bolling is less positive, citing competition from the iphone. jeff macke believes that without icahn's intervention, motorola's stock is unappealing. the traders disclose their ownership of various stocks and commodities.",113,negative
2007-01-18 19:57:17+00:00,"cnbc, Articles, CNBC TV, Power Lunch, source:tagname:CNBC US Source","the us house of representatives is voting on a bill that targets the oil industry with higher taxes, fees, and royalties. the bill would prohibit oil companies from receiving an income tax deduction and require them to renegotiate leases issued in error. it also imposes fees on nonproducing oil and gas leases in the gulf of mexico. the bill includes $10 billion for alternative energy development. one side argues for a focus on domestic production, while the other believes the bill sends a market signal to wean off oil addiction. the bill may need adjustments to pass the senate.",120,positive
2007-05-17 15:57:16+00:00,"cnbc, Articles, Comcast Corp, CNBC TV, Mad Money, source:tagname:CNBC US Source",sudden death v alignleftgeneral maritime  cramer likes the ceo peter georgiopolous and the  yield lets buy somebigband networks  waiting for some results from the comcast test you know i like that stock herequestions comments,49,neutral
2007-03-15 01:22:09+00:00,"cnbc, Articles, CNBC TV, Fast Money, source:tagname:CNBC US Source","gm's shares fall despite reporting a large profit, but jeff macke believes it could be a turnaround story. lehman brothers' shares also drop despite a record profit, prompting confusion from guy adami. hr block hits a low due to losses in their mortgage business. opec is expected to maintain current output levels. j crew's shares decrease, but jeff macke advises caution due to high inventory. amr sees increased put buying, possibly due to concerns about the airline industry. traders' disclosures reveal ownership of various stocks and commodities.",113,negative
2007-11-14 21:36:16+00:00,"cnbc, Articles, BlackRock Inc, Citigroup Inc, Goldman Sachs Group Inc, NYSE Euronext, Business News, Leadership, Business Strategy, CEOs, source:tagname:CNBC US Source","merrill lynch has appointed john thain as its new ceo after larry fink, ceo of blackrock, demanded a full accounting of merrill's subprime exposure. this decision surprised fink, as merrill had indicated that the job was his if he wanted it. thain, the former ceo of nyse euronext, will replace stanley o'neal, who stepped down after huge subprime-related losses. thain is known for transforming nyse into a global exchange and is seen as a good fit to revive merrill's morale and clean up its troubled investments. speculation surrounds fink as a possible replacement for chuck prince, who recently left as ceo of citigroup after substantial losses.",145,positive
2007-11-20 23:20:17+00:00,"cnbc, Articles, CNBC TV, Fast Money, source:tagname:CNBC US Source","stocks finished higher after the fed october minutes sparked volatility. financials fell, but volatility remained low. crude oil surged, and chevron was viewed as a good investment. target missed estimates, causing concern about the holiday retail picture. whole foods' profit slid, and it faces competition from tesco. google's stock jumped after credit suisse set a price target. microsoft was recommended as a safer investment. stem cell organ creation is still years away. oprah's favorite things list moved markets for williams-sonoma and deckers. traders' disclosures included ownership of various stocks and commodities.",127,positive
2007-02-27 00:21:45+00:00,"cnbc, Articles, CNBC TV, Mad Money, source:tagname:CNBC US Source",a chat with gsi commerces rubin cramer recommended ecommerce company gsi commerce as a christmas play now that the stock is up  since then the mad money maven is wondering if its time to take profits he got chairman ceo and president michael rubin on the phone to figure it outrubin notes that gsi is barely eight years old  and ecommerce for that matter is only  for that reason theres so much growth ahead of us he says the ceo predicts compstore sales will more than double the business over the next five years also an increase in new partners marketing services and internationalization are all contributing to the growth spurt cramer liked what he heard he recommends holding on to the stock  and buying it if it dips below  questions comments,152,positive
2007-11-19 13:33:13+00:00,"cnbc, Articles, Clorox Co, Business News, Finance, Banks, Financials, source:tagname:CNBC US Source","financial stocks should be avoided, according to an investment manager, as the credit unwinding is far from over. the chief investment officer of harbor advisory believes that the low point for financial securities will be reached through liquidations, which are yet to come. however, he makes an exception for berkshire hathaway, his firm's largest holding. he also advises caution with larger industrials, as the contraction of credit will slow the general economy. instead, he suggests investing in smaller, niche-focused technology stocks that can take market share and grow even in a stagnant market. consumer products stocks, such as clorox, are considered safe havens. the investment manager warns against basic material and commodity investments due to signs of overinvestment, similar to past bubbles.",160,negative
2007-04-30 06:55:55+00:00,"cnbc, Articles, Business News, Economy, US Economy, US: News, source:tagname:Reuters","italian oil and gas company eni has acquired upstream assets in the gulf of mexico from dominion resources for $3 billion. this acquisition will increase eni's production in the area to over 100,000 barrels of oil equivalent per day (boepd) by the second half of 2021. the purchase includes exploration assets worth $100 million, and approximately 70% of the leases are operated by eni. this deal allows eni to expand its activities in the gulf of mexico, boosting its output and maintaining its position as one of the few oil majors to avoid a decline in production. eni has been actively acquiring assets in recent times, including winning a $2 billion auction for yukos' assets and purchasing congolese assets for $1 billion from maurel et prom earlier this year.",163,negative
2007-07-05 00:57:16+00:00,"cnbc, Articles, CNBC TV, Fast Money, source:tagname:CNBC US Source",fast funds final call so what do the guys think is the best etf overalljeff macke says its the ewa the australian etf that services the explosion in china without all the volatility australia is a longterm growth story he says pete najarian loves the refiners and thinks pxe is the best etf to play them guy adami likes the german ewg for its financial and utilities spin eric bolling has two dividendyielding etfs the dvy as a domestic play and the pid for international exposure got something to say send us an email at fastmoneywebcnbccom and your comment might be posted on the rapid recap prefer to keep it between us you can still send questions and comments to trader disclosure on july rd  the following stocks and commodities mentioned or intended to be mentioned on cnbcs fast money were owned by the fast money traders macke owns dis najarian owns dndn eric hlt jnpr cbh immr najarian closed out of bidu today bolling owns dis t xom natural gas corn najarian owned hot on ,234,positive
2008-06-02 17:09:39+00:00,"cnbc, Articles, Business News, Finance, Banks, Financials, source:tagname:Reuters","the us economy still faces serious risks despite some improvement, according to dennis lockhart, president of the federal reserve bank of atlanta. lockhart mentioned that financial markets are still uncertain and there are risks of renewed instability. he expressed optimism for a gradual recovery in the second half of the year but highlighted concerns about an oil price shock, further financial market disruptions, and a severe housing downturn. lockhart also acknowledged elevated inflation, but predicted it would decrease as energy and food prices stabilize and economic growth remains soft, limiting firms' ability to raise prices.",113,negative
2008-10-22 20:53:13+00:00,"cnbc, Articles, DOW 30, Stock Blog, Markets, U.S. Markets, Market Insider, Trader Talk, source:tagname:CNBC US Source",commodities help bring new lows for nasdaq sp though it was another disappointing day note that the dow  was down  points at  pm et and then rallied  points into the close the sp  and the nasdaq  closed at new lows despite all the worries about redemptions and forced selling volume was notably light until the last  minutes it really was more of a buyers strike as bids simply got cancelled that changed a bit in the last  minutes as volume picked up a bit but  billion shares for the nyse is still moderate compared to recent activity the primary impetus for the weakness was a commodity selloff the dollar strength and global slowdown concerns created a negative feedback loop pension funds a worry with down marketcommodities today oil down  copper down  gold down  corn down  japans market deflation offset interest rate newsrecession will last at least two years roubinias a result the weakest section of the market was again commoditybased stocks and commodity based countries energy stocks down  commodity stocks down  brazil down  argentina down   the dow  at a glancequestions  comments  tradertalkcnbccom,215,negative
2008-12-05 02:12:17+00:00,"cnbc, Articles, Investing, Personal Finance, Savings, source:tagname:CNBC US Source","atm fees can be frustrating and costly. to avoid them, use atms from your own bank whenever possible. if there are no options, consider making a debit card purchase at a store and getting cash back. check your bank's website for atm locations or inquire about surcharge-free networks like allpoint, moneypass, or allianceone. occasional fees may not harm you, but if you're frequently charged, it's time to find alternative ways to access your cash.",104,positive
2008-06-13 15:56:23+00:00,"cnbc, Articles, Opinion, Blogs, Two Way Street, source:tagname:CNBC US Source",more coming from the real time front okay i would like to share some more good news for you stockaholics our realtime nasdaq quotes were so popular with many of you we decided to turn on the nyse quotes as well now you will get up to the second trading data on blue chip stocks like att general motors and general electric my corporate overlord along with the realtime quotes were giving on nasdaq stocks like microsoft and google now this added nyse realtime data comes through nasdaq as well we figured since we were already getting the nasdaq quotes through that exchange we may as well give you the data on nyse stocks traded through nasdaq as well since nasdaq is handling a substantial number of trades for nyse based stocks the quotes from the nasdaq track pretty closely with quotes from the nyse and of course the quotes from the nyse are available on a delayed basis as well were just trying to give you the best information available as always we may be making added tweaks down the road,214,positive
2008-03-05 23:11:17+00:00,"cnbc, Articles, Opinion, Blogs, Funny Business with Jane Wells, source:tagname:CNBC US Source",how the rich live dispatch from lax im flying to aspen where i will report live on thursday about homeowners who sell each other development rights to get past the  square foot limit for new homes because for some  square feet aint gonna cut it im about to take off from lax there are a lot of rich people on this plane wearing fur coats and talking about fundraisers i havent even unpacked from paris one woman declares in a rush people are talking very loudly on the cell phone to friends about dinner you know i dont eat seafood two other women are having this conversationi like your ring thanks its stephen webster its a good vibe color yes it helps your chi and they both laughed i feel like a schlub of course if they were truly rich they wouldnt be flying united express comments funny stories email,164,positive
2008-10-23 13:49:17+00:00,"cnbc, Articles, Street Signs, Opinion, Blogs, Guest Blog, source:tagname:CNBC US Source","the japanese prime minister, taro aso, advises against being overly concerned about daily movements in japanese share prices. japan's exports to the us have fallen and their trade surplus has shrunk, putting pressure on japanese stocks. standard & poor's has revised its outlook on russia's sovereign credit ratings to negative, citing increased costs of bank rescue operations and capital outflows. lower oil prices and a foray into a neighboring country also contribute to russia's problems. us senators schumer, reed, and menendez have asked the treasury department to establish guidelines for banks receiving government capital injections. the michigan congressional delegation plans to send a letter to the federal reserve chairman and treasury secretary, urging them to promote liquidity in the us auto industry. this government intervention in the financial sector and private sector could lead to slower economic growth in the long term. goldman sachs is expected to cut 10% of its workforce, and gm prepares for layoffs. the global recession is causing growing layoffs across different industries. merck and yahoo are slashing jobs, and the government is considering $800 billion to prevent foreclosures.",233,negative
2008-08-06 21:11:08+00:00,"cnbc, Articles, The Big Network - Your Direct Connection To The Big Idea, source:tagname:CNBC US Source","in his book ""display of power: how fubu changed a world of fashion, branding, and lifestyle,"" daymond john emphasizes the importance of power and the display of power. he believes that knowledge, leverage, and insight are forms of power. john recounts a story about a cab ride in vegas where a little old lady driving a powerful car unknowingly displayed less power than a young man in a similar car who embraced its power. this encounter made him realize that it's not just having power but also knowing how to use it that makes all the difference. john reflects on how we all have the same potential, but it's how we utilize and showcase our abilities that sets us apart.",145,positive
2008-06-09 16:46:43+00:00,"cnbc, Articles, Target Corp, Walmart Inc, Business News, Retail, Holiday Central, source:tagname:CNBC US Source","walmart's management has observed a shift in consumer behavior due to rising gas prices. while initially, high gas prices hurt sales, now they are attracting customers to walmart's stores. ceo lee scott attributes this change to two factors: improvements in the store experience and economic stress spreading from the bottom up. walmart has focused on enhancing its merchandise, retail operations, and customer service. the company intends to expand its healthcare and green initiatives to align with emerging trends and meet developing needs. despite past challenges in targeting middle-income customers, walmart remains confident that the current economic situation will drive these customers to their stores.",128,positive
2008-10-17 23:31:09+00:00,"cnbc, Articles, Allscripts Healthcare Solutions Inc, CNBC TV, Mad Money, source:tagname:CNBC US Source","allscripts ceo glenn tullman returned to mad money to address a recent drop in the company's stock, clarifying that it was due to an upcoming dividend payout, not a decline in business. allscripts recently merged with mysis plc, with the latter taking a stake in the former. tullman assured investors that the merger would not cause integration issues and that the company has a strong foundation for growth. tullman emphasized the company's commitment to its shareholders and its alignment with the democrats' healthcare cost-cutting plans. jim cramer remains bullish on allscripts.",125,negative
2008-06-26 12:05:08+00:00,"cnbc, Articles, Guest Blog, Kudlow's Corner, Opinion, Blogs, source:tagname:CNBC US Source","jerry bowyer, a guest on larry kudlow's radio program, questions the scientific support for the global warming hypothesis. he found that some surveys, which claimed scientific backing for global warming, included signatures from non-climatology experts such as pediatricians and gynecologists. bowyer suggests there may be a conflict of interest. he discovered a report by the national center policy analysis confirming these signatures on a letter released by ozone action, which was widely circulated in the media. although bowyer acknowledges he is not an expert in climatology, he believes there is an obvious weakness in the public policy argument for global warming. bowyer is a chief economist at benchmark financial network, a member of the kudlow caucus, and makes regular appearances on cnbc. he writes on finance and history for various publications.",169,negative
2008-07-18 17:59:33+00:00,"cnbc, Articles, Mylan NV, Actavis Inc, CVS Health Corp, Walmart Inc, Pharmas Market, source:tagname:CNBC US Source","israeli company teva pharmaceuticals, the largest generic drug company globally, is acquiring american company barr pharmaceuticals for $66.50 per share. this represents a significant markup from barr's previous stock price. the ceos of both companies had discussions during an industry conference in palm beach before finalizing the deal. barr's ceo bruce downey believes that the consolidation of the generic drug sector will continue, as many brand-name drugs are going generic and increasing competition. walmart and cvs caremark are driving hard bargains in the market.",112,positive
2008-01-24 16:35:23+00:00,"cnbc, Articles, Currencies, What Would Warren Buffett Do? - Timeless Strategies, Recession Worries Persist Despite Surprise Rate Cut, Some Basics About Investing In This Kind of Market, Markets, source:tagname:Reuters",the euro rose against the dollar due to strong german business confidence and comments from a european central bank (ecb) official suggesting no near-term interest rate cut. the increase in risk appetite also pushed down the dollar against high-yield currencies. the ecb remains focused on euro zone inflation despite the federal reserve's rate cut. the euro's recent weakness due to us economic concerns eased slightly with positive german corporate sentiment. the australian and new zealand dollars also benefited from the improved risk appetite. the us housing market turmoil confirmed market perceptions of an ongoing recession threat.,118,positive
2008-06-11 16:42:59+00:00,"cnbc, Articles, CNBC TV, Fast Money, source:tagname:CNBC US Source",trade school think global trade local  got something to to say send us an email at fastmoneywebcnbccom and your comment might be posted on the rapid recap if youd prefer to make a comment but not have it published on our website send your email to ,56,neutral
2008-05-27 23:10:21+00:00,"cnbc, Articles, Bank of America Corp, Companies, source:tagname:Reuters","bank of america announced on tuesday that it will increase its stake in china construction bank (ccb) by exercising part of its option to buy shares. the move will raise bank of america's stake in ccb to 11.8%. the shares will be purchased from chinese government body safe investment company, and the transaction is expected to be completed in june. bank of america's investment in ccb has proven profitable so far, as ccb stock has surged 85% since its ipo in october 2019. this news comes as bank of america is seeking to raise capital to cope with a weakening us economy and is in talks to take over countrywide financial, the largest us home lender affected by the mortgage slump.",148,positive
2008-05-07 22:43:32+00:00,"cnbc, Articles, Murphy Oil Corp, Otter Tail Corp, VeriFone Systems Inc, CNBC TV, Mad Money, source:tagname:CNBC US Source",sudden death murphy oil verifone and more murphy oil  i like murphy oilverifone  ever since that accounting debacle i dont want to get near that darn thingotter tail  use the weakness to buy wind powers realquestions for cramer questions comments suggestions for the mad money website madcapcnbccom,67,negative
2008-12-02 23:03:21+00:00,"cnbc, Articles, 3M Co, CNBC TV, Fast Money, source:tagname:CNBC US Source",trader radar  tuesday december nd q on fast moneys trader radar we look at the stock that was lighting up screens across wall street this firm was founded as a mining company in the small town of two harbors minnesota in  now its a leading maker of more than  products including duct tape optical film for tvs and postit notes but today the ceo should have made a note to remind him to hedge overseas exposure as a stronger dollar is eating away at international sales who is ita on the trader radar tonight were watching m  the maker of the postit and scotch tape was among the most active names on the nyse today,125,positive
2008-12-17 07:29:56+00:00,"cnbc, Articles, Europe News, Business News, Economy, World Economy, source:tagname:CNBC US Source",opening calls for europes major indexes more from cnbccomeuropean futures rise after fed cutlatest european business news,28,positive
2008-10-16 20:46:41+00:00,"cnbc, Articles, Holiday shopping, Dow Jones Industrial Average, S&P 500 Index, Howmet Aerospace Inc, Bank of New York Mellon Corp, Citigroup Inc, NASDAQ Composite, Costco Wholesale Corp, Macy's Inc, Microsoft Corp, Nokia Oyj, Target Corp, Raytheon Technologies Corp, CBOE Volatility Index, Walmart Inc, Altaba Inc, Wells Fargo & Co, JPMorgan Alerian MLP Index ETN, Exxon Mobil Corp, Holiday Central, U.S. Markets Top News, source:tagname:CNBC US Source","the dow jones industrial average closed higher after a volatile session. bargain hunting and the unwinding of hedged options contributed to the day's swings. economic reports showed mixed results, with flat consumer prices and falling factory activity. the market is discounting a recession, leading to a significant drop in stock prices. despite ongoing uncertainty, the dow closed up 1% at 10,015. the s&p 500 and nasdaq also gained. the cboe volatility index reached record levels, reflecting fear in the market. oil prices settled below $70 a barrel, and several banks reported quarterly losses. the tech sector saw mixed results, with nokia missing expectations but yahoo gaining amid microsoft acquisition rumors. united tech reported a rise in profits, and retailers bounced back after concerns about the upcoming holiday season. us and european leaders will meet to discuss global financial system reforms, and speculation about further rate cuts by the fed continues.",189,positive
2008-12-29 17:43:45+00:00,"cnbc, Articles, Investing, Personal Finance, source:tagname:CNBC US Source",introduction on the money thrival guide for   its time to put this last year behind us the market may have thrown a big monkey wrench into our money mix but with the new year comes new opportunities to take control of our money learn from past mistakes recover from a tough economy and build our own personal economies back up lets move away from just surviving like we did in  lets make  all about thriving for a special on the money thrival guide carmen and her team of experts help you do just that from fortifying investments to making it a truly debtfree year read on for the advice you need to take control of your money in  make it a debtfree new yearbuyer beware protect against insurance fraudthree ways to supercharge your savingsweb extra where to not put your money,160,positive
2008-05-15 13:36:35+00:00,"cnbc, Articles, Apple Inc, Netflix Inc, Investing, Earnings, source:tagname:Reuters","blockbuster, the largest us movie rental chain, exceeded expectations by posting a higher-than-expected quarterly profit. the company achieved this by implementing cost-cutting measures such as store closures, reduced advertising, and lower overhead expenses. although revenue fell short of expectations, selling, general, and administrative expenses were significantly reduced. blockbuster is repositioning itself to compete with new video distribution models offered by companies like netflix and apple. the company's total access program, which allows subscribers to exchange dvds at blockbuster stores for unlimited rentals, is now profitable. despite blockbuster's bid to acquire circuit city, some analysts remain skeptical about the strategic fit of the two struggling companies.",137,positive
2008-03-04 00:25:24+00:00,"cnbc, Articles, CNBC TV, Fast Money, source:tagname:CNBC US Source",the materials of a trade in mondays web extra pete najarian reveals where hes seeing put buying also why stocks are plunging in japan this content is only available online  you wont find these trades on tv got something to say send us an email at fastmoneywebcnbccom and your comment might be posted on the rapid recap prefer to keep it between us you can still send questions and comments to trader disclosure on mar   the following stocks and commodities mentioned or intended to be mentioned on cnbcs fast money were owned by the fast money traders macke owns intc atvi yhoo najarian owns aapl c etfc ms msft xlf najarian owns cop calls najarian owns yhoo and yhoo puts finerman owns gs finermans firm owns aapl msft tso yhoo bjs finermans firm is short iyr ijr mdy spy iwm finermans firm is short leh and owns leh puts charles schwab is a sponsor of fast money,211,positive
2008-09-09 16:06:02+00:00,"cnbc, Articles, Citigroup Inc, iShares Barclays Credit Bond Fund, General Electric Co, Goldman Sachs Group Inc, Hartford Financial Services Group Inc, Hatteras Financial Corp, Federal National Mortgage Association, Markets, source:tagname:CNBC US Source","the government takeover of fannie mae and freddie mac has sparked a renewed interest in bonds, particularly mortgage-backed securities (mbs). investors are also preparing to increase their purchases of corporate bonds and treasuries, as the government intervention has alleviated concerns about the security of these debt instruments. however, caution is advised, as there may be more trouble ahead for mortgages. corporate bonds, especially those from non-financial industries, are also seeing increased demand due to their attractive yields compared to the volatile stock market. financial institutions and real estate investment trusts have been the primary beneficiaries of the fannie/freddie bailout. overall, the bailout has brought clarity to the market and prompted investors to come off the sidelines.",153,positive
2008-03-18 01:15:41+00:00,"cnbc, Articles, Federal National Mortgage Association, Federal Home Loan Mortgage Corp, Goldman Sachs Group Inc, JPMorgan Alerian MLP Index ETN, Bear Stearns, Markets, U.S. Markets, Market Insider, source:tagname:CNBC US Source","on tuesday, the stock market remained steady despite the collapse of bear stearns. investors anticipate a substantial rate cut by the fed, with expectations shifting from a 0.75% cut to a 1% cut. two investment banks will report earnings, and the pricing of the visa ipo is eagerly awaited. the shares of financial institutions were under pressure, with lehman stock being hit the hardest. the fed's announcement of allowing investment banks to use its discount window brought stability to stock trading. deutsche bank's chief economist expects a full point rate cut by the fed. the market saw a decline in commodities prices, while treasury yields and the dollar weakened.",135,positive
2008-01-03 20:09:35+00:00,"cnbc, Articles, Pfizer Inc, Pharmas Market, source:tagname:CNBC US Source","pfizer's sponsored survey reveals that only 37% of ex-smokers in france, germany, italy, spain, and the uk who consulted with a doctor found it helpful in their quitting efforts. however, only 8% of the participants had actually sought medical advice. pfizer emphasizes the importance of seeking professional help to obtain prescriptions for their smoking cessation drug, chantix. the drug, marketed as champix overseas, is being heavily promoted through various advertisements. chantix sales have been strong, contributing positively to pfizer's product portfolio. however, concerns have arisen after reports of abnormal behaviors in some patients. the survey also highlights that health concerns and the cost of smoking were significant factors in the decision to quit among respondents. despite the recent decline in the stock market, pfizer's shares showed a slight increase, possibly due to investor interest and the attractive dividend.",188,positive
2008-08-29 15:25:24+00:00,"cnbc, Articles, Politics, source:tagname:CNBC US Source","investor jim rogers believes that neither presidential candidate understands the economy and their policies will likely create more problems. he criticizes obama's plan to spend money and increase debt, stating that it won't solve anything. rogers also criticizes the government's bailout of wall street, arguing that it protects friends in the financial industry and harms taxpayers. he doesn't expect the economic stimulus package to have long-term positive effects. ultimately, rogers predicts that the majority of americans will be worse off regardless of who becomes president, and the world as a whole will suffer.",119,positive
2008-06-30 12:33:47+00:00,"cnbc, Articles, Viacom Inc, Marvell Technology Inc, Time Warner Inc, General Electric Co, Walt Disney Co, Technology, Media, source:tagname:Reuters","pixar's ""wall-e"" and angelina jolie's ""wanted"" performed exceptionally well at the box office. ""wall-e,"" a robot love story, sold an estimated $63 million in tickets in its first three days and tied with ""monsters, inc."" as pixar's third-best opener. ""wanted,"" a violent assassination thriller, earned about $50 million, surpassing expectations. overall, the top five films grossed $164 million, the highest level of the year. ""kung fu panda"" and ""the incredible hulk"" also remained in the top five. ""wall-e"" received positive reviews, with critics praising its uniqueness, while ""wanted"" impressed with its comic book adaptation and performances. both films are set for international releases.",164,positive
2008-01-11 20:32:18+00:00,"cnbc, Articles, Big Idea: Road to CES, source:tagname:CNBC US Source",the blogger response to bug labs see what the ces bloggers thought about bug labsquestions comments bigideacescnbccom,28,neutral
2008-03-14 09:54:35+00:00,"cnbc, Articles, Tesoro Corp, Chevron Corp, Business News, Energy, Oil and Gas, source:tagname:The Associated Press","gas prices on maui, a popular hawaiian island, have reached a staggering average of $5 per gallon for regular gas. this is causing financial strain for residents and businesses who must cope by driving less, carpooling, or working more. the high prices are hurting taxi drivers and tour operators the most, with some considering trading in their vehicles or raising rates to compensate. hawaii, being the most oil-dependent state in the us, imports most of its crude oil and is sensitive to global oil price fluctuations. despite the high prices, tourists seem unaffected, but residents question why gas prices on maui are significantly higher than on neighboring islands. chevron, one of the major gas suppliers on the island, blames higher transportation costs and other factors for the price disparity. however, the company's spokesperson emphasized that the wholesale price difference is not as significant as perceived.",177,positive
2009-04-20 13:19:42+00:00,"cnbc, Articles, Cisco Systems Inc, General Electric Co, Business News, Economy, source:tagname:CNBC US Source","general electric (ge) ceo, jeff immelt, acknowledges that the economy is still difficult but notes signs of firming. he mentions that sequential appliance orders are firming and businesses are ready to invest again. immelt believes that companies need to make their own rallies and gain confidence in the system to pull out of the current situation. ge posted better-than-expected quarterly profit due to a strong performance in its energy operation. immelt acknowledges that financial services were tough, but they still made money. cisco's ceo, john chambers, also agrees that technology will play a key role in the recovery. he states that governments and companies are realizing the growth potential in technology and the smart use of electricity. both ceos emphasize the importance of businesses taking good risks for economic recovery.",164,positive
2009-02-18 05:06:58+00:00,"cnbc, Articles, CNBC TV, Mad Money, source:tagname:CNBC US Source",cramers selloff playbook as horrible as they may seem selloffs are inevitable cramer said but instead of panicking when a downturn happens investors should see opportunitytheres always a bull market somewhere and there are opportunities in every market thats especially the case during a correction because stocks go on sale when the market drops so instead of gnashing their teeth for not sidestepping a selloff  an amateurish pipedream cramer called it  investors should take the chance to buy great companies on the cheapthis is why cramer recommended having at least  of a portfolio in cash so investors are ready when its time to pounce if stocks have had a bigger run than usual meaning some type of correction could be coming  might be better the bottom line big declines will always happen but smart investors with readily available cash can take advantage of themquestions for cramer questions comments suggestions for the mad money website madcapcnbccom,183,negative
2009-07-14 20:07:09+00:00,"cnbc, Articles, Altera Corp, CIT Group Inc, Elite Pharmaceuticals Inc, Goldman Sachs Group Inc, Home Depot Inc, Hovnanian Enterprises Inc, Intel Corp, Johnson & Johnson, Prudential Financial Inc, AT&T Inc, Travelers Companies Inc, Spdr S&P Homebuilders Etf, Yum! Brands Inc, Dell Inc, Howmet Aerospace Inc, U.S. Markets Top News, source:tagname:CNBC US Source","stocks closed slightly higher as the positive start to earnings season was offset by a decline in bank stocks. financials surged on monday due to a bullish call from analyst meredith whitney, but were a drag on tuesday. economic data showed larger-than-expected gains in producer prices and retail sales, but these were largely driven by auto and energy sales. consumer growth remains weak due to rising unemployment. inflation expectations led to short-covering and bond performance. housing stocks showed resilience, with home depot and hovnanian enterprises gaining. johnson & johnson and goldman sachs reported better-than-expected earnings.",123,positive
2009-08-07 15:05:40+00:00,"cnbc, Articles, Companies, source:tagname:The New York Times","credit checks are increasingly being used by employers as a screening tool for job applicants. this practice has become common among companies, even for roles that don't involve financial responsibilities. while employers view credit checks as a way to assess judgment, job counselors argue that it may be unfair for the unemployed who are already struggling with debt. some states have proposed legislation to restrict the use of credit checks, but the majority of employers still utilize them. critics argue that credit checks can be a cover for discriminatory practices. there is currently no consistent legal protection against such discrimination. however, the equal employment opportunity commission is considering issuing guidance to employers on the proper use of credit checks.",137,negative
2009-09-15 09:05:26+00:00,"cnbc, Articles, Business News, Economy, Europe Economy, source:tagname:CNBC US Source","the us dollar's outlook is grim due to declines in response to the collapse of lehman brothers and the slashing of interest rates by the federal reserve. speculation is growing that the dollar may lose its status as the world's reserve currency. near-term, the dollar is expected to face more declines due to the low interest rates in the us. the situation will only improve with better economic news, which is not expected in the near future. over the long term, the dollar is expected to remain weak as it will take a significant amount of time to address the current deficits. the financial crisis has caused investors to become hesitant about holding dollar reserves. however, there has been a return of risk appetite on wall street, with lessons from the past year being forgotten. the us has not learned from the crisis and without addressing its core structural problems, the economic malaise will continue. the credit crisis is receding but the market's future performance is uncertain.",196,negative
2009-09-25 13:31:52+00:00,"cnbc, Articles, American Airlines Group Inc, Camden Property Trust, HP Inc, KB Home, US Airways Group Inc, Occidental Petroleum Corp, Sunoco Inc, Unilever NV, DOW 30, Stock Blog, Markets, U.S. Markets, Market Insider, Trader Talk, source:tagname:CNBC US Source","sp futures dropped as august durable good orders were well below expectations, and kb home's revenues fell as home deliveries and prices declined. sara lee rose after agreeing to sell its soap and personal care units to unilever. shanda games priced its ipo at the high end of the range, becoming the biggest ipo in the us this year. hewlett packard's guidance was not as strong as expected, while airlines and the refining sector received upgrades. some speculate about a long-awaited correction, but short interest continues to decrease.",113,positive
2009-07-06 19:41:44+00:00,"cnbc, Articles, Bonds, American International Group Inc, Bank of America Corp, Cisco Systems Inc, Goldman Sachs Group Inc, Markets, stocks, Stock Blog, source:tagname:CNBC US Source","strategists doug mackay and bill spiropoulos agree that the march market lows will hold, suggesting that now is a good time to invest in equities. they believe that there may be a 2-10% correction, but overall the market looks positive. mackay suggests focusing on cyclicality and buying the best during pullbacks, while spiropoulos recommends avoiding government bonds and fixed investments. their portfolio allocations include 30% equity, 30% managed futures, 30% currencies, and the rest in cash and equivalents. mackay favors healthcare and technology sectors, noting that technology has both cyclicality and secular growth. he only considers corporate bonds from cisco systems and goldman sachs, joking that they may be in better shape than the us government. disclosure information was not available for mackay, spiropoulos, or their companies.",171,positive
2009-01-15 20:58:24+00:00,"cnbc, Articles, Sunoco Inc, Valero Energy Corp, Fast Money, CNBC TV, source:tagname:CNBC US Source",terranova gasoline prices bottomed do lower crude prices mean lower prices at the pumpnot necessarily oil prices  fell more than  percent on thursday however the average price for a gallon of gasoline in the united states has risen for the first time since early july the national average for selfserve regular unleaded gasoline rose to  on january  up some  centsand fast moneys joe terranova thinks prices at the pump are going higher from here the crack spread used to be minus  dollars now its  bucks he sayshow should you trade itthe trade is to own the refiners counsels terranova own valero and sunoco they have good balance sheets and are not that reliant on creditand its worth noting that although gasoline prices are higher they are still less than half of what consumers paid in july when the average price reached an alltime high of  a gallongot something to to say send us an email at fastmoneywebcnbccom and your comment might be posted on the rapid recap if youd prefer to make a comment but not have it published on our website send those emails to cnbccom with wires,225,positive
2009-02-09 22:23:28+00:00,"cnbc, Articles, Business News, Retail, Consumer Goods, Consumer Nation, source:tagname:CNBC US Source","absolut vodka made history during the grammy awards by being the first spirits brand to air a commercial during the event. the ad aired in several cbs markets, marking a breakthrough for the spirits industry's attempts to advertise on major networks. absolut has been known for its innovative advertising, and their current campaign focuses on the idea of an idealized world. the ad received no resistance from cbs and its affiliates, possibly due to the iconic nature of the absolut brand. events like the grammys provide a mass audience for advertisers, and music is a key interest among absolut's target demographic.",131,positive
2009-04-22 19:49:03+00:00,"cnbc, Articles, General Motors Co, Business News, Transportation, Autos, source:tagname:CNBC US Source","the us government is considering converting a $1 billion loan to general motors (gm) into common stock, reducing the company's debt and giving taxpayers a significant stake in the struggling automaker. this move aims to obtain further concessions from gm's bondholders and the united auto workers (uaw) union, potentially avoiding bankruptcy. the government is pressuring the uaw to make concessions on gm retiree health benefits. if the loan is converted to equity, it reassures both groups that the company will not fail and that the stock will eventually have value. a new business plan for gm, reflecting the current economic environment, is crucial. if successful, bankruptcy could be avoided, but negotiations are ongoing, and terms of an offer could change. the uaw may have to accept stock instead of cash, despite the need for cash to cover retiree health care expenses.",177,positive
2009-10-22 17:23:03+00:00,"cnbc, Articles, S&P 500 Index, Alexion Pharmaceuticals Inc, Capital One Financial Corp, Goldman Sachs Group Inc, HP Inc, 3M Co, Microsoft Corp, Travelers Companies Inc, Wells Fargo & Co, McDonald's Corp, Fast Money, CNBC TV, Fast Money Halftime Report, source:tagname:CNBC US Source","stocks were searching for direction on thursday as investors digested positive earnings reports against negative economic news. while companies like m travelers and mcdonald's posted strong results, the number of workers filing new jobless claims increased. dick bove's negative comments on wells fargo were shrugged off by the bank, along with goldman and other banks, as they trended higher. investors are watching goldman closely as positive momentum in their shares could indicate a positive trend for the market. microsoft's earnings report on friday is also being closely watched, as the success of windows is crucial for the company. oil slipped below $70 on thursday as a stronger dollar prompted profit-taking. analysts believe the oil trade is currently more influenced by the dollar than supply and demand. it is becoming imperative to trade commodity markets based on the dollar's perspective.",168,positive
2009-03-14 01:41:48+00:00,"cnbc, Articles, Walmart Inc, CNBC TV, Mad Money, source:tagname:CNBC US Source","american italian pasta (aipc) is a top contender in both the private-label and brand-name pasta markets. as the largest dry pasta maker in north america and walmart's exclusive pasta supplier, aipc holds a strong position in the industry. the company's focus on developing private-label products, combined with declining raw costs, is expected to drive growth. despite its small market cap and limited analyst coverage, aipc's stock has seen a significant increase in value due to the demand for affordable food options. investors should consider entering the market before the anticipated benefits of lower wheat prices in the second half of the year. however, caution is advised, with limit orders recommended due to the stock's volatility. cramer's charitable trust owns walmart.",160,positive
2009-08-17 18:49:35+00:00,"cnbc, Articles, Business News, Economy, US Economy, US: News, source:tagname:CNBC US Source",cocaine traces found in up to  of us paper money up to  percent of paper money in the united states contains traces of cocaine according to a study by the american chemical society released mondayscientests analyzed currency in more than  cities in five countries and the us and canada posted the highest levels of contamination according to the study china and japan posted the lowest levels of contamination between  and  percenton a global level cocaine traces jumped almost  percent compared to a similar study conducted two years ago said yuegang zuo of the university of massachusetts in dartmouthim not sure why weve seen this apparent increase but it could be related to the economic downturn with stressed people turning to cocaine zuo said in a press releasethe scientists studied  bills from the us which came from  cities money from larger cities such as boston and washington dc contained the most cocainealthough a high percentage of the money was contaminated the amount was not significant enough to raise any health concerns zuo saidfor the most part you cant get high by sniffing a regular banknote unless it was used directly in drug uptake or during a drug exchange he said,220,positive
2009-10-30 17:26:09+00:00,"cnbc, Articles, Dow Jones Industrial Average, S&P 500 Index, Bank of America Corp, Goldman Sachs Group Inc, CBOE Volatility Index, Financial Select Sector SPDR Fund, CNBC TV, Fast Money Halftime Report, source:tagname:CNBC US Source","on the last trading day of the month, the dow and s&p dropped due to negative sentiment and weak consumer spending. the dollar strengthened, impacting equities. if the s&p closes below a certain level, it could signal further decline. market experts suggest being cautious and taking profits. the financial sector was hit hard, and buying opportunities in goldman sachs and best-of-breed commodities are seen. the us dollar rebounded, affecting crude oil prices. the correlation between a stronger dollar and a weaker market may be overdone. experts recommend dipping into commodities cautiously. some traders suggest moving to the sidelines, while others are selling or shorting.",137,negative
2009-11-27 20:53:23+00:00,"cnbc, Articles, Commodity markets, Currency markets, Bonds, SK Telecom Co Ltd, Microsoft Corp, Boeing Co, Currencies, Futures & Commodities, Markets, stocks, Stock Blog, source:tagname:CNBC US Source","us stocks ended flat on friday as investors grappled with the dubai debt news. alan valdes of kabrik trading and doug kreps of fort pitt capital group offered their portfolio advice. valdes believes the dubai frenzy will be short-lived and suggests waiting for key economic reports next week before judging the markets. kreps advises staying calm, as the global economy is still growing outside the us. kreps recommends stocks like microsoft, boeing, and kimberly-clark, which benefit from global growth. overall, both experts advise caution but remain optimistic about a year-end rally.",122,positive
2009-05-29 22:04:14+00:00,"cnbc, Articles, Invesco DB Agriculture Fund, Fast Money, CNBC TV, source:tagname:CNBC US Source","the hurricane season is approaching, and experts predict it could be worse than last year. to protect your portfolio, consider investing in commodities futures, such as soy and corn, or the powershares db agriculture fund. these options can help mitigate the effects of unpredictable weather on crops. additionally, some traders recommend email contact for further information.",70,negative
2009-04-01 14:20:14+00:00,"cnbc, Articles, Executive Careers, source:tagname:CNBC US Source","when faced with career decisions, consider the long-term impact. instead of just evaluating short-term factors like compensation and work-life balance, imagine the biographies of your potential selves in each scenario. research the industries you're considering and consider the required work and challenges. think about the risks and rewards of starting a business or taking a job. reflect on work-life balance and the legacy you want to leave. consider the obstacles and solutions in each scenario. by writing your biographies now, you can create a roadmap for your future and make conscious decisions. caroline ceniza-levine, co-founder of a career coaching firm, advises on these considerations for gen y professionals.",142,negative
2009-03-13 19:48:28+00:00,"cnbc, Articles, Nike Inc, Sports Biz with Darren Rovell, source:tagname:CNBC US Source",is it possible tiger needs to warm up when tiger woods returned from knee surgery a couple weeks ago it seemed a bit strange that virtually everyone thought he immediately would be in championship form  had there ever been an athlete in the history of sports who came back from surgery  after eight months off  with fewer questions about the future of his performancetelevision ads ran promos of his weekend appearance and nike  showed its consumers what tiger would be wearing then the worlds no  golfer lost in the second round of the wgcaccenture match play championship and didnt even make it to the weekend just a little rusty sure well give him a mulligan but weve been watching the leaderboard at wgcca championship in doral and it doesnt look good for tiger to win this one either through  holes today hes one under par and the current leaders jeev milkha singh and prayad marksaeng are  strokes ahead so were going ask the taboo question and maybe its a bit early is it possible tiger isnt as good as he was when he left questions  comments  sportsbizcnbccom,218,positive
2009-08-20 15:32:56+00:00,"cnbc, Articles, Business News, Economy, Europe Economy, source:tagname:CNBC US Source",french work the least in the world survey the french spend the least amount of time at work a new survey of  cities around the world by swiss bank ubs shows while the most hours are worked in cairo and seoulon average people in the cities surveyed worked  hours per year but in lyon and paris they worked  and  hours respectively in cairo they worked  hours while in seoul they worked  hoursthe richest workers are in new york and zurich where they would have to work nine hours to buy an ipod nano while workers in mumbai needed to work  ninehour days  nearly one months salary  to buy the gadgetcopenhagen zurich geneva and new york were the cities where employees had the highest gross wages in terms of the most expensive cities london fell from the top of the list to the st place because of the pounds devaluation the survey showedoslo is the worlds most expensive city now followed by zurich copenhagen geneva and tokyo while new york was on the list at number  slideshow most recessionresistant citiesan earlier version of this story misstated new yorks rank as an expenisve city,218,positive
2009-07-28 16:50:50+00:00,"cnbc, Articles, Bank of America Corp, Business News, Economy, US Economy, US: News, source:tagname:The Associated Press","democratic senators christopher dodd and kent conrad were informed by a countrywide financial official that they were receiving special vip deals on their mortgages, despite their initial denials. robert feinberg, who worked in the vip section of countrywide, testified before the senate ethics committee and provided information to republican investigators. both senators claimed they were unaware of the preferential treatment. dodd received two mortgages and conrad received two mortgages from countrywide, all of which they say they did not know were unique deals. the vip program was known as ""friends of angelo,"" referring to countrywide's ceo, angelo mozilo.",127,positive
2010-01-28 01:55:44+00:00,"cnbc, Articles, Nucor Corp, CNBC TV, Mad Money, source:tagname:CNBC US Source","cramer discusses the steel industry with nucor ceo dan dimicco. the industry is facing challenges due to the chinese economic slowdown and a lack of domestic orders in the us. nucor reported a better-than-expected q4, but compared to last year, sales prices and tons shipped are down, while capacity utilization is historically low. despite this, nucor has a good dividend yield. dimicco believes the recovery will be long and slow due to the bleak employment situation and the lack of job creation by the obama administration. cramer questions why earnings are weak despite rising prices. he also wonders if dimicco can provide any insights, given his meetings with the president.",140,negative
2010-08-24 15:11:41+00:00,"cnbc, Articles, Dow Jones Industrial Average, Dell Inc, HP Inc, Medtronic PLC, PAR Technology Corp, Pfizer Inc, Potash Corporation of Saskatchewan Inc., Scripps Networks Interactive Inc, CBOE Volatility Index, BHP Group Ltd, WPP PLC, Big Lots Inc, Apple Inc, U.S. Markets Top News, source:tagname:CNBC US Source","stocks recovered after a housing-induced slide, with some consumer and telecom stocks bouncing back. the dow jones industrial average was down slightly, led by boeing, caterpillar, and ge. existing home sales fell to their lowest pace in years, fueling concerns of a double-dip recession. chief economist david rosenberg argues that the us is entering a depression and believes that stimulus measures aren't working. joseph stiglitz warns of a double-dip recession in europe due to austerity measures. tech stocks, including apple, have underperformed, worrying market professionals. in other news, rio tinto may bid for a fertilizer maker, while pfizer's lung cancer treatment failed in a trial and borders' cfo resigned.",154,negative
2010-05-19 02:19:35+00:00,"cnbc, Articles, L Brands Inc, Ralph Lauren Corp, Target Corp, European Debt Crisis, Markets, U.S. Markets, Market Insider, source:tagname:CNBC US Source","the financial sector will be closely watched on wednesday as the us senate gets closer to a vote on banking reform and german regulators explain their surprise move to ban naked short-selling on bank stocks and sovereign debt. the ban caused the euro to fall to a four-year low against the dollar, and the dow finished down 67 points. some analysts believe the move was made by german officials to make the expected passage of the €110 billion euro bailout package more palatable to the german parliament. the ban will be in effect until march 2011.",111,positive
2010-02-23 21:03:25+00:00,"cnbc, Articles, Opinion, Blogs, Funny Business with Jane Wells, source:tagname:CNBC US Source","the dopeler effect, where stupid ideas seem smarter when rapidly presented, applies to social networking. people's desire to share every detail can be a dumb idea that seems smart due to its popularity. pleaserobme.com, a website created by dutch developers, tracks and posts announcements of people's absence from home. while the intention is not to encourage burglary, the website highlights the potential dangers of broadcasting such information. it advises caution about revealing one's address online, as friends may inadvertently disclose it. pleaserobme.com has received attention and is seeking support in raising awareness about online privacy. there are no reports of legal action against the website.",140,negative
2010-03-05 08:30:05+00:00,"cnbc, Articles, Business News, Finance, Banks, Financials, source:tagname:CNBC US Source","ping an insurance, china's top insurer, has stated that it is not concerned about prudential's plan to acquire aig's asia assets. chairman ma mingzhe believes that domestic insurers in china are competitive and foreign insurers still have much to learn. prudential's acquisition of aia, aig's asia unit, is seen as a big move in the insurance industry to tap into the growing demand for financial services in asia. ping an and china life, another major insurer in china, have both expressed that they are not interested in partnering with prudential for the bid. ma also mentioned that he believes domestic firms will continue to dominate the chinese insurance market. aia, which is 100% owned by aig, operates in china with special permission from beijing, which has been a concern for other foreign insurers seeking a larger share of china's insurance business. prudential already operates a joint venture in china with citic group.",207,positive
2010-08-19 19:18:53+00:00,"cnbc, Articles, BHP Group Ltd, Dell Inc, Intel Corp, PAR Technology Corp, Potash Corporation of Saskatchewan Inc., Xerox Holdings Corp, Exxon Mobil Corp, Business News, Finance, Deals & IPOs, source:tagname:CNBC US Source","this week saw a surge in mergers and acquisitions (m&a) activity, with intel's $7 billion bid for mcafee leading the way. the total value of global m&a deals this week reached $25 billion, the highest since mid-december. global m&a volume for this year has now reached $1 trillion, up 10% from the same period last year. us targeted deals alone amount to $504 billion, up 18% from last year. other notable deals this week include bhp billiton's $38 billion hostile bid for potash, new zealand's rank group's $4 billion bid for pactiv, and dell's $3.9 billion acquisition of data storage company, par.",154,negative
2010-03-19 17:05:37+00:00,"cnbc, Articles, Opinion, Blogs, Guest Blog, source:tagname:CNBC US Source","the ceo of dyson, sir james dyson, believes that both the us and uk economies are too reliant on selling services, particularly financial services. he argues that the threat to these economies is no longer low-cost manufacturing but high-tech and ideas. china has overtaken germany as the world's largest exporter, highlighting the shift. dyson has produced a report to shape politicians' thinking and has called for a greater emphasis on inspiring and investing in science, engineering, and design. he suggests reforms in education, funding for universities, access to capital, and tax credits for research and development. dyson believes that the uk can learn from their experience in encouraging growth and innovation. he emphasizes the importance of long-term investment in research and development and the need to support businesses with the right skills and resources. dyson has expanded globally, with the us as their biggest market, and calls for easier processes to enable other businesses to do the same.",197,positive
2010-10-08 14:47:13+00:00,"cnbc, Articles, Ford Motor Co, Harmonic Inc, Nissan Motor Co Ltd, Toyota Motor Corp, Fall of GM, Dow Transports, Business News, Transportation, Autos, Behind the Wheel, source:tagname:CNBC US Source","general motors (gm) is reportedly planning to change the name of its compact car, the chevy aveo, as part of its ongoing efforts to improve its image with american car buyers. this move comes despite the fact that aveo sales have been increasing this year, outperforming the industry average. critics argue that a name change alone won't have a significant impact on sales, and gm should focus on improving the car itself. this strategy is reminiscent of previous attempts by car companies to rebrand or change their image, such as ford's decision to kill the taurus line. ultimately, the key to selling more of a particular model lies in making that model the best in its class.",143,positive
2010-09-07 21:44:38+00:00,"cnbc, Articles, S&P 500 Index, Bank of America Corp, BHP Group Ltd, Freeport-McMoRan Inc, HP Inc, Intel Corp, Oracle Corp, US Bancorp, CBOE Volatility Index, United States Steel Corp, Industrial Select Sector SPDR Fund, McDonald's Corp, CNBC TV, Fast Money, source:tagname:CNBC US Source","stocks closed lower on tuesday as concerns over the financial health of europe and reports of potential capital needs for germany's largest banks weighed on investor sentiment. however, some believe the selloff is also due to technical factors, with many investors viewing the market as range-bound. traders recommend buying the dips and selling the rallies while keeping an eye on key stocks and the vix. industrial stocks led the market lower, but some see opportunities in copper and resource companies. banks were hit hard amid concerns of another capital raise. in other news, hp sued former ceo mark hurd and filed a complaint to prevent him from joining oracle, citing the potential disclosure of trade secrets. ubs downgraded hp and intel after hours.",148,negative
2010-03-04 17:05:29+00:00,"cnbc, Articles, Tech Check, Technology, source:tagname:The New York Times","facebook is increasing the number of ads it sells to big companies, but also features countless ads from smaller companies, some of which are funny, weird, or creepy. advertisers are trying hard to intrude on conversations within the social network, using personal information to create relevant ads. however, when ads go too far, they can seem creepy and off-putting. facebook's self-service ad system allows anyone to create and target ads based on demographics and preferences. although the ad quality is expected to improve, some users find the tailored ads presumptuous and irrelevant. facebook relies on user feedback to flag inappropriate content, but some ads slip through. facebook insists that it is enforcing policies to make ads more professional and straightforward.",152,negative
2010-07-26 14:19:22+00:00,"cnbc, Articles, AK Steel Holding Corp, Abbott Laboratories, Jabil Circuit Inc, NVIDIA Corp, Verizon Communications Inc, CNBC TV, Mad Money, source:tagname:CNBC US Source","cramer's latest investing thesis focuses on comeback stocks that have performed poorly in the first half of the year but are expected to rebound in the second half. some of these stocks include verizon, nvidia, jabil circuit, range resources, abbott laboratories, and ak steel. cramer believes that these stocks offer significant upside potential and recommends investors to consider buying them before they become widely known. each stock has a specific catalyst for its expected rebound, such as verizon's opportunities in wireless, nvidia's new revenue-driving products, and range resources' disclosure of its drilling practices.",125,positive
2010-09-28 02:47:37+00:00,"cnbc, Articles, Business News, Economy, World Economy, Asia News, source:tagname:CNBC US Source","pros say bond market rally is ending
 what is the best trade on treasurys dan greenhaus chief economic strategist at miller tabak and george goncalves head of us interest rates strategy in the americas at nomura securities shared their insightswere coming toward the end of a bond market rally that has been in motion for over  years goncalves told cnbcthe question is how long can rates stay low and does the fed have the ability to keep them anchoredgoncalves said investors should lighten up on their bond holdings and wait for yields to popgreenhaus viewin the meantime greenhaus said now is not a good time to short bondswe are shifting from the secular bull market in bonds into the next secular bearand timing that shift will be very difficult especially when you have every class of investor increasing their exposure to bonds and ben bernanke with an unlimited paper machine coming in and buying what will be at least  to  trillion worth of additional treasurys over the next couple of years",202,positive
2010-01-29 22:34:49+00:00,"cnbc, Articles, Fast Money, CNBC TV, source:tagname:CNBC US Source","the january barometer, according to gary kaminsky, suggests that january sets the tone for the rest of the year. it looks at the inflows into equity funds and how it influences people's investment decisions. the barometer has been right more than 80% of the time since the dow started trading. however, some traders, like karen finerman and joe terranova, are skeptical of this theory. finerman argues that the flow of funds can change quickly in extraordinary times, while terranova points out that following this theory last year would have resulted in missing out on gains. ultimately, opinions on the january barometer are divided among traders.",133,positive
2010-11-30 15:42:50+00:00,"cnbc, Articles, CNBC EVENTS, NetNet, source:tagname:CNBC US Source","the fbi has questioned a consultant from gerson lehrman group, the largest expert network firm. expert network firms provide information and insight about companies to investors and manage relationships between investors and company managers. the government is investigating these firms as part of a broader probe into insider trading. gerson controls two-thirds of the expert network market, making it a major player. the fbi's questioning suggests that the investigation extends beyond gerson to other clients and firms. gerson's clients have included prominent hedge funds, mutual fund companies, and private equity firms, but no specific investment banks are named. diamondback capital, which has already been raided by the fbi, is a client of gerson. it's important to note that no wrongdoing has been alleged against gerson or its employees in the investigation.
",167,positive
2010-05-05 17:16:33+00:00,"cnbc, Articles, Politics, source:tagname:The New York Times","several cash-strapped states, including arizona and california, are considering selling or leasing their state-owned office buildings and properties in order to generate much-needed revenue. in arizona, ownership stakes worth $735 million in state-owned buildings were sold to investors who will lease the buildings back to the state. california is also auctioning off a portfolio of state-owned office space. while these deals have faced political backlash and criticism, proponents argue that they provide a way to raise funds without resorting to tax increases. however, the overall amount of money raised from these deals is relatively small compared to the states' budget deficits.",129,positive
2010-11-12 18:28:03+00:00,"cnbc, Articles, CNBC Information and Policies, CNBC: News Releases, Press Releases, source:tagname:Business Wire","fitch ratings assigned an aa rating to new york lgac bonds, with a stable outlook. the rating is based on strong coverage and payment sources from the state sales tax. concerns exist about the state's reliance on nonrecurring measures during revenue weakening. the rating is equal to new york's general obligation debt rating due to the state's incentive to appropriate for lgac bonds. the ratings consider factors like the state's wealth and resources, but also concerns about the financial services industry. new york's financial position has been strained, with downward revenue estimates, significant budget gaps, and the phasing out of federal stimulus funds. the state has taken measures to ensure cash adequacy but must continue focusing on cash management. employment decline was less severe than the national average, but personal income performance has been weaker.",173,positive
2010-01-04 20:19:07+00:00,"cnbc, Articles, S&P 500 Index, Fidelity National Information Services Inc, Wynn Resorts Ltd, Thermo Fisher Scientific Inc, Mead Johnson Nutrition Co, Markets, U.S. Markets, By The Numbers, source:tagname:CNBC US Source",jan  unusual volume leaders what follows is a look at stocks in the sp   displaying unusual volume in todays trading session  some of the highlights include  wynn resorts wynn thermo fisher scientific tmo and scripps networks interactive sni  sp stocks trading at new week highssend comments tobythenumberscnbccombythenumberscnbccom,70,positive
2010-07-08 21:47:16+00:00,"cnbc, Articles, Diamond Foods Inc, Fast Money, CNBC TV, source:tagname:CNBC US Source","shares of diamond foods, a snack food company, have been trading near their all-time high, leading to speculation about a potential breakout. analysts are considering both technical and fundamental indicators to determine if the stock is poised for growth. if so, diamond foods may pose a threat to competitors like frito lay. investors are advised to watch an interview with diamond foods ceo michael mendes for more information. cnbc viewers can also share their comments on the stock. disclosure statements about ownership of various stocks and commodities were provided for the fast money traders.",110,positive
2010-04-07 18:18:38+00:00,"cnbc, Articles, Howmet Aerospace Inc, Alaska Air Group Inc, American Airlines Group Inc, Delta Air Lines Inc, JetBlue Airways Corp, Southwest Airlines Co, Ryanair Holdings PLC, Camden Property Trust, Inside American Airlines, Business News, Economy, US Economy, US: News, source:tagname:CNBC US Source","airlines are introducing more fees for items and services that used to be free, including charging for oversize carry-on bags. spirit airlines now charges up to $100 for one oversize carry-on bag. to offset this, they have reduced fares and checked bag costs. other airlines are also implementing additional fees, such as charging for inflight blankets and pillows, and even considering charging for restroom usage. jetblue is experimenting with a fee structure for extras like extra-legroom seats. the airline industry has been struggling with unpredictable fuel prices, a poor economy, and competition from budget carriers. passengers are advised to check each airline's fee structure before booking.",136,positive
2010-11-12 00:54:35+00:00,"cnbc, Articles, Business News, Economy, US Economy, US: News, source:tagname:AFX","briefpozens vimovo gets marketing nod in uk nov  reuters  pozen inc 
     says was notified by astrazeneca that marketing and pricing approval for 
      vimovo been granted in united kingdom 
     says will receive a  million milestone payment within  days 
     says confirming its  yearend guidance will be net income of  
      million 
     says yearend cash guidance is anticipated to be  million 
     bangalore equities newsroom     within us   
 
     
for more news please click here

copyright

copyright thomson reuters  all rights reservedthe copying republication or redistribution of reuters news content including
by framing or similar means is expressly prohibited without the prior written
consent of thomson reuters",121,positive
2010-07-19 21:52:34+00:00,"cnbc, Articles, Earnings, Coca Cola Hellenic Bottling Co SA, Delta Air Lines Inc, Halliburton Co, Hasbro Inc, International Business Machines Corp, Tupperware Brands Corp, Texas Instruments Inc, Zions Bancorporation NA, Investing, source:tagname:CNBC US Source",earnings roundup july  what follows is a roundup of corporate earnings reports for monday july dow component ibm is expected to report after the bellcompanies that reported before the bell include delta airlines halliburton and hasbrobefore the belldelta airlinesthe airline  reported  cents a share on revenue of  billionread full storyget realtime quotes for delta airlineshalliburtonthe oil services company  delivered earnings of  cents a share on revenue of  billionread full storyget realtime quotes for halliburtonhasbrothe toy maker  posted earnings of  cents a share on revenue of  millionread full storyget realtime quotes for hasbroafter the bellibmthe technology services company  posted earnings of  a share on revenue of  billionread full storyget realtime quotes for ibmtexas instrumentsthe semiconductor maker  delivered earnings of  cents a share on revenue of  billionget realtime quotes for texas instrumentstupperwarethe container maker  reported earnings of  cents a share on revenue of  millionget realtime quotes for tupperwarezions bancorpthe bank  posted a loss of  cents a share on revenue of  millionget realtime quotes for zions bancorp earnings data from thomson reuters excludes extraordinary items,245,positive
2010-06-28 18:32:18+00:00,"cnbc, Articles, BP PLC, Alphabet Class A, Opinion, Blogs, Pony Blog, source:tagname:CNBC US Source","youtube has introduced a new feature that allows users to overlay a nonstop vuvuzela buzz over the sound of their videos. this feature is activated by pressing a soccerball-shaped button in the bottom right corner of the video player. it can be applied to any video, including those featuring the president or popular personalities. however, this feature is only available for the most recent videos. users can sort their search results by upload date to find videos that support this feature. for further inquiries, users can contact ponyblog@cnbc.com or leave a comment below the article.",121,positive
2010-03-03 23:03:07+00:00,"cnbc, Articles, Children's Place Retail Stores Inc, Fast Money, CNBC TV, source:tagname:CNBC US Source","karen finerman recently faced a tough decision when she sold her successful trade in children's place, highlighting the challenges investors face when selling a winning trade. fast money traders owned various stocks and commodities, including soybeans, treasuries, and companies like agu, c, intc, msft, nue, btu, iyr, ijr, mdy, spy, iwm, uso, ung, aapl, bac, ggwpq, goog, mil, osip, tgt, wfc, and wmt. some individuals and their partners had ownership or options positions in abk, astm, ba, bac, bgp, c, cost, csco, pfe, prst, v, wmt, faz, chlg, hsp, nwsa, nxst, nyx, pde, rdc, tlm, tol, xrx, sds, and qqqq. brian kelly's kanundrum capital owns tm, while jared levy's peak investments owns and has options positions in a.",239,positive
2010-11-08 18:36:52+00:00,"cnbc, Articles, Politics, source:tagname:The Associated Press",chirac to be tried in second corruption case officials say former french president jacques chirac has been ordered to stand trial in a second corruption case regarding his  tenure as paris mayor chirac already is set to be tried in march in one city hall phony jobs scandal the judicial officials said monday that a judge in the paris suburb of nanterre has ordered him to also be tried for illegal conflict of interest in a similar case the officials spoke on condition of anonymity because of judicial policy in the new case chirac has faced questions about seven jobs at his former conservative party that were improperly paid for by city hall or by construction companies the two cases against chirac could be tried at the same time chirac has denied any wrongdoing,150,negative
2010-02-03 17:47:30+00:00,"cnbc, Articles, Dennys Corp, Companies, source:tagname:CNBC US Source",dennys no such thing as a free lunch think again main streets slow economic recovery has one restaurant chain handing out a free meal to its customersagaindennys a familystyle franchise is giving away a free original grand slam meal which includes two eggs two sausages links two strips of bacon and two pancakes on tuesday feb  as a way to give back to his customers who are still facing economic hardships nelson marchioli the ceo of the dennys franchise told cnbc wednesday my belief is we are still suffering my customer is still suffering in this economy they are the ones who have lost jobs they are the ones who have lost their homes said marchioli wall street may be in recovery main street is not in my opinionmarchioli said more than  percent of dennys customers are blue collar workers who earn  or less in household income the company started the free grand slam meal program last year as a part of its marketing strategy about two million took advantage of the dennys free meal in  marchioli saiddennys will be promoting the free meal deal in a superbowl commercial on sunday feb ,222,positive
2010-07-08 18:10:10+00:00,"cnbc, Articles, S&P 500 Retail Composite, Walmart Inc, Old Copper Company Inc, Williams-Sonoma Inc, Kohl's Corp, The Strategy Session, source:tagname:CNBC US Source","retail hedge fund manager david berman, founder of durban capital, has downgraded the retail sector for several reasons. firstly, walmart's dominance, representing a significant portion of sales, puts pressure on supermarket chains and discounters. secondly, the overall retail sector could turn negative by september due to various factors such as rising labor costs and slow electronic sales. thirdly, struggling drugstores like walgreen and cvs caremark are also experiencing challenges. however, not all hope is lost, as retailers like williams sonoma and the shoe industry are seeing positive results. berman emphasizes the importance of analyzing inventories in relation to sales.",131,positive
2010-07-15 21:28:41+00:00,"cnbc, Articles, Microsoft Corp, Altaba Inc, Alphabet Class A, Investing, Earnings, source:tagname:CNBC US Source","google reported lower-than-expected earnings in the second quarter, causing a drop in its shares. the company's spike in expenses offset a  percent revenue jump. despite this, google managed to surpass targets for net revenue and beat wall street revenue expectations in five of the past seven quarters. the company has been investing heavily in research and development and expanding into new products and markets. google's net earnings in the second quarter were  billion, up  percent from last year. marketers paid more for online ads, indicating an improvement in the overall economy.",113,positive
2010-08-04 17:41:20+00:00,"cnbc, Articles, Agrium Inc, Belo Corp, BP PLC, Walt Disney Co, Diamond Offshore Drilling Inc, First Solar Inc, Goldman Sachs Group Inc, Interpublic Group of Companies Inc, Ionis Pharmaceuticals Inc, Measurement Specialties Inc, Mosaic Co, Twenty-First Century Fox Inc, Omnicom Group Inc, Occidental Petroleum Corp, Potash Corporation of Saskatchewan Inc., BlackBerry, Schneider Electric SE, TJX Companies Inc, Viacom Inc, Spdr S&P Retail Etf, Apple Inc, McDonald's Corp, VanEck Oil Services ETF, CNBC TV, Fast Money Halftime Report, source:tagname:CNBC US Source","goldman sachs is considering spinning off its proprietary trading operations due to new regulations that limit banks from using their own money in financial markets. one option is to create a hedge fund staffed by former goldman traders, using goldman's money initially and then transitioning to third-party money. another possibility is moving proprietary trading into the firm's asset management unit. analysts are bullish on goldman's stock, citing strong performance in the capital markets and technical indicators. in other news, blackberry faces potential bans in saudi arabia, uae, and india. retailers are performing well, with tjx being mentioned as a favorable stock. oil prices are rising, with positive implications for refiners. wheat prices are also increasing due to drought concerns in russia. bp reported progress in capping the well in the gulf, but bp stock is still not recommended. media earnings are anticipated to show a broad recovery, and stocks like omnicom and interpublic are mentioned as good investments. finally, burger king was downgraded, while first solar and pactiv are experiencing positive options action.",221,positive
2010-07-08 17:36:53+00:00,"cnbc, Articles, Arrow Electronics Inc, Berkshire Hathaway Inc, Dominion Energy Inc, DaVita Inc, General Electric Co, Goldman Sachs Group Inc, International Business Machines Corp, Lorillard Inc, Altria Group Inc, MSG Networks Inc, Reynolds American Inc, Fast Money, CNBC TV, Fast Money Halftime Report, source:tagname:CNBC US Source","investors are returning to the basics and focusing on strong fundamentals amidst unclear market trends and volatility. patty edwards likes arrow electronics, trading at a low multiple of forward earnings. steve grasso recommends tobacco stocks like altria group due to high dividend yields. brian kelly is turning to the utility space with dominion resources. guy adami suggests ibm, considering their solid balance sheet and cash on hand. stifel nicolaus downgraded berkshire hathaway, citing macroeconomic conditions and their exposure to the us economy. davita, a kidney dialysis provider, faces headwinds with potential spending cuts on medicare. lebron james is set to announce his free agency decision, with hopes of new york knicks fans and investors in madison square garden. in the market close, brian kelly and steve grasso remain sellers, while patty edwards has a short-term outlook.",178,positive
2011-01-27 22:45:01+00:00,"cnbc, Articles, Davos 2011, Business News, Economy, source:tagname:CNBC US Source",six years before us jobs will come back clinton it will take six years to bring us employment back from prerecession levels president bill clinton told cnbc thursday theres a lot of money in america that could be reinvested said clinton speaking from the world economic forum in davos switzerland about the us job situation the former president has organized a jobs forum in june in chicago he said there are people and companies all over the world who are willing to invest in america clinton had praise for germany which has maintained an unemployment rate two points below that of the us in part because germany has been successful selling to china and other growth marketsthe former president also said that the federal governments stimulus programs such as tarp and the bailout of automobile companies have been successful because companies were saved and taxpayers got their investment back,162,positive
2011-08-26 15:09:31+00:00,"cnbc, Articles, Commodity markets, U.S. dollar, Futures & Commodities, U.S. Dollar, DOW 30, Markets, U.S. Markets, Market Insider, Trader Talk, source:tagname:CNBC US Source","federal reserve chairman, ben bernanke, delivered a speech emphasizing the need for the executive and legislative branches to take responsibility for economic policies. he stated that the federal reserve had tools to provide additional monetary stimulus if needed. while the stock market initially reacted negatively, it made a modest comeback. bernanke also mentioned the european central bank, expressing confidence that they would address their own economic challenges effectively. traders appreciated bernanke's avoidance of new policy pronouncements, as they prefer true equity bulls and strong hands in the market rather than those influenced by quantitative easing.",118,positive
2011-02-18 00:01:57+00:00,"cnbc, Articles, Activision Blizzard Inc, GameStop Corp, Microsoft Corp, Nintendo Co Ltd, Sony Group Corp, Ubisoft Entertainment SA, Technology, Gaming, Video Games, source:tagname:CNBC US Source","video game sales in january were slow compared to the previous year, with software sales decreasing by 15% and overall industry sales down by 12%. however, these declines were better than some analysts had predicted. hardware sales also fell, but not as much as expected. retail stores like gamestop are losing market share to digital distribution platforms, which now account for 90% of the industry's revenue. catalog sales topped the charts in january, with ""call of duty: black ops"" and ""just dance"" as the bestselling games. the industry is hoping for a rebound with the release of new hardware products like the nintendo ds and potential price cuts later in the year.",138,negative
2011-04-14 15:32:26+00:00,"cnbc, Articles, First Solar Inc, Business News, Economy, US Economy, US: News, source:tagname:CNBC US Source",first solar down after shortseller comments  first solar shares  fell after shortseller james chanos said insider stock selling and executives leaving the company is never a good combinationyou are seeing patterns that short sellers love the president of kynokos associates told cnbc thursday  theres been enormous insider selling the chairman has gotten rid of most of his stock in the last year and a half and lots of people are leavingshorting is selling assets usually securities that have been borrowed from a third party with the intention of buying identical assets back at a later date to return to the lender short sellers like chanos want to profit from a decline in the price of the assets between the sale and the repurchasehe is short alternative energy in general he said some companies such as first solar have specific issues while others are affected by cuts in solar development subsidies in germany italy and spain the japanese nuclear disaster helped solar stocks a bit he said but solar is still a costly way to provide energy compared with natural gas and nuclear poweryou still need core power plants he saidhe is also shorting chinese residential real estate companies because he sees prices dropping in the major cities and building activity declining rather than accelerating,234,positive
2011-06-19 12:04:23+00:00,"cnbc, Articles, Business News, Economy, World Economy, Asia News, source:tagname:CNBC US Source","private schools are becoming increasingly expensive worldwide, with demand for exclusivity and quality on the rise. in countries like the us and uk, the cost of private education has grown faster than incomes. south africa's hilton college and china's yew chung international school of shanghai are among the most expensive private schools. france's ermitage international school and brazil's american international school of sao paulo also make the list. singapore's united world college southeast asia and the us' lawrence academy are known for their high tuition fees. geelong grammar school in australia and canada's appleby college are also expensive private schools. finally, switzerland's le rosey is renowned for being one of the most prestigious and expensive private schools in the world.",155,negative
2011-08-02 14:28:11+00:00,"cnbc, Articles, Goldman Sachs Group Inc, Deutsche Bank AG, American International Group Inc, Politics, source:tagname:The New York Times","the involvement of a senior lawyer at the securities and exchange commission (sec) in a major case involving goldman sachs has raised concerns about the revolving door between washington and wall street. adam glass, who now serves as cochief counsel at the sec, was previously involved in creating the very type of complex financial instrument that he is now responsible for regulating. mr. glass's role in the case could undermine the sec's credibility and highlight the lack of enforcement action against those responsible for the financial crisis. the issue of hiring regulatory officials with industry expertise is a contentious one, with arguments for both sides. while industry experts may have a better understanding of financial innovation, there are concerns about conflicts of interest and biases. the revolving door between government and industry is a well-documented phenomenon and raises questions about whose interests are being prioritized.",171,positive
2011-09-12 14:40:59+00:00,"cnbc, Articles, Special Reports, Healthcare 2011, source:tagname:CNBC US Source","cosmetic plastic surgery procedures in the us rose by 2% in 2020, reaching millions, according to the american society of plastic surgeons. while 80% of these procedures were performed on women, more men are also seeking cosmetic surgeries. the top ten most popular procedures include breast augmentation, rhinoplasty (nose job), eyelid surgery, liposuction, tummy tucks, facelifts, breast lifts, dermabrasion, botox, and breast implant removal. surgeon fees for these procedures have generally increased, with breast augmentation being the most popular procedure since 2006. the rise in cosmetic surgeries reflects the increased confidence and willingness of consumers to invest in self-improvement.",146,positive
2011-07-20 09:03:50+00:00,"cnbc, Articles, Business News, Economy, World Economy, Europe News, European Union, source:tagname:CNBC US Source","germany should consider accepting a downgrade to its aa-rated debt to help save the euro, according to charles diebel, head of market strategy at lloyd's. diebel argues that germany should weigh the cost of not helping against the catastrophic scenario of a eurozone breakup. a downgrade of germany's debt would result in a minimal basis points cut to its credit swaps, significantly better than the consequences of a eurozone breakup. diebel also suggests that smaller and more stable european economies like the netherlands, finland, and austria are worth investing in. furthermore, he believes that the current italian and spanish yields are not justified by fundamental factors. domestic investment in italy and the control it offers over the domestic market is seen as a relative strength compared to greece and other peripheral eurozone economies.",162,positive
2011-06-11 19:58:27+00:00,"cnbc, Articles, Politics, source:tagname:The Associated Press",weiner to take leave from house to seek treatment rep anthony weiner is asking for a temporary leave of absence from the house while he seeks professional treatment in the wake of his twitter scandal a spokeswoman for the new york democrat says he has left for professional treatment and will focus on becoming a better husband and healthier person spokeswoman risa heller says weiner wants the leave of absence so he can be evaluated and work out a course of treatment the statement doesnt say what weiner would be treated for just before the statement leading democrats demanded that weiner step down,117,positive
2011-03-02 13:08:52+00:00,"cnbc, Articles, ANSYS Inc, Bank of America Corp, British American Tobacco PLC, Citigroup Inc, Costco Wholesale Corp, Microsoft Corp, Philip Morris International Inc, Qlik Technologies Inc, Staples Inc, CNBC TV, Squawk on the Street, source:tagname:CNBC US Source",whats on big retailers big caps and big tobacco heres whats up on wednesdays squawk on the street big name retailers are set to report were talking about bjs wholesale costco and staples see how these guys did in the quarter that was and see how the stocks will react  its also widely held wednesday a day we set aside each week to talk about the big cap stocks stocks like microsoft bank of america and citigroupalso on our radar tobacco stocks several of them are really burning it up these days stocks like philip morris and british tobacco we have the ceos of two up and coming tech companies ansys makes engineering software qlick technologies helps data communicate with other kinds of data both stocks have really been moving recentlyalso on the big show do you think we really need corporate boards what do they really do were debating it with two people with some real inside knowledge about what its like to be on the board this after former goldman sachs  board member rajat gupta is accused of insider trading we want to hear from you on this one share your opinionthe fun starts live from the nyse at am sharp dont miss a minute of squawk on the street,238,positive
2011-09-19 18:16:00+00:00,"cnbc, Articles, Exxon Mobil Corp, Noble Energy Inc, Hornbeck Offshore Services Inc, Goldman Sachs Group Inc, CVR Energy Inc, Disclaimer, Bonds, Currencies, Futures & Commodities, DOW 30, Markets, stocks, Stock Blog, source:tagname:The Street","goldman sachs is bullish on four energy stocks, including noble energy, which it believes may rise by 20% in the next six months. the global investment bank also predicts that brent crude oil will reach $70 a barrel within a year. while economic growth slowdown has led to revised forecasts, the international energy agency still expects oil demand to surpass supply next year. select energy stocks are considered attractive due to industry consolidation, high growth rates in emerging markets, and outsized dividends. goldman sachs also highlights exxon mobil, cvr energy, and hornbeck offshore as attractive investment options.",124,positive
2011-01-28 18:32:12+00:00,"cnbc, Articles, CNBC EVENTS, NetNet, source:tagname:CNBC US Source","simon johnson, a former chief economist of the imf and financial commentator, is critical of the notion that the financial crisis was caused by affordable housing and fair lending policies. however, his critique is flawed because he fails to understand the arguments he is trying to summarize. johnson dismisses the claim that government policies aimed at increasing homeownership among the poor contributed to the crisis, but this does not imply that the poor are to blame. using an analogy of fishing regulations, johnson argues that blaming affordable housing policies for the crisis is equivalent to blaming small fish for harming ecosystems, which is nonsensical. in reality, the crisis was a result of misguided regulations, not the actions of the poor.",148,negative
2011-10-27 23:36:57+00:00,"cnbc, Articles, AMETEK Inc, CNBC TV, Fast Money, source:tagname:CNBC US Source",your first move for friday oct  as yet another day of trading is behind us heres how the fast money traders plan to tackle friday oct joe terranova chief market strategist at virtus investment partners recommends using a stop he didnt elaboratemetropolitan capital president karen finerman simply said shes selling upside calls  against her long positionscheck out ameteks  stock trader guy adami said the berwyn pennbased company makes electronic instrumentsclick here to see other final trade postsgot something to say send us an email at fastmoneywebcnbccom and your comment might be posted on the rapid recap prefer to keep it between us you can still send questions and comments to ,145,negative
2011-05-03 22:16:39+00:00,"cnbc, Articles, Howard Hughes Corp, St Joe Co, CNBC TV, Fast Money, source:tagname:CNBC US Source","whitney tilson, a top investor at t partners, recently shared his real estate investment plays in a live interview on cnbc's fast money. tilson is bullish on howard hughes corp (hhc), citing its potential for development and strong alignment with shareholder interests as top hedge fund manager bill ackman is the chairman. on the other hand, tilson is bearish on st. joe (joe), stating that the stock is overvalued and hasn't taken any impairment on assets that are currently selling at a fraction of their peak valuation. tilson's short position in st. joe is his largest.",132,positive
2011-03-31 10:00:22+00:00,"cnbc, Articles, CNBC TV, Europe: Television, EMEA: Press Releases, source:tagname:CNBC US Source",cnbc to launch on entertain deutsche telekoms tv platform london  march   cnbc the leading business and financial news channel today announced that it will be available on deutsche telekoms leading iptv platform entertain from  aprilcnbc will join the entertain package which is available to  million subscribers with highspeed dsl lines across germany  the agreement with deutsche telekom now means that cnbc reaches approximately  million households in germanyjustine powell vice president distribution emea at cnbc commented germany is an important market for the channel and this agreement is significant to grow the reach of the channel in germany on digital platformscnbc is already available via a number of digital satellite and cable providers but we see iptv as a key growth platform in germany added powellentertain  deutsche telekoms tv servicewith around  tv channels  titles   of which available in hd  in the online video store and in the tv archive around  national and international radio stations as well as interactive applications entertain is the undisputed leader of the german iptv market  around  million households have the option of subscribing to entertain via a highspeed dsl line entertain is available from eur  per month including tv and telephone connection or eur  per month including tv telephone and highspeed dsl flat rate  ends ,249,positive
2011-12-16 20:35:04+00:00,"cnbc, Articles, CNBC TV, Money in Motion, source:tagname:CNBC US Source","the strategist believes that the chinese yuan will continue to appreciate against the dollar due to central bank intervention and a gradual managed appreciation. he predicts a potential rise of five to seven percent. however, he is more cautious about the euro in the long term, but suggests buying it at current levels due to improved risk appetite and the need to cover short euro positions. he recommends buying the euro at a certain level, with a stop and target price. he anticipates the euro to reach a lower value in six months.",109,positive
2011-06-27 19:57:23+00:00,"cnbc, Articles, Commodity markets, U.S. dollar, Futures & Commodities, U.S. Dollar, DOW 30, Markets, U.S. Markets, Market Insider, Trader Talk, source:tagname:CNBC US Source","the stock market is responding positively to the possibility of a greek deal and a stronger euro. however, earnings expectations for the s&p 500 have not changed significantly in the past two months. the market is suggesting that these expectations may be too high, despite robust earnings growth in q1. energy and materials sectors have been driving much of the growth, but commodity prices are expected to moderate. traders are skeptical about whether this trend can continue in q2 and beyond.",95,positive
2011-09-26 22:57:13+00:00,"cnbc, Articles, Microsoft Corp, Alphabet Class A, Business News, Economy, US Economy, US: News, source:tagname:CNBC US Source","google's $12.5 billion acquisition of motorola mobility provides patent protection and enters the company into the smartphone hardware market. however, google stated that it will keep the hardware business separate and continue treating other phone makers using its android operating system fairly. google aims to leverage motorola mobility's patent portfolio to counter patent challenges it currently faces. executive chairman eric schmidt supports the recent overhaul of the us patent system but believes more improvements are needed. schmidt also highlighted that google operates differently from microsoft, as it makes decisions to address user problems and offers mostly free products.",114,positive
2011-03-30 22:28:14+00:00,"cnbc, Articles, Business News, Economy, US Economy, US: News, source:tagname:The Associated Press",small radiation found in washington state milk fda the environmental protection agency and the food and drug administration say that very low levels of radiation have turned up in a sample of milk from washington state but federal officials say consumers should not worrythe fda said such findings are to be expected in the coming days because of the nuclear crisis in japan and that the levels are expected to drop relatively quicklyresults from a march  milk sample taken from spokane wash show levels of radioactive iodine that are still  times below levels of concern set by the fda including levels set for infants and childrenthe epa said it is increasing the level of nationwide monitoring of milk precipitation and drinking water following the crisis at the japanese nuclear power plant,139,negative
2011-09-28 22:34:50+00:00,"cnbc, Articles, S&P 500 Index, iShares Latin America 40 ETF, iShares National Muni Bond ETF, CNBC TV, Fast Money, source:tagname:CNBC US Source","on thursday, the fast money traders provided their final trades. guy adami believes the market is going down and advises trading accordingly. steve grasso shares the bearish sentiment, warning about weakness in the s&p towards the end of the month. joe terranova suggests defensive measures with long positions in mub or lqd. the traders' disclosed holdings include various stocks and commodities. the contact information for comments and questions is provided.",90,negative
2011-01-27 21:57:03+00:00,"cnbc, Articles, Commodity markets, U.S. dollar, Campbell Soup Co, Kellogg Co, Mondelez International Inc, Futures & Commodities, U.S. Dollar, DOW 30, Markets, U.S. Markets, Market Insider, Trader Talk, source:tagname:CNBC US Source","sara lee's stock dropped by about percent after reports suggested that a sale of the company is unlikely. the board is considering selling parts of the company or breaking it up due to disagreement over price. food companies are facing inflation, which is a major concern. the rising cost of goods sold is impacting margins and leading to underperformance. sara lee has been rumored to be a target for a takeover, but the competitive nature of the food business and rising commodity costs make it a tough sell.",103,negative
2011-07-06 15:46:48+00:00,"cnbc, Articles, Dow Jones Industrial Average, S&P 500 Index, Bank of America Corp, Barclays PLC, Berkshire Hathaway Inc, Citigroup Inc, NASDAQ Composite, E I du Pont de Nemours and Co, Ford Motor Co, General Motors Co, JPMorgan Alerian MLP Index ETN, Netflix Inc, Qualcomm Inc, CBOE Volatility Index, Walgreens Boots Alliance Inc, Wells Fargo & Co, Apple Inc, U.S. Markets Top News, source:tagname:CNBC US Source","stocks rose slightly despite negative economic news and an interest rate increase in china. the dow jones and other indexes turned higher, with some banks slipping. energy and financial stocks declined while consumer staples gained. volatility is expected throughout the summer, but stability may improve by year-end. the ism non-manufacturing index fell below estimates, and planned layoffs increased. the euro weakened against the dollar, impacting bank stocks. apple chose qualcomm over samsung for its next-generation iphone parts. netflix declined after a downgrade, and oil prices fell. berkshire hathaway made a bid for citigroup's consumer lending unit. general motors gained on morgan stanley's best ideas list, and walgreens reported better-than-expected sales. mortgage activity dipped despite increased home loan requests. stocks were mostly flat following portugal's credit rating downgrade. president obama called for new economic talks at a town hall.",192,positive
2011-10-21 18:31:23+00:00,"cnbc, Articles, CNBC TV, Fast Money, source:tagname:CNBC US Source","this content discusses the performance of various stocks. harley davidson and mosaic had positive movements, with traders expressing different opinions on buying or selling. american express, disney, home depot, bank of america, and sandisk also experienced upward movements, with traders providing comments on their potential performance. traders recommended caution and waiting for stabilization before buying certain stocks. listeners were invited to share their thoughts via email.",80,positive
2011-07-01 08:15:16+00:00,"cnbc, Articles, Business News, Economy, World Economy, Asia News, source:tagname:CNBC US Source",will the us debt ceiling be raised by aug  republicans and democrats have until august nd to reach a deal on raising the  trillion debt ceiling the senate canceled its planned july  recess and lawmakers are racing against the clock to avert a debt default lawmakers have been unable to reach a consensus with republicans and democrats sharply divided over spending cuts and tax hikes republicans want democrats to agree to  trillion in spending cuts and not to hike taxes theyve walked out on talks led by vice president joe biden meanwhile democrats are looking at a scaledback deal which would raise the debt ceiling and buy enough time until after the  presidential election some analysts are worried that the game of brinkmanship between the two sides could lead to a default even if it is for a few hours ratings agencies have warned that such a technical default would hurt the uss triplea ratingtime is running out and we want to know whether you think theres enough political will for a deal to be done in time,192,negative
2011-01-12 18:01:38+00:00,"cnbc, Articles, Opinion, Blogs, Funny Business with Jane Wells, source:tagname:CNBC US Source",the most amazing press release ever funny business readers know how i feel about press releases sent to me which are either far outside the field of business news we are reaching out to gauge your interest in visiting the caribbean island of curaao in  or lacking pizzazz northrop grummandelivers th ln inertial measurement unittoday however i discovered the most amazing press release ever written by a man an apple and a dog pr professionals take note this is how to get attention click here to read the most amazing press release everquestions comments funny stories email funnybusinesscnbccom,121,positive
2011-08-19 16:24:06+00:00,"cnbc, Articles, CNBC TV, Top Videos, U.S. Business Day, Kudlow's Corner, Money & Politics, source:tagname:CNBC US Source",an interview with richard fisher richard fisher dallas fed president explains his dissent on two more years of a zero interest rate target he believes the fed has created enough liquidity but its tax and regulatory barriers that have blocked growth and job creation he also responds to gop attacks on the fed youre looking at a future treasury secretary here questions comments send your emails to lkudlowkudlowcom,78,positive
2011-08-28 02:22:08+00:00,"cnbc, Articles, Business News, Economy, US Economy, US: News, source:tagname:CNBC US Source","the weekend box office is expected to be impacted by hurricane irene, with at least  theater locations along the east coast closing. preliminary figures show a  percent decrease compared to last year. clearview cinemas and amc entertainment closed multiple locations, while three new releases, including ""colombiana"" and ""don't be afraid of the dark,"" were not projected to open strong. ""the help,"" a three-week-old release, is still expected to perform well. time warner cable suggested customers catch up on on-demand shows and movies due to the storm.",115,negative
2011-06-30 17:01:00+00:00,"cnbc, Articles, CNBC EVENTS, NetNet, source:tagname:CNBC US Source",housekeeping note email bankrutpcy  we just had to declare email bankruptcy deleting every email in our inboxes here at netnetif you sent us something in the last month or so and need a reply please feel free to reach out again,53,positive
2011-02-17 22:45:28+00:00,"cnbc, Articles, S&P 500 Index, CNBC TV, Fast Money, source:tagname:CNBC US Source","despite signs of increasing inflation, there is a trade opportunity to buy the u.s. dollar, according to societe generale director willie williams. williams suggests buying the dollar against the yen and the swiss franc, as he believes the dollar will benefit from potential rate hikes and a recovering u.s. economy. these positions can be held for one month. the market closed positively on thursday, driven by bullish sentiment. investors who agree with williams can find more details in the video.",101,positive
2011-03-30 20:25:57+00:00,"cnbc, Articles, Commodity markets, Currency markets, Bonds, Athenahealth Inc, Chipotle Mexican Grill Inc, Netflix Inc, OpenTable Inc, Apple Inc, Futures & Commodities, Currencies, DOW 30, Markets, stocks, Stock Blog, source:tagname:CNBC US Source","the current state of momentum investing is uncertain. chris gessel, executive editor of investors business daily, suggests being cautious when buying stocks as the market direction is unclear. in the third year of a recovery, after a major bear market, growth stocks tend to be more tied to the market's performance. the market is currently in an intermediate correction, with indexes not looking favorable. however, there are some positive signs with leading stocks performing well. some big movers like netflix, opentable, chipotle, and apple may not be suitable for new investments according to the oneil model. on the other hand, athenahealth is showing potential due to its accelerating sales and earnings. it is important to consider the exaggerated ties of growth stocks to the market when making investment decisions.",160,positive
2011-06-07 17:57:49+00:00,"cnbc, Articles, Healthy Business 2011, Opinion, Blogs, Funny Business with Jane Wells, source:tagname:CNBC US Source","blood sweat cheers (bsc) is a web platform aiming to get people out and engaged in fun and offbeat activities. unlike groupon, bsc focuses on unique experiences rather than discounts. the site sends daily emails to subscribers highlighting these activities, such as muddy obstacle course races, marathon training, bingo at hotels, and even ugly dog pageants. bsc plans to monetize through banner ads, sponsored articles, and potentially a group-buying arm. while site traffic is not a priority, subscriber growth is increasing by approximately 10% weekly. bsc aims to be a combination of daily candy, living social, and men's fitness, offering enjoyable experiences for like-minded individuals.",141,negative
2011-11-18 17:50:14+00:00,"cnbc, Articles, CNBC TV, Fast Money Halftime Report, source:tagname:CNBC US Source","crude oil prices are expected to be influenced by the european debt crisis and the situation in iran. traders anticipate a sell-off followed by a rally in the next few weeks. the focus on europe has diverted attention from iran, but when the attention shifts back to iran, prices are expected to rise. europe's poor outlook and china's expected slowdown will impact oil demand. oil stocks have not reflected the rising price of oil. some traders believe oil prices have a better chance of going up in the long term.",109,negative
2011-10-25 21:19:30+00:00,"cnbc, Articles, CNBC TV, Fast Money, source:tagname:CNBC US Source","investors are closely watching europe as a key summit takes place, hoping for a comprehensive plan to address the crisis. however, there are growing concerns that markets may be disappointed with the outcome. sony kapoor, managing director of redefine think tank, provides more details in a video. viewers can also send comments via email. the article includes a disclosure of stocks and commodities owned by various traders. standard & poor's ratings are mentioned, along with the disclaimer that they are opinions and not recommendations.",103,negative
2011-07-18 07:54:48+00:00,"cnbc, Articles, Harley-Davidson Inc, Business News, source:tagname:Financial Times","luxury motorbike sales in india are on the rise, driven by the country's growing affluent population and increasing demand for high-end goods. brands like ducati, suzuki, and harley-davidson have seen steady growth in sales since the indian government allowed the import of bikes with engine sizes over a certain threshold. bmw and triumph have also entered the market recently. while the premium bike segment remains niche due to high import taxes, manufacturers have sought to reduce costs by assembling bikes in india. analysts predict significant potential for growth in the premium bike market, although regulatory uncertainties pose challenges for foreign brands. despite the low number of units sold, high-profit margins make india an attractive market for premium manufacturers.",146,positive
2011-06-13 21:32:25+00:00,"cnbc, Articles, CNBC TV, Fast Money, source:tagname:CNBC US Source","eurozone leaders are meeting in brussels to discuss greece's debt crisis. the fx perspective suggests caution. westpac institutional bank's amelia bourdeau provides more details in a video. viewers can share their comments or email fastmoneyweb@cnbc.com. traders' disclosure includes owning stocks like aks, amd, ba, and jpm. finerman's firm is short iwm, mdy, and spy, but long sp puts and russell puts. terranova owns stocks like aapl, cat, and hpq, but is short dell. the article also lists ownership and positions of other individuals and firms.",135,positive
2011-02-07 23:10:42+00:00,"cnbc, Articles, S&P 500 Index, Howmet Aerospace Inc, Caterpillar Inc, Chevron Corp, E I du Pont de Nemours and Co, Walt Disney Co, General Electric Co, Pfizer Inc, Exxon Mobil Corp, CNBC TV, Fast Money, source:tagname:CNBC US Source","despite previous concerns of an overbought market, the bulls have pushed the s&p higher due to solid earnings and a flurry of merger news. this has led investors to view stock valuations as attractive, resulting in a shift from negative to positive sentiment. experts advise not to fight the market and believe that there is still potential for a significant move higher. furthermore, recent events, such as the riots in egypt, have shown that stocks did not slip lower despite negative catalysts, making investors more confident. in terms of the oil trade, the widening contango in oil suggests an abundance of oil above ground, and geopolitical concerns, such as the situation in egypt, can impact crude prices. experts predict that crude will likely reach $100 before it prints below $80.",161,positive
2011-09-07 14:51:39+00:00,"cnbc, Articles, American Airlines Group Inc, Citigroup Inc, Hartford Financial Services Group Inc, International Paper Co, PepsiCo Inc., Business News, Economy, US Economy, US: News, source:tagname:CNBC US Source","ceos express low expectations for president obama's upcoming job speech, citing lack of confidence in the government's ability to fix economic problems. they argue that removing regulations and providing incentives for businesses would lead to job creation. the ceos emphasize the need for consumer demand, tax reform, and responsible fiscal policy. they also discuss the trade-off between addressing deficits and unemployment. overall, ceos call for a pragmatic approach, emphasizing the importance of government support for small businesses.",101,positive
2011-05-19 17:45:37+00:00,"cnbc, Articles, Business News, Energy, source:tagname:CNBC US Source","despite an above-average hurricane forecast by the national oceanic and atmospheric administration (noaa), the energy market remains unaffected. traders believe that preseason hurricane forecasts are too early, broad, and do not accurately predict where storms will actually hit. noaa predicts 13 to 19 named storms and 6 to 10 hurricanes, with 3 to 6 of them being major hurricanes. however, energy prices have not been impacted as none of last year's major hurricanes affected key us oil or gas facilities. noaa's forecasts have a wider range compared to other forecasters, making them less influential. additionally, traders note that noaa does not forecast where storms will make landfall. overall, the current hurricane season forecasts have not influenced energy prices.",152,negative
2011-11-28 15:05:41+00:00,"cnbc, Articles, Business News, Small Business, source:tagname:The New York Times","entrepreneurship may seem like a remedy to corporate discontent, but the reality is often different. mike cleary left his job to become an entrepreneur, only to face difficult vendors, unreliable clients, and the challenge of finding loyal employees. the recent recession worsened his business's finances, leading him to return to established employment. prospective entrepreneurs should understand that office politics exist everywhere and clashes are inevitable. furthermore, starting a business entails finding a market niche, managing all aspects of the business, sacrificing work-life balance, and shouldering all responsibility. traditional jobs offer peace, prestige, and perks like stable income, organizational support, and career opportunities. moreover, established companies provide networking opportunities and valuable benefits. therefore, individuals should carefully consider the sacrifices and challenges before pursuing an entrepreneurial path.",162,negative
2011-11-17 11:50:06+00:00,"cnbc, Articles, Business News, Economy, World Economy, Europe News, source:tagname:CNBC US Source","despite the beating that stock markets have taken in recent months, an analyst suggests that they have become more resilient to upheavals, except for a complete breakdown of the euro zone. bond auctions have been successful so far, although a failure would be a setback. the ceo of quam asset management states that equity markets now appear resistant to anything but an utmost catastrophe, but acknowledges that there is still a long way to go in resolving europe's debt crisis. spain and france both had unimpressive bond auctions, leading to concerns that the crisis may engulf larger euro zone economies. while some believe the euro will survive with a few countries lost, others argue that the situation is so serious that even germany is at risk. german banks and companies are suffering, and the country may be entering a recession as a result of the european crisis.",176,positive
2012-04-05 06:53:57+00:00,"cnbc, Articles, Morgan Stanley, Goldman Sachs Group Inc, Citigroup Inc, Bank of America Corp, Business News, Economy, World Economy, Europe News, source:tagname:Financial Times","morgan stanley is in discussions with moody's to maintain its credit ratings and avoid a downgrade that could impact its ability to buy the rest of citigroup's brokerage, smith barney. morgan stanley owns a 51% stake in smith barney and has an option to increase its stake to 100% by the end of may. buying smith barney outright would depend on the price. if morgan stanley is downgraded, it would likely have to issue more expensive debt to fund the purchase. a downgrade would also require providing additional collateral for its derivatives business. morgan stanley is considering shifting its derivatives books to a higher-rated subsidiary to save costs. other major banks, including jpmorgan and goldman sachs, are also under review for downgrade. morgan stanley's joint venture with smith barney is a key component of its strategy to become less reliant on volatile trading operations.",180,negative
2012-10-01 12:30:00+00:00,"cnbc, Articles, Bank of New York Mellon Corp, Ukraine, Europe, New York City, New York, Massachusetts, Boston, North America, United States, Canada, United Kingdom, London, Press Releases, CNBC Information and Policies, CNBC: News Releases, source:tagname:PR Newswire","standish mellon asset management has hired raman srivastava as co-deputy cio and head of global fixed income. srivastava will be responsible for overseeing all global and non-us fixed income strategies and will report to david leduc, the chief investment officer. srivastava brings extensive experience in fixed income and will contribute to the growth of the company's investment team. standish mellon aims to develop innovative ways to meet client needs and strengthen their multisector capabilities. the firm manages approximately $600 billion in assets across various fixed income asset classes. bny mellon investment management is the parent company of standish mellon asset management and has $2.1 trillion in assets under management.",146,positive
2012-10-03 18:53:00+00:00,"cnbc, Articles, Connecticut, North America, United States, Wires, source:tagname:The Associated Press","the university of connecticut (uconn) is seeking a sponsor to secure naming rights for its planned basketball training center, rather than naming it after retired basketball coach jim calhoun. the facility, expected to cost over $35 million, will include practice courts, locker rooms, weight rooms, classrooms, a sports medicine center, and offices. uconn has already raised over $17 million for the center and is more than halfway toward its fundraising goal. calhoun, now a special assistant to uconn's athletic director, is also helping to raise funds for the center and hopes to involve former uconn players. the center aims to celebrate the history of uconn basketball and may include a dedicated locker room for basketball alumni.",149,positive
2012-10-03 06:01:00+00:00,"cnbc, Articles, Europe, Eastern Europe, Wires, source:tagname:Thomson Financial News","this update on the indicators of slovakia in october includes key interest rates, real gdp growth, foreign trade balance, unemployment rate, inflation, central state budget, industrial output, construction output, retail sales, and economic forecasts. the data covers various periods, such as quarterly and yearly changes. the report also mentions the organizations responsible for the data, such as the finance ministry (finmin), national bank of slovakia (nbs), international monetary fund (imf), and the european commission (ec). the indicators provide a comprehensive overview of slovakia's economic performance.",119,positive
2012-01-18 22:09:31+00:00,"cnbc, Articles, Business News, Life, Entertainment, Adult Entertainment, Adult Entertainment Expo, Porn Convention 2012, source:tagname:CNBC US Source","the los angeles city council voted to make condom use mandatory in adult films, a move that may lead to the loss of la's title as the us porn capital. adult studios are already considering options to minimize the impact of the law, including relocating production to other areas like las vegas. the city's mayor needs to approve the legislation, and enforcement details are still being worked out. some studios estimate that they have filmed over 10,000 scenes in the la area in the past six years. while some studios plan to comply with the law, others may ignore it or move their operations outside of la. the decision on filming locations will depend on where performers settle. smaller studios may be more willing to uproot, while larger companies may find relocation expenses impractical. some studios, like girlfriend films and wicked pictures, won't be affected as they already follow condom-only policies.",182,positive
2012-11-03 01:13:00+00:00,"cnbc, Articles, New York City, New York, New Jersey, Connecticut, North America, Africa, United States, United Kingdom, London, Wires, source:tagname:Reuters","commodities, including oil and metals, have experienced declines as a result of concerns over the economic impact of hurricane sandy. oil prices fell over 2%, with brent crude dropping nearly 4%. gasoline futures in new york also fell, while natural gas saw the largest decline, down 8%. the thomson reuters/jefferies crb index, a measure of commodities, fell 1%. additionally, gold hit a two-month low and copper prices dropped for the fourth consecutive week. however, cocoa prices rose due to supply constraints in ghana.",110,positive
2012-10-09 13:32:00+00:00,"cnbc, Articles, Europe, Poland, Eastern Europe, Russia, Wires, source:tagname:Thomson Financial News","serbia's central bank has raised its key interest rate by 25 basis points to 1%, citing rising inflation and debt concerns. other central banks in central and eastern europe have been cutting rates, but serbia stands out due to its inflation and debt problems. inflation rose to 2% in august, driven by a poor harvest and the government's efforts to finance its budget gap. serbia's total public debt is expected to reach 60% of gdp this year, and the country is seeking a new loan deal with the international monetary fund. the central bank's future policy moves will depend on inflationary expectations, external influences, and fiscal consolidation. the dinar strengthened against the euro following the rate hike.",144,negative
2012-10-19 13:55:41+00:00,"cnbc, Articles, Jobs, Careers, Executive Careers, source:tagname:CNBC US Source","an earthquake teaches us about problem-solving on a scalable level. when faced with problems, we should adopt a scale-based approach. using the richter scale as an analogy, we can assess the severity of a problem. most problems, like minor earthquakes, aren't significant. we should engage our rational thinking, which acts like a calm seismologist, unimpressed by emotional tremors. by scoring problems on a scale, we can avoid overreacting. this technique helps us realize that the worst-case scenario is unlikely. paul hellman, a consultant and author, advises applying this approach to improve performance and productivity. his latest book, ""naked at work,"" addresses staying sane in a challenging job.",148,positive
2012-10-08 09:04:00+00:00,"cnbc, Articles, Europe, Angela Merkel, Western Europe, Greece, Belgium, Spain, Germany, Wires, source:tagname:Thomson Financial News","euro zone finance ministers are set to launch the €500 billion european stability mechanism (esm) on monday as a defense against the debt crisis, with a focus on spain. the esm will provide loans to distressed euro zone countries in exchange for fiscal and structural reforms. spain is expected to request around €40 billion to recapitalize its banks, and may also seek a precautionary credit line from the esm. germany prefers to bundle a spanish bailout request with requests for cyprus and greece, but a spanish request is unlikely for a few weeks. the ministers will also discuss the progress of greece in unblocking payments from the second bailout.",136,negative
2012-10-05 04:20:00+00:00,"cnbc, Articles, Denison Mines Corp, North America, Canada, Wires, source:tagname:Thomson Financial News",briefdenison mines offers private placement of flowthrough shares oct  reuters  denison mines corp  announces bought deal private placement of flowthrough shares offer and sale of  million flow through shares of denison on a private  placement basis flowthrough shares shall be offered at a price of  per share for  aggregate gross proceeds of about  million proceeds will also be used to explore advance the wheeler river project in  the athabasca region of saskatchewan says proceeds will be used to incur eligible canadian exploration expenses  for purposes of income tax actcanadabangalore newsroom     within us    for more news please click here ,123,positive
2012-01-25 20:27:04+00:00,"cnbc, Articles, Microsoft Corp, Apple Inc, Alphabet Class A, CNBC EVENTS, NetNet, source:tagname:CNBC US Source","apple's announcement that it ended the last quarter with $207 billion in cash has sparked speculation about how the company should use it. possibilities include investing in the supply chain, increasing investment in apple tv, or paying dividends. however, the company must be cautious not to make imprudent acquisitions. cash is a strategic asset that can give a company a competitive advantage during market downturns by allowing them to capture market share and invest in hiring, marketing, and development when cash-constrained competitors are forced to cut costs. this is why other top tech companies, like google and microsoft, are also accumulating cash.",128,positive
2012-10-02 12:05:00+00:00,"cnbc, Articles, Telia Company AB, Europe, Sweden, Wires, source:tagname:Thomson Financial News",teliasonera says submits documents in uzbek deal probe stockholm oct  reuters  operator teliasonerasaid on tuesday it had supplied swedish prosecutors withevidence that the gibralterbased firm takilant from which itbought telecom licenses in uzbekistan was the rightful owner ofthese licenses   following media reports that there is uncertaintysurrounding the ownership of the assets teliasonera acquiredfrom takilant in  teliasonera has today provided theprosecutor with documents which confirm that takilant owned thelicenses and frequencies at the time of the acquisition thecompany said in a statement   prosecutors have frozen a swedish takilant account as partof a preliminary investigation into teliasoneras purchase aftera swedish television programme alleged the company had boughtthe license from a firm with close ties to the daughter of uzbekpresident islam karimov   teliasonera partially owned by the swedish state hasdenied it did anything wrong and has said it is cooperatingfully with authoritiesniklaspollardthomsonreuterscom    reutersmessaging niklaspollardreuterscomreutersnetkeywords teliasonera uzbekistan,242,negative
2012-10-05 17:37:00+00:00,"cnbc, Articles, Titan International Inc, Illinois, North America, United States, Press Releases, CNBC Information and Policies, CNBC: News Releases, source:tagname:Business Wire",titan international announces  acceptance levels for titan europe plc offer quincy illbusiness wire      titan international inc nyse twi is pleased to announce it has      received valid acceptances for  percent of the offer in respect of      titan europe plc shares titan international announces that all      remaining conditions to the offer as set out in the offer document      have been satisfied and that the offer is now unconditional in all      respects           the offer will remain open for acceptance until october   being       days after the date on which the offer has been declared      unconditional as to acceptances on or around this date the new titan      international shares issued in consideration of the offer will begin      trading on the new york stock exchange           the related prospectus offer documents and offer acceptance declaration      are available on our website at wwwtitanintlcom           titan international inc a holding company owns subsidiaries that      primarily supply wheels tires and assemblies for offhighway equipment      used in agricultural earthmovingconstruction and consumer including      all terrain vehicles applications for more information visit wwwtitanintlcom,201,positive
2012-10-01 20:39:00+00:00,"cnbc, Articles, Ukraine, Europe, Texas, New York City, New York, Mississippi, Georgia, Atlanta, George W. Bush, North America, United States, Canada, United Kingdom, Eastern Europe, Press Releases, CNBC Information and Policies, CNBC: News Releases, source:tagname:PR Newswire","the national baseball hall of fame and museum has received a one-of-a-kind babe ruth painting donated by aaron's inc. the portrait, created by renowned artist rossin, captures ruth during his early years with the new york yankees. this donation is in commemoration of aaron's inc. opening its milestone 500th store in the bronx. the painting is described as lifelike and unique, offering a vibrant color depiction of ruth. a replica of the painting will remain on display at the aaron's store in the bronx. rossin, known for his lifelike portraits of world leaders and celebrities, was commissioned to create this exceptional artwork. the national baseball hall of fame and museum considers this painting a valuable addition to its collection of baseball art.",154,positive
2012-10-02 18:17:00+00:00,"cnbc, Articles, Crown Castle International Corp, Wires, source:tagname:Thomson Financial News","tower operator crown castle international corp. has revised its outlook to stable from positive after agreeing to acquire rights to t-mobile usa towers for $4 billion in cash. the acquisition will result in increased leverage and a decline in the company's credit ratings. standard & poor's ratings services revised the outlook, citing the additional debt associated with the acquisition. crown castle's ratings reflect its aggressive financial policy and high adjusted leverage. the company is expected to benefit from tower leasing revenue growth due to price increases and new tenants. crown castle's liquidity is considered adequate, and sources of liquidity are expected to provide coverage for its uses. the outlook is stable, but a rating upgrade is possible if leverage is reduced to a sustained level of 4x or lower, while a downgrade may occur if the company becomes more aggressive in its financial policy.",173,positive
2012-10-03 12:47:00+00:00,"cnbc, Articles, Europe, Ireland, Press Releases, CNBC Information and Policies, CNBC: News Releases, source:tagname:Business Wire","research and markets have released a new edition of the book ""dissolved gas concentration in water."" the book provides solubility data for major atmospheric gases, including oxygen, nitrogen, carbon dioxide, and noble gases, in different aquatic conditions. it also covers the solubility of trace gases and gases in brines. the book offers data, equations, and theory to assist users in understanding calculations and problems related to gas solubility. it is a valuable resource for students and practitioners in aquacultural, oceanographic, and fisheries engineering, as well as other disciplines dealing with aquatic systems.",120,positive
2012-12-07 17:17:03+00:00,"cnbc, Articles, US: News, How Immigrants Are Changing US Businesses 48646997, Business News, source:tagname:USA Today","the strike at the ports of los angeles and long beach shed light on the growing trend of offshoring service jobs in the us. companies have been sending jobs abroad, particularly in information technology, human resources, finance, and purchasing, to cut labor costs. the offshoring of service jobs has accelerated in the past decade and is expected to continue in the coming years. india is the largest offshoring center, followed by eastern europe, the philippines, china, and mexico. while initially low-level jobs were offshored, higher-level positions such as benefits analysis and vendor management are now being moved overseas. the cost savings for offshoring these positions is around 20%. once jobs are offshored, they are unlikely to return to the us. in contrast to service jobs, some manufacturing production has returned to the us due to a narrowing wage gap and other factors. however, call center jobs have seen a partial return to the us due to cultural gaps affecting sales.",199,negative
2012-04-17 21:30:42+00:00,"cnbc, Articles, Accenture PLC, HP Inc, International Business Machines Corp, Oracle Corp, SAP AG, Technology, source:tagname:CNBC US Source",ibm earnings exceed forecasts revenue is light ibm reported quarterly earnings thatbeat analysts expectations but missed slightly on revenue sending its shares lower in afterhours trading on tuesday the information technology company  delivered firstquarter earnings excluding items of  per share up from  per share in the yearearlier period revenue was  billion an increase from  billion a year agoanalysts had expected the company to report earnings excluding items of  per share on revenue of  billion according to thomson reutersfirstquarter net income was  billion compared with  billion in the first quarter of  an increase of  percent according to a company statement ibm has been shifting its focus from hardware to highermargin services and software over the past decade and has just raised its full year outlook they expect at least  in adjusted earnings per share up from its previous forecast of sterne agee analyst shaw wu wrote in a recent note that there was a fair likelihood ibm would modestly raise its outlook the blue chip company is closely watched as an indicator of enterprise it spending and competes with business software makers oracle and sap ag  as well as outsourcing company accentureand computing giant hewlett packard after the announcement shares of ibm fell in afterhours tradingclick here for afterhours quote,243,positive
2012-10-24 12:00:00+00:00,"cnbc, Articles, Washington, Texas, New York City, New York, Massachusetts, Georgia, Denver, Colorado, Boston, Atlanta, North America, United States, Press Releases, Japan, CNBC Information and Policies, CNBC: News Releases, source:tagname:Business Wire","taiyo pacific partners announced that daniel ludwig and jeffrey cagnina have joined the firm as managing directors responsible for marketing and client servicing. ludwig has over 18 years of experience in the investment industry, working with startups and industry leaders. cagnina brings 25 years of investment management experience. taiyo pacific partners, located in kirkland, washington, is focused on friendly shareholder activism in japan and other asian countries. the firm currently manages $1 billion in assets across three japan-focused funds.",101,positive
2012-10-25 19:19:00+00:00,"cnbc, Articles, Toll Brothers Inc, D R Horton Inc, Pultegroup Inc, Aetna Inc, United Airlines Holdings Inc, Procter & Gamble Co, Europe, New York City, New York, North America, United States, China, Wires, source:tagname:The Associated Press","the stock market in new york experienced fluctuations due to weak home sales and mixed earnings reports. procter & gamble's strong profit report initially boosted indexes, but they weakened after a realtor group indicated a stagnation in new home sales. this led to a decline in builder stocks. the market has been struggling with a difficult earnings season, with shrinking economies in europe and slower growth in china. mead johnson nutrition and united airlines reported disappointing earnings, while procter & gamble and online game maker zynga surpassed expectations. aetna saw a gain in third-quarter earnings.",120,negative
2012-05-17 17:04:05+00:00,"cnbc, Articles, Goldman Sachs Group Inc, Buffett Watch, Business News, Economy, World Economy, Europe News, source:tagname:Global Post","amidst the euro zone crisis, some see opportunities to profit. investors like george soros made billions by shorting the pound sterling before. now, with stagnant growth, rising debt, and political and economic implosion in countries like greece, there are potential investment options. buying cheap stocks on european exchanges is one option, as seen by warren buffett during the financial crisis. however, experts caution against investing in europe at this time due to the fiscal mess and the risk of the euro zone breaking apart, which could result in falling national currencies.",115,positive
2012-05-25 09:28:57+00:00,"cnbc, Articles, Squawk Box Europe, Business News, Economy, World Economy, Europe News, source:tagname:CNBC US Source","british expats are rushing to sell their properties in europe amid fears of a potential devaluation if greece were to leave the euro. inquiries by british homeowners looking to sell abroad have increased by 20%. a survey revealed that 30% of british foreign property owners are attempting to sell their homes in greece, while 70% are doing the same in spain and portugal. the drop in value of foreign property reflects the pressure on the housing market due to the eurozone debt crisis. experts suggest that homeowners need to be more realistic about pricing and consider the long-term security of their assets.",124,positive
2012-10-11 15:00:00+00:00,"cnbc, Articles, Avnet Inc, Information Technology, Phoenix, California, Arizona, North America, United States, Press Releases, CNBC Information and Policies, CNBC: News Releases, source:tagname:Business Wire",avnet inc cio steve phillips to deliver keynote address at snw fall  phillips to share storage best practices for managing the rapid      growth of businesscritical data         phoenixbusiness wire      avnet      inc nyseavt      a leading global technology distributor today announced that the      companys senior vice president and cio      steve      phillips will be a keynote speaker at snw      fall  this annual conference for information technology it      management focuses on the future of storage data and infrastructure      solutions the conference will be held at the hyatt regency silicon      valleysanta clara convention center in santa clara calif and      phillips will present on thursday october   at  pm pt       avnet inc cio steve phillips to share storage best practices for managing the rapid growth of businesscritical data at snw fall  photo business wire,154,positive
2012-10-02 18:23:00+00:00,"cnbc, Articles, Caterpillar Inc, Europe, Washington DC, New York City, New York, Denver, Colorado, North America, Australasia, United States, Western Europe, United Kingdom, London, Australia & New Zealand, Spain, Italy, Germany, Wires, source:tagname:Thomson Financial News","the euro rose against the dollar amid expectations of a spanish bailout request, while stock markets fell due to uncertainty and concerns over third-quarter earnings. european officials hinted that spain may seek assistance soon, but conflicting signals caused investor apprehension. the msci global stock index and major us stock indexes dropped, particularly those tied to economic growth. demand from europe has been a significant hindrance to the global economy, with weaker-than-expected results from mosaic adding to concerns. while the euro strengthened, investor caution persisted due to uncertainty surrounding the timing of spain's request and the upcoming moody's review of spain's rating. the central banks of europe, england, and japan are meeting without expected interest rate changes. australia's rate cut caused the australian dollar to fall, while us treasuries gained as investors sought safe-haven assets. gold prices remained near their yearly highs.",182,positive
2012-12-12 18:09:32+00:00,"cnbc, Articles, S&P 500 Index, Fiscal Cliff, Fast Money, CNBC TV, Fast Money Halftime Report, source:tagname:CNBC US Source","the stock market rallied midday wednesday following the federal reserve's announcement of more bond buying. market analysts believe that the rally will continue due to the fed's bond-buying program and continued low interest rates, which would benefit the financial sector. the rally also suggests optimism that washington lawmakers will strike a budget deal to avoid the fiscal cliff. some traders believe that it is safe to get back into stocks and predict that the market will continue to rally. the specific stocks and commodities owned by the fast money traders were disclosed.",107,positive
2012-10-04 07:15:00+00:00,"cnbc, Articles, Europe, Turkey, Eastern Europe, Wires, source:tagname:Thomson Financial News",bp says azeri gas flows to turkey stopped after incident baku oct  reuters  bpazerbajan  said on thursdaythe gas flows from azeri shah deniz fields to turkey were haltedlast night due to an an incident after reports of a pipelineblast   last night we stopped gas supplies to the system ofturkish company botas on request of this company due to anincident but gas flows to georgia azerbaijan as well as topumping stations of bakutbiliciceyhan oil pipeline continuebpazerbaijans spokeswoman tamam bayatly told reuters   she declined to say whether a blast in turkey caused the gasflows stoppage earlier on thursday turkish energy officialssaid the gas supplies were stopped due to an explosion inturkey    bpazerbaijan is the operator of shah deniz which producesabout  million cubic metres of gas per dayreporting by lada yevgrashina writing by vladimir soldatkinvladimirsoldatkinthomsonreuterscom   reuters messagingvladimirsoldatkinthomsonreuterscomreutersnetkeywords azerbaijan gasblast,235,negative
2012-10-08 13:03:00+00:00,"cnbc, Articles, Meta Platforms Inc, LinkedIn Corp, Information Technology, San Francisco, California, North America, United States, Press Releases, CNBC Information and Policies, CNBC: News Releases, source:tagname:PR Newswire","talentbin, a talent search engine, has launched talentbin scores, which provides a measure of a candidate's professional interests and skills. the scores indicate the intensity of a candidate's interests and help recruiters assess if a candidate is a good fit. by analyzing online activity, talentbin scores offer a deeper understanding of a candidate's skills and interests. the aim is to streamline the filtering process and help employers find ideal candidates quickly. talentbin has already gained popularity with companies like facebook and yahoo. the platform aggregates implicit professional activity from various social networks and communities to create a comprehensive profile for recruiters. talentbin also offers an api for seamless integration with other software partners.",142,positive
2012-10-09 06:12:00+00:00,"cnbc, Articles, Europe, Eastern Europe, Russia, Wires, source:tagname:Thomson Financial News",megafon says to launch london ipo moscow oct  reuters  russias secondlargest mobilephone operator megafon  in which russias richest manalisher usmanov took control in april said on monday it plansto launch an initial public offering on the london stockexchange   the ipo to be completed in the fourth quarter will giveinvestors the chance to buy into a russian telecoms company thatis outpacing its peers in a growing home market but unlikerivals is shielded from tricky overseas operations and complexcorporate disputes   megafon said it plans to use the proceeds of the offering ofits treasury stock to repay debtsreporting by megan davies editing by maria kiselyovamegandaviesthomsonreuterscom   keywords russia megafonipo,163,neutral
2012-04-18 21:50:43+00:00,"cnbc, Articles, Election 2012, source:tagname:The Associated Press",ted nugent to meet secret service over obama words  ted nugent says hell meet with the secret service to explain his comments about president barack obama that some have interpreted as threateningthe hard rocker says it will be obvious when he talks to agents on thursday that he didnt make any threats nugent spoke to radio interviewer glenn beck about the controversyat last weekends national rifle association convention nugent referred to what he called obamas evil americahating administration and urged nra members to to ride into that battlefield and chop their heads off in novembernugent also said if obama were reelected i will either be dead or in jail by this time next yeara secret service spokesman confirmed that the agency was followingup on the issue but would not give details,149,negative
2012-10-04 04:42:00+00:00,"cnbc, Articles, Bank of Montreal, Wyoming, Wisconsin, West Virginia, Washington DC, Virginia, Vermont, Utah, Texas, Tennessee, South Dakota, South Carolina, Rhode Island, Pennsylvania, Oregon, Ohio, North Dakota, North Carolina, New York City, New York, New Mexico, New Jersey, New Hampshire, Nevada, Montana, Missouri, Mississippi, Minnesota, Michigan, Massachusetts, Maryland, Maine, Louisiana, Kentucky, Kansas, Iowa, Indiana, Illinois, Idaho, Hawaii, Georgia, Florida, Delaware, Connecticut, Colorado, Chicago, California, Arkansas, Arizona, Alaska, Alabama, North America, United States, Canada, Press Releases, CNBC Information and Policies, CNBC: News Releases, source:tagname:PR Newswire","according to bmo economics, the canada-us free trade agreement (fta) has played a critical role in expanding trade opportunities for both the united states and illinois. trade between canada and the us has grown at an annualized rate of  percent since the fta was signed. trade between canada and illinois has also increased at a similar rate. additionally, foreign direct investment between the two countries has significantly grown since the fta, with us direct investment in canada reaching  billion and canadian investment in the us reaching  billion. overall, free trade has been successful for illinois businesses, positioning them well for future growth.",123,positive
2012-10-12 09:55:00+00:00,"cnbc, Articles, ICICI Bank Ltd, Infosys Ltd, HDFC Bank Ltd, Wires, source:tagname:Thomson Financial News",market eyeindian shares extend falls infosys financials hit  the bse indexfalls  percent while the sharense indexis down  percent heading to their firstweekly fall after five weeks of straight gains shares in infosys ltddrops  percent afterdisappointing investors with weakerthanexpected margins andtook a conservative view on its fullyear earnings fears of high inflation data due on monday is also leading totrimming of positions in financials ahead of the weekend icici bankfalls  percent while housingdevelopment finance corporationis down  percent however hdfc bank gains  percent after meetingforecasts with a  percent yearonyear rise in second quarterprofitabhishekvishnoithomsonreuterscom,149,negative
2012-06-22 15:47:01+00:00,"cnbc, Articles, Business News, Wealth, Inside Wealth, source:tagname:","a study by the census bureau reveals that the wealth gap between whites, hispanics, and black americans has increased during the recession. while whites and asians experienced larger absolute losses, their percentage losses were lower due to higher net worth. the main factors contributing to the widening gap are home ownership and wealth portfolios. historically, homes have constituted a larger share of black and hispanic wealth, while whites hold more financial assets. additionally, blacks and hispanics have faced higher unemployment rates compared to whites. this study doesn't explicitly state that race is the cause of these disparities, but it does highlight the growing wealth gap between races in america.",132,positive
2012-10-10 09:45:00+00:00,"cnbc, Articles, BAE Systems PLC, Ukraine, Europe, Angela Merkel, North America, United States, Western Europe, United Kingdom, London, Spain, Germany, France, Wires, source:tagname:Thomson Financial News","eads and bae systems are making a last-ditch effort to save their £30 billion aerospace merger as doubts arise about german support. the companies have until wednesday to finalize their plans. german chancellor angela merkel is reportedly against the deal, but her reasons are unclear. bae shares were down 3% in london, while eads shares were down 5% in paris. the negotiations have become highly politicized, with france, germany, and britain each drawing lines in the sand. the atmosphere is tense, and blame is being laid behind the scenes in case the talks collapse. investors on both sides are feeling uneasy and ill-informed.",131,negative
2012-08-20 16:06:23+00:00,"cnbc, Articles, Technology, source:tagname:The New York Times","media companies are turning to education as a new source of profit. discovery, the cable tv company, is entering the digital textbook market with its techbooks, backed by its educational video service. news corporation is investing $2 billion in its education division, amplify, which focuses on digital teaching tools. pearson, mcgraw-hill, and houghton mifflin harcourt are also introducing their own digital products with the support of apple. media companies like nbcuniversal and disney are also expanding their presence in the education sector. however, these companies face challenges from traditional education publishers and the need to gain state approval for their products. despite the skepticism on wall street, media companies see education as a promising growth opportunity.",145,positive
2012-02-15 17:46:35+00:00,"cnbc, Articles, Business News, Small Business, source:tagname:CNBC US Source","bryce phillips, a professional skier, founded evo in 2001 as a retail business catering to skiers and boarders. the company has grown from selling merchandise from liquidators to a full-fledged business with over 250 employees. phillips discusses his inspiration for starting the business, funding sources, and early customers. he always believed in the company's success and plans to expand nationally and develop more evo-branded products.",86,positive
2012-10-26 10:24:05+00:00,"cnbc, Articles, Business News, Economy, World Economy, Europe News, source:tagname:CNBC US Source",jamie dimon ceos already cutting back due to fiscal cliff the us economy is on the mend and has been getting better but jpmorgan chase ceo jamie dimon said chief executives he has spoken to have told him they are already making decisions to protect their companies from a looming fiscal cliffthe mix of automatic spending cuts and the expiration of bushera tax cuts at the end of the year could cut us growth in  and send the economy back into a recession according to economists including dimon have been lobbying for a deal to avert such an outcomeive spoken to ceos who say you know absolutely we are making decisions to protect ourselves from the fiscal cliff and those are like investment decisions and hiring decisions dimon told cnbctv in india during a visit to the countryread more dimon said the socalled fiscal cliff could end up being worse than a  percent contraction that economists have so far predictedthe fiscal cliff alone would take  percent or so out of gross domestic product that is a recession he said the problem is thats kind of a static analysis peoples reaction could actually make it worseaccording to dimon the outcome of the election isnt as important as good fiscal policy to deal with the countrys rising debt,247,positive
2012-10-24 19:57:00+00:00,"cnbc, Articles, Washington DC, Washington, Philadelphia, Pennsylvania, Oregon, New York City, New York, New Mexico, New Jersey, Montana, Michigan, Maine, Colorado, California, Arizona, North America, United States, Wires, source:tagname:The Associated Press","greenleaf compassion center, new jersey's first legal medical marijuana dispensary, has been welcomed in the suburban town of montclair. while many communities in new jersey have rejected the idea of hosting a marijuana dispensary due to public opposition, montclair has embraced it with pride and tolerance. the cosmopolitan suburb, often compared to the upper west side of manhattan, has a racially integrated and well-to-do population. medical marijuana remains illegal at the federal level, but 17 states including new jersey have passed statutes to allow patient access to the drug. greenleaf is the first of six nonprofit groups selected by the new jersey department of health to sell and grow cannabis, but the other five groups have struggled to find accepting towns. unlike other states, new jersey does not allow registered patients to grow their own marijuana or include chronic pain and anxiety on the list of qualifying conditions. only new jersey residents can access medical marijuana, and neighboring new york does not permit it. greenleaf has faced minimal opposition in montclair and will meet patients there while growing their plants in an undisclosed location for security reasons. the dispensary has been met with mixed reactions, with some residents supporting it while others express concerns.",250,positive
2012-08-30 19:26:04+00:00,"cnbc, Articles, Markets, stocks, Stock Blog, source:tagname:OILPRICE","investors, especially canadian ones, may recall colombia as a hot oil play a few years ago. however, stock prices have fallen due to issues such as farc violence, environmental permitting, and pipeline constraints. the arab spring and increased farc violence have impacted stock prices. pipeline attacks have increased, leading to higher transportation costs and companies being unable to produce new discoveries at full capacity. delays in permitting and slower exploration activities have also affected stock prices. despite these challenges, experts believe there are still investment opportunities in colombian oil plays, especially through mergers and acquisitions. the government is addressing specific risks, and upcoming catalysts such as a new pipeline and a bid round for shale exploration may boost the industry. investors should focus on the people involved in the companies and their ability to take projects to production.",160,positive
2012-10-02 04:28:00+00:00,"cnbc, Articles, Europe, North America, United States, Ireland, Press Releases, CNBC Information and Policies, CNBC: News Releases, source:tagname:Business Wire","the us movies and entertainment market had total revenues of $xxx billion in xxxx, with video sales being the most lucrative segment. however, the market is forecasted to decline further, but at a slower pace, with a projected compound annual rate of change (cagr) of x% for the next five years. factors affecting competition in the market and the market's performance over the last five years are also discussed. for more detailed information, please visit research and markets' website.",101,positive
2012-11-01 15:59:00+00:00,"cnbc, Articles, Europe, Christine Lagarde, Greece, Wires, source:tagname:Reuters","a greek journalist, costas vaxavanis, is currently being tried for breaking private data rules after publishing the names of wealthy greeks with swiss bank accounts. the case has attracted attention in debt-ridden greece, where tax evasion is rampant. vaxavanis' swift arrest and trial have angered many citizens who are already frustrated with the government's failure to crack down on the rich elite. the journalist's defense argues that he was charged without any of the individuals on the list filing a complaint. if convicted, vaxavanis could face up to two years in prison. the list, known as the lagarde list, was given to authorities in various eu countries by imf head christine lagarde in 2010. another newspaper, ta nea, also published the list. while the accounts held around €2 billion in 2010, there is no evidence that any of the individuals violated tax evasion laws.",189,negative
2012-11-02 15:33:00+00:00,"cnbc, Articles, Ukraine, Europe, North America, Middle East, Australasia, United States, United Kingdom, London, Greece, Australia & New Zealand, Spain, Japan, China, Wires, source:tagname:Reuters","the us dollar strengthened against the yen and euro ahead of the us jobs data. upbeat us private payrolls data boosted the dollar, while the yen was hampered by japan's trade deficit and economic woes. the euro was hit by a greek court ruling on austerity measures. the dollar index reached a seven-week high, and the dollar-yen pair was approaching a four-month high. however, some investors are uncertain about a sustained rise in the dollar due to concerns about the fiscal cliff in the united states. the euro fell to a three-week low, but remained within its recent range. peripheral euro zone countries continued to struggle, and commodity currencies eased after earlier gains.",143,positive
2012-10-01 12:00:00+00:00,"cnbc, Articles, Information Technology, Massachusetts, Florida, Boston, North America, United States, Press Releases, Southeast Asia, India, CNBC Information and Policies, CNBC: News Releases, source:tagname:Business Wire","cortera, a provider of business-to-business payment and purchase data for us companies, has appointed gary brooks as chief marketing officer (cmo). with over 20 years of technology marketing experience, brooks will be focused on expanding cortera's leadership position, accelerating revenue growth, and managing strategic positioning, branding, demand generation, and sales readiness. brooks previously held executive roles at companies like bomgar corp and servigistics. cortera aims to enable companies to use business-to-business purchase behavior data to improve sales and marketing effectiveness. with offices in boca raton, boston, quincy, and bangalore, cortera tracks trillions of dollars in business-to-business purchases across various categories.",151,negative
2012-08-30 18:05:09+00:00,"cnbc, Articles, Special Reports, Investing In, Investing In: Turkey, source:tagname:CNBC US Source","investors face the risk of turkey adopting a more extreme version of islam, which could compromise its economic success and relations with the west. while turkey has improved economically, it is experiencing a growing conservative religious movement. however, experts believe that turkey's people are unlikely to risk their prosperity and western relations for an extremist islamic state. the ruling justice and development party (akp) has successfully melded religious devotion with the interests of the secular elite. although turkey faces a precarious religious situation, akin to the us, where conservative christians influence the republican party, the way religion affects the akp is less significant. turkey's economy has slowed, but the fear of islamic-style banking adoption by its banks hasn't materialized. the economic success is tied to foreign investment, making it unlikely for the ruling party to enforce a more conservative islamic society. they owe their electoral success to economic security.",184,positive
2012-10-01 20:06:00+00:00,"cnbc, Articles, F&M Bancorp, Ohio, Indiana, North America, United States, Press Releases, CNBC Information and Policies, CNBC: News Releases, source:tagname:PR Newswire","farmers & merchants state bank in archbold, ohio, will be opening its twentieth office in waterville, ohio. the new full-service office will include a drive-up atm and three drive-up lanes staffed with local bankers. the bank focuses on serving locally owned businesses and individuals. the new office is located near a rapidly growing area with shopping and housing. the opening is scheduled for the first half of . farmers & merchants state bank has been serving northwest ohio for many years and currently has multiple locations in ohio and indiana.",108,positive
2012-10-01 13:55:00+00:00,"cnbc, Articles, Bank of America Corp, Walmart Inc, Washington DC, Illinois, Chicago, North America, United States, Wires, source:tagname:Thomson Financial News",us supreme court rejects appeal over merrill broker bias washington oct  reuters  the us supreme court onmonday refused to consider an appeal by bank of america corps merrill lynch unit of a ruling that allowed blackbrokers who accused it of bias to pursue their lawsuit as aclass action   merrill contended that the th us circuit court of appealsin chicago misinterpreted a  supreme court decision in acase known as walmart stores inc  v dukes that made itsignificantly harder to pursue classaction cases   the lawsuit accused merrill of steering blacks into clericalpositions and diverting lucrative accounts to white brokersresulting in lower pay and fewer career growth opportunitiesreporting by jonathan stempel in washington dc editing bymaureen bavdekjonstempelthomsonreuterscomreutersmessaging jonstempelreuterscomthomsonreutersnetkeywords usa courtbankofamerica merrill,188,neutral
2012-12-10 16:03:48+00:00,"cnbc, Articles, Guest Blog Morici November Jobs 121207 EC, Why Women Don't Save for Retirement O'Donnell 121210, How the Web Made Price Meaningless for Car Buyers USAT 121207, Nov Unemployment Report Cox 121207 EC, Investing, Personal Finance, source:tagname:NBC News","many americans, including bonnie gray, find themselves stuck in part-time jobs that barely provide enough income for basic needs. the bureau of labor statistics reported that nearly 5 million people classified themselves as involuntary part-time workers in november 2021, double the number before the recession. progress in reducing underemployment has been slow, and it remains a demand problem. gray, who was laid off from her full-time job, is struggling to find another full-time position. she relies on her church for food and worries about her finances when her unemployment benefits run out. with a foot tumor that restricts her ability to work more hours, she also needs a job that offers health insurance. experts suggest that the issue lies in insufficient demand in the labor market, making it difficult for employers to add more hours or full-time positions. gray and others like her continue to face financial challenges and uncertainty about the future.",186,positive
2012-10-13 15:31:00+00:00,"cnbc, Articles, Ukraine, Europe, United Kingdom, London, Wires, source:tagname:The Associated Press",occupy london marks anniversary of st pauls camp london  supporters of occupy have gathered outside st pauls cathedral to mark the first anniversary of the anticorporate movements nowdismantled protest camphundreds of protesters against capitalist excess and social inequality set up camp outside christopher wrens famous landmark on oct   after they were stopped from demonstrating outside the nearby london stock exchangethe tent city embroiled the historic church in a conflict between bankbashing demonstrators and the citys finance industry the churchs position on the protesters shifted several times and the cathedrals dean and a senior priest both resigned over the issuethe camp was dismantled in february after the protesters lost a court battle with local authoritiesactivist ronan mcnern said saturday that the movement was still necessary because the problem of inequality is not going away,160,positive
2012-10-11 06:41:00+00:00,"cnbc, Articles, Washington DC, South Korea, Mitt Romney, George W. Bush, North America, Middle East, United States, Syria, Iraq, Iran, Afghanistan, North Korea, Southeast Asia, Japan, China, Wires, source:tagname:The Associated Press","republican presidential candidate mitt romney is vowing to take a tougher approach towards china, pledging to designate them a currency manipulator on his first day in office. this move could potentially lead to tariffs and trigger a trade war with china, which is the fastest-growing market for us exports. some experts doubt romney would actually follow through with this threat, as previous presidents have softened their approach towards china after taking office. romney also criticized obama's ""pivot to asia"" strategy and outlined plans to expand us naval power in the region. china's response to these actions could be influenced by its ongoing leadership transition. obama has opted against designating china as a currency manipulator, preferring to let market forces encourage china to strengthen its currency. the treasury is set to make its next assessment on china's currency manipulation soon.",174,positive
2012-11-02 18:26:00+00:00,"cnbc, Articles, New York City, New York, North America, United States, Press Releases, CNBC Information and Policies, CNBC: News Releases, source:tagname:PR Newswire","merchantcashadvanceindustry.org, a lending portal for small and midsized businesses, has launched a recovery campaign following hurricane sandy. the network expressed concerns about the red tape associated with traditional financing options, as banks are already risk averse. they believe that the disaster could result in fewer loans and lines of credit. therefore, they are promoting alternative financing options such as merchant cash advances and cash flow loans. merchant cash advances enable businesses to access future revenues by selling a portion of those sales to a factoring company. cash flow loans leverage historical revenues and positive cash flow for short-term loans. the network does not guarantee loan approval, offer grants, or provide governmental assistance programs. follow them on facebook, watch videos on youtube, and apply through their website.",158,negative
2012-10-08 10:56:30+00:00,"cnbc, Articles, Commodity markets, Currency markets, Bonds, Barclays PLC, HSBC Holdings PLC, Meta Platforms Inc, Microsoft Corp, Alphabet Class A, International Business Machines Corp, Howmet Aerospace Inc, Citigroup Inc, Goldman Sachs Group Inc, Currencies, Futures & Commodities, DOW 30, Markets, stocks, Stock Blog, source:tagname:CNBC US Source","in this week's cnbc.com stock blog roundup, analysts discuss various companies and sectors. david bianco from deutsche bank expects overall disappointment in the third-quarter earnings season due to weakening global growth. he recommends microsoft and ibm in technology, and goldman sachs and citigroup in financials. colin gillis from bgc partners raises concerns about google's growth due to declining advertising cost per click. daniel ernst from hudson square research cautions against expecting immediate revenue acceleration for facebook, although he finds their focus on increasing revenue encouraging. chris wheeler from mediobanca sees hsbc and barclays as standout opportunities among european banks facing new regulations.",137,negative
2012-03-16 13:16:28+00:00,"cnbc, Articles, Commodity markets, U.S. dollar, U.S. Dollar, Futures & Commodities, DOW 30, Markets, U.S. Markets, Market Insider, Trader Talk, source:tagname:CNBC US Source","global markets are up, with stock futures rising and the dollar dropping. the february consumer price index (cpi) is in line with expectations, and bond yields are on the rise. however, retail investors are not showing much interest in stocks, despite major indices reaching multiyear highs. equity fund flows are positive, but when excluding exchange-traded funds (etfs), inflows are more modest. asian and european markets, as well as the us, have seen strong performance from financials, leading to market highs. the s&p, nasdaq, and russell indices are set to continue their weekly gains.",127,positive
2012-10-05 14:59:00+00:00,"cnbc, Articles, Noble Energy Inc, Latin America Markets, Latin America, Texas, Nevada, Houston, South America, North America, United States, Press Releases, CNBC Information and Policies, CNBC: News Releases, source:tagname:PR Newswire",noble energy announces conference call to discuss new venture exploration opportunities houston oct   prnewswire  noble energy inc nyse nbl announced today that it will host a conference call to discuss its new venture exploration program at  am central time thursday october   the intent of the call is to provide insight into several frontier plays where the company has activities in progress  the deep oil potential of the eastern mediterranean the falkland islands and northeast nevada the webcast will be accessible on the investors page of the companys website wwwnobleenergyinccom conference call numbers for participation are  and  the passcode number is  a replay will be available at the same web location until january  noble energy is a leading independent energy company engaged in worldwide oil and gas exploration and production the company has core operations onshore in the us primarily in the dj basin and marcellus shale in the deepwater gulf of mexico offshore eastern mediterranean and offshore west africa noble energy is listed on the new york stock exchange and is traded under the ticker symbol nbl further information is available at wwwnobleenergyinccomsource  noble energy,212,positive
2012-10-01 20:37:00+00:00,"cnbc, Articles, Chevron Corp, California, North America, United States, Press Releases, CNBC Information and Policies, CNBC: News Releases, source:tagname:PR Newswire","temple city unified school district in california has completed a solar and energy efficiency program, expected to save over $1 million and inspire students. the program includes the installation of a solar photovoltaic system, replacement of boilers and chillers, and the addition of new windows. the district will also receive instructional materials and solar energy kits for teachers. this program is projected to reduce the district's electrical utility purchases by over 50% and annual carbon emissions by over 2,000 metric tons. chevron energy solutions designed and installed the solar system, as well as district-wide energy-efficient lighting systems. a dedication ceremony will be held today to commemorate the program's completion.",138,positive
2012-07-26 17:14:23+00:00,"cnbc, Articles, Election 2012, source:tagname:The Associated Press","republican presidential candidate mitt romney sparked controversy in britain during his international tour by questioning the country's readiness to host the olympic games and scheduling a fundraiser with a troubled bank's former head. british prime minister david cameron sharply responded to romney's doubts, asserting that britain would deliver a successful olympics. romney, lacking foreign policy experience, aims to convince american voters that he is prepared to serve as commander-in-chief. his trip includes visits to israel and poland, with a stop at the olympic opening ceremonies. despite his initial remarks, romney later declared his expectation of a highly successful games. the trip has also drawn scrutiny due to a fundraiser expected to attract employees of a barclays bank, which has faced controversy over manipulating interest rates. romney seeks to focus on the common interests and values shared between the us and britain. meeting with british leaders is a typical move for american presidential candidates, as it helps establish relationships before potential transitions. however, biden and obama's aides criticized romney's remarks, considering them a disturbing start to his trip. romney was accompanied by advisers and his sons during the meetings.",227,negative
2012-03-26 14:01:53+00:00,"cnbc, Articles, JPMorgan Alerian MLP Index ETN, Melissa Lee, CNBC TV, Money in Motion, source:tagname:CNBC US Source","in preparation for a possible oil shock in the middle east, rebecca patterson of jp morgan asset management suggests trading currencies as a risk management plan. she recommends going long on the norwegian krone due to its current account surplus, while using the euro as a cross for liquidity. patterson advises entering the trade with specific parameters and mentions that the trade may benefit from a fall in equities. the discussion on this trading strategy can be watched on cnbc's money in motion currency trading show.",103,negative
2012-11-01 19:27:00+00:00,"cnbc, Articles, Ford Motor Co, Toyota Motor Corp, Europe, New York City, New York, Michigan, Detroit, North America, United States, Italy, Wires, source:tagname:Reuters","storm sandy caused us auto sales in october to fall below estimates, with ford likely to miss sales expectations. however, general motors (gm) and chrysler reported their best october sales in years. ford's sales increased by 1%, while toyota's sales rose by about 2%. gm's sales increased by 3% and chrysler's by 4%. despite these positive figures, ford, chrysler, and toyota came in below expectations, indicating that the industry may struggle to reach the predicted annual sales rate of 15 million vehicles. the storm impacted demand at the end of the month, with ford estimating a loss of 20,000 to 25,000 vehicle sales for the industry. gm officials also acknowledged that sandy had a negative impact on the annual sales rate. the overall economic recovery in the auto industry is not yet strong, although rising home prices, attractive vehicle financing options, and the need to replace aging cars are encouraging factors. the us auto sector has undergone significant restructuring in the past five years, leading to plant closures and job losses, as well as government-supported bankruptcy restructurings for gm and chrysler.",228,positive
2012-10-26 04:59:00+00:00,"cnbc, Articles, Oppenheimer Holdings Inc, New York City, New York, North America, United States, Wires, source:tagname:The Associated Press",oppenheimer says q revenue hurt by economic news new york  oppenheimer holdings inc reported friday that its thirdquarter net income rose  percent as lower expenses helped make the best of flat revenuealbert lowenthal ceo of the new york investment firm said that while the economy remains uncertain the us equity markets have continued to perform remarkably well but he said a consistent drumbeat of negative economic news has held down investor activity and the companys revenue during the periodoppenheimer reported net income of  million or  cents per share for the quarter that ended sept  thats up from  million or  cents per share earned in the  third quarterrevenue was basically flat at  million compared with  million last yearoppenheimer also said friday that its board declared a quarterly cash dividend of  cents the dividend is payable on nov  to shareholders of record as of nov shares increased  cents to  by midday its shares remain in the middle of its  to  week trading range,188,positive
2012-08-09 14:22:30+00:00,"cnbc, Articles, Citigroup Inc, Companies, source:tagname:The Associated Press","e*trade financial has removed its ceo, steven freiberg, just two years into his four-year contract. the online broker has been facing a decline in trading by customers, leading the company to adjust its business strategy in order to strengthen its financial position. the chairman of e*trade will temporarily take over the ceo position while a permanent replacement is sought. the company has been struggling as individual consumers withdraw money from the stock market, resulting in decreased net income. e*trade plans to focus on managing costs and reducing risk to improve earnings. freiberg, who had previously worked at citigroup for 30 years, will receive an undisclosed severance package. e*trade's shares have significantly declined in value over the past year. frank petrilli has been the chairman of e*trade since january and is an experienced financial industry executive.",174,positive
2012-10-01 22:40:00+00:00,"cnbc, Articles, Mutual Funds, Kansas, North America, United States, Securities, Press Releases, CNBC Information and Policies, CNBC: News Releases, source:tagname:Business Wire","leawood-based tortoise mlp fund inc. announced unaudited balance sheet information as of september. total assets were about $4 billion, with a net asset value of $2 billion. the company complied with asset coverage ratios under the investment company act of 1940. the coverage ratio for senior securities was 90%, and for preferred shares was 10%. the company issued shares of common stock under its at-the-market equity offering program, generating about $1 million in gross proceeds in september. the top holdings included various energy infrastructure mlps. tortoise mlp fund aims to provide a high level of total return with an emphasis on current distributions. tortoise capital advisors llc manages the investments. forward-looking statements were also provided.",155,positive
2012-01-23 19:28:30+00:00,"cnbc, Articles, Business News, Real Estate, Realty Check with Diana Olick, source:tagname:CNBC US Source","the obama administration and federal regulators are considering selling foreclosed properties owned by fannie mae, freddie mac, and the fha at bulk discounts to investors. smaller individual investors are getting involved, with nearly 50% of home purchases in december made by investors. cash buyers have an advantage in bidding on properties, as they offer a shorter and more reliable closing timeline. cash buyers often end up winning properties after other buyers are eliminated due to mortgage approval or timeline issues. investor bids typically offer 20% below list price. concerns about bulk foreclosure sales pushing home prices down further seem to be materializing.",125,positive
2012-01-11 14:38:47+00:00,"cnbc, Articles, Netflix Inc, Lexmark International Inc, Pultegroup Inc, Safeway Inc, Sherwin-Williams Co, Slide shows, source:tagname:CNBC US Source","according to data from thomson reuters, analysts have identified several stocks in the s&p that are expected to have significant drops. these stocks include dnb, vmc, nflx, ed, hcp, an, molx, psa, swy, lly, pgn, oke, lxk, phm, gpc, fast, aee, cinf, and mas. analysts have produced price targets for these stocks that indicate a potential decline in their stock prices. however, the specifics of the price targets, closing prices, and analyst estimates are not provided in the given content.",129,positive
2012-10-01 08:45:00+00:00,"cnbc, Articles, Europe, Western Europe, France, Wires, source:tagname:Thomson Financial News","workers at two idle arcelormittal steel furnaces in florange, france have occupied the site as management and unions meet to decide the plant's fate. the furnaces have been out of operation since last year due to lack of demand. the french government has been urging the company to either restart the furnaces or find a buyer. the lorraine region, where florange is located, has been hard hit by job losses in the industrial sector, particularly in the car industry. president hollande's approval ratings have suffered due to frustration over his inability to stem job losses.",119,negative
2012-09-24 21:22:51+00:00,"cnbc, Articles, Opinion, source:tagname:OILPRICE","israel's natural gas production has become a significant issue in the middle east. as an energy importer, israel is interested in developing its indigenous alternatives due to the halting of natural gas exports from egypt. however, the natural gas discoveries are located in contested waters, claimed by israel, the palestinian authority, cyprus, and turkey. the us geological survey estimates that the levant basin could contain billions of cubic feet of natural gas, leading to companies like delek group and noble energy moving to exploit the reserves. israel aims to become a natural gas exporting nation, but the defense of its mediterranean exclusive economic zone (eez) will be a considerable challenge, requiring a vast extension of the israeli defense force's capabilities. the cost of defending the offshore reserves is estimated at $500 million, hindering israel's dream of energy autonomy at present.",173,positive
2012-10-02 15:00:00+00:00,"cnbc, Articles, Biotech and Pharmaceuticals, California, North America, United States, Health & Science, Press Releases, CNBC Information and Policies, CNBC: News Releases, source:tagname:Business Wire","cave consulting group (ccgroup) has seen continued downloads of their free software, cavegrouplite. the software builds longitudinal episodes of care for both acute and chronic medical conditions. ccgroup has invested significant time and effort in developing accurate methods for building episodes of care and obtaining reliable provider efficiency scores. cavegrouplite has been downloaded by various entities, including health plans, healthcare consulting firms, physician groups, and government agencies. the software is particularly useful for accountable care organizations and patient-centered medical homes. it allows for consistent episode-of-care analytics and performance measurement. ccgroup is proud to provide transparent, tested, and validated methods and algorithms to the public for free.",138,positive
2012-10-02 13:35:00+00:00,"cnbc, Articles, Information Technology, California, North America, United States, Press Releases, CNBC Information and Policies, CNBC: News Releases, source:tagname:Business Wire","the emerge alliance has released an updated version of the occupied space standard, which provides guidelines for using low-voltage dc power in commercial buildings. the standard includes updates to voltage limits and cable sizes to promote interoperability and efficiency. this standard will enhance connectivity with the upcoming task-level furnishings standard and contribute to the organization's goal of delivering a portfolio of integrated standards that increase building flexibility and sustainability. the emerge alliance is also working on standards for data centers, campus microgrids, and task-level furnishings. these standards aim to promote efficiency, reliability, and lower costs. the alliance is accepting new members and its standards consider power infrastructure, peripheral devices, and control applications for operating a building application platform using dc power.",148,positive
2012-04-16 16:44:20+00:00,"cnbc, Articles, Commodity markets, U.S. dollar, Broadcom Inc, NASDAQ Composite, Netflix Inc, Reliance Steel & Aluminum Co, Seagate Technology Holdings PLC, Apple Inc, Futures & Commodities, U.S. Dollar, DOW 30, Markets, U.S. Markets, Market Insider, Trader Talk, source:tagname:CNBC US Source","market anxiety is impacting the transports, russell, and nasdaq, particularly with regards to apple. the transports failed to advance with the industrials due to high fuel prices. the underperformance of the smallcap russell compared to the s&p 500 is seen as a sign of potential moderation in us growth. the nasdaq, which has outperformed the s&p 500, is currently underperforming, but this could be attributed to apple's decline. economic data is mixed, with positive retail sales but lower housing and manufacturing figures. reliance steel's increased guidance suggests stronger demand.",128,positive
2012-07-10 18:59:14+00:00,"cnbc, Articles, S&P 500 Index, iShares 20+ Year Treasury Bond ETF, Fed Should Raise Interest Rates to 2-3 Percent: Einhorn, Bank Crisis Strikes Europe, CNBC TV, Fast Money, Fast Money: Behind The Money, source:tagname:CNBC US Source","hedge funds, considered the smart money, are underperforming bond funds and struggling to beat the market. this could lead to redemptions and a reevaluation of their high fee structures. the bank of america merrill lynch global diversified hedge fund composite index returned only 1% in the first half of the year, well below the s&p 500's 7% gain. hedge funds betting against stocks fared even worse, falling 4% as a group. a global credit crisis in europe is causing increased correlations among stocks, making it difficult for hedge funds to identify winning investments. many notable managers, including john paulson, daniel loeb, and david einhorn, underperformed the market in the first half. low interest rates are also affecting hedge funds, pushing investors towards alternative investments with disappointing results so far. diversifying portfolios with fixed income, stocks, and alternative investments is recommended.",185,positive
2012-11-05 06:36:34+00:00,"cnbc, Articles, Business News, Economy, Europe Economy, source:tagname:CNBC US Source","using gold reserves as collateral for debt issuance could potentially help debt-crippled euro zone countries reduce their funding costs. sylvester eijffinger, a professor of financial economics at tilburg university, suggests that this approach would lower sovereign credit risk and alleviate the need for the european central bank (ecb) to buy struggling countries' debt. italy and portugal, with their large gold reserves, would benefit the most, while spain, ireland, and greece would gain less. however, there are limitations to using gold as collateral, including restrictions set by central banks and the ecb's control over member states' gold holdings. some experts believe that while the idea may work technically, it would not address the euro zone's underlying structural problems. the ecb has not commented on the possibility of using gold as collateral.",166,positive
2012-10-03 15:24:00+00:00,"cnbc, Articles, Amerigroup Corp, Anthem Inc, Europe, New Jersey, Indiana, North America, United States, Press Releases, CNBC Information and Policies, CNBC: News Releases, source:tagname:Business Wire","am best has assigned wellpoint inc.'s new senior convertible debentures a debt rating of bbb with negative implications. the rating is consistent with the under review status of wellpoint and its insurance subsidiaries. the debentures are being sold to qualified institutional buyers, and if the overallotment option is exercised, the net proceeds would reach $1 billion. wellpoint intends to use a portion of the proceeds for share repurchase and the remainder for general corporate purposes. the issuance aligns with am best's expectations regarding wellpoint's capital structure in light of its acquisition of amerigroup corporation. wellpoint's ratings will remain under review pending the completion of the transaction. am best will continue monitoring wellpoint's operating performance, risk-based capitalization, and capital structure to ensure they stay within expectations.",172,positive
2012-09-10 00:02:03+00:00,"cnbc, Articles, Business News, source:tagname:Financial Times","china's economic downturn is spreading to key sectors, including consumer and retail businesses, healthcare, pharmaceuticals, electronics, construction, real estate, industrial machinery, and chemicals. analysis shows that a third of publicly listed chinese companies experienced cash outflows in q2, and cash balances for a tenth of these companies turned negative in the past two quarters. the negative cash flows are concerning for both companies' ability to service debt and the health of china's banking sector. nonperforming loans grew by 5%, while overdue loans increased by 14%. these findings indicate that the slowdown is affecting even the sectors expected to drive growth and rebalance the economy.",139,positive
2012-06-11 16:32:50+00:00,"cnbc, Articles, Merck & Co Inc, Dole Food Company Inc, Wendys Co, Pfizer Inc, McDonald's Corp, General Electric Co, Costco Wholesale Corp, Stericycle Inc, Business News, Economy, US Economy, US: News, source:tagname:USA Today","the increasing number of product recalls is causing concern among regulators, retailers, and manufacturers, as consumer fatigue is leading to a higher chance of ignoring or missing recalls that could pose health risks. last year, there were nearly 8,000 recalls, marking a nearly 92% increase from 2012. factors contributing to this surge include enhanced oversight, improved testing procedures, and the use of social media to quickly identify and discuss issues. retailers and government agencies are expanding their communication methods to reach more people, but the effectiveness varies. experts call for a single uniform network to streamline the recall process. businesses that handle recalls responsibly can protect their reputation and bottom line, while some have even turned recalls into successful marketing opportunities. overall, the primary concern is protecting the public, but the recall surge has also become a lucrative business for recall management firms.",170,positive
2013-05-13 06:09:57+00:00,"cnbc, Articles, Business News, Economy, Central Banks, source:tagname:CNBC Asia Source","the us federal reserve is preparing to unwind its massive monetary stimulus program, according to an article in the wall street journal. fed officials have outlined a strategy to wind down the $120 billion per month bond-buying program in careful steps, although the timing is still being debated. the unwinding of the quantitative easing program, which has fueled a rally in equity markets, is generally viewed as negative, but analysts believe that the fed is managing market expectations and that it is not a serious prospect until late summer at the earliest. the recent signs of improvement in the job market and the stronger economic news could lead to a tapering off of qe, but it is unlikely to cause alarm in equity markets that have thrived on the aggressive monetary stimulus.",153,negative
2013-12-31 15:24:27+00:00,"cnbc, Articles, Bitcoin, Business, Economy, US Economy, Business News, US: News, Manufacturing, Industrials, source:tagname:Reuters",us midwest activity took a breather in december ism the pace of growth in business activity in the us midwest  slowed for a second month in december signaling a cooling  in the improvement of the regions manufacturing a report  showed on tuesday  the institute for supply managementchicago business barometer declined to  from  in november falling short of economists median forecast of  a year ago the index was a tad below  which is  the threshold that indicates expansion in the regional economythe gauge of new orders fell to  from  in  november as its production gauge fell to  from  the employment component retreated to  its  lowest since april in november it hit  which was its highest since october the reports prices paid reading slipped to   from  last monthby reuters,137,positive
2013-10-18 11:16:50+00:00,"cnbc, Articles, Earnings, Goldman Sachs Group Inc, Earnings Announcements, Banks, Morgan Stanley, Financials, Bank of America Corp, Citigroup Inc, JPMorgan Chase & Co, US: News, Investing, source:tagname:Reuters","morgan stanley's q3 revenue rose by 12% due to higher income from equities sales and trading, offsetting a drop in fixed-income business. net income was $1 billion compared to a loss of $1 billion a year earlier. the bank's earnings per share of $0.93 beat analysts' expectations of $0.81. revenue from equities trading increased by 30% to $2.8 billion, while fixed-income trading revenue fell by 30% to $900 million. the wealth management business saw a 15% increase in revenue to $4.3 billion. overall, morgan stanley's strategy of combining investment banking and wealth management has delivered strong returns.",144,positive
2013-11-07 05:25:11+00:00,"cnbc, Articles, Lenovo Group Ltd, Technology, source:tagname:Reuters",chinas lenovo q net profit rises  beats forecasts chinas lenovo group the  worlds number one manufacturer of pcs said net profit  jumped  percent in its fiscal second quarter beating  estimates as it continues to chase growth  through acquisitions  lenovo with a  percent share of worldwide pc shipments  according to research firm idc reported net profit of   million for the julyseptember period and said it  remains confident the chinese economy is recovering  read more lenovoblackberry deal a worry for chinese  rivals  marking more than three straight years of doubledigit quarterly  profit growth lenovos secondquarter net profit compared  with  million a year earlier and a  million  consensus forecast on thomson reuters  starmine smartestimate  lenovo has been aggressively pushing into smartphones and servers  as it seeks alternative channels of income to the shrinking  pc market which contracted  percent in the quarter  ending september according to idc data,173,positive
2013-10-25 22:51:10+00:00,"cnbc, Articles, Amazon.com Inc, S&P 500, CNBC TV, Mad Money, source:tagname:CNBC US Source","amazon's soaring stock price and high valuation have raised concerns among investors. despite reporting strong revenue growth and a decreased net loss, some question whether amazon's current valuation is warranted. while critics argue that the stock is overpriced, jim cramer believes that the market has deemed amazon's valuation appropriate. cramer acknowledges the unconventional metrics used to evaluate amazon and warns of the potential risks. however, he asserts that the primary objective of investing is to make money, and amazon's unique approach has proven successful. ultimately, amazon's ability to set its own rules may lead to continued profitability, despite concerns about its valuation.",132,positive
2013-11-22 15:59:24+00:00,"cnbc, Articles, CNBC's Net/Net, NetNet, US: News, CNBC EVENTS, source:tagname:CNBC US Source","art cashin, the director of floor operations at ubs, recalls the market reaction to the assassination of john f. kennedy. before the news was even confirmed, wall street was already selling off. this was due to a savvy branch manager in dallas who let most of his staff go to watch the expected motorcade, but then became concerned when they returned after hearing the event was cancelled. they started selling because they couldn't think of a bullish reason for the diversion. as news of the assassination spread, the selling intensified. when the exchange reopened, there was relief that power had been transferred, leading to a massive rally.",131,positive
2013-04-09 21:52:09+00:00,"cnbc, Articles, Apple Inc, Fast Money, CNBC TV, source:tagname:CNBC US Source","apple analyst walter piecyk believes that for apple's stock to perform well, the company needs to instill confidence in its future. piecyk issued a buy rating for apple in march, predicting earnings growth. he mentions that apple has various opportunities to monetize its user base, such as through payment systems and ecommerce. however, he acknowledges that investors are concerned about whether apple can return to growth. piecyk also highlights the potential risk associated with the june revenue quarter. despite his balanced view on apple's performance, he believes that if the company can restore confidence in its growth prospects, the stock will quickly rebound.",132,negative
2013-05-06 16:34:27+00:00,"cnbc, Articles, Eaton Corporation PLC, Stanley Black & Decker Inc, Valaris PLC, Fast Money, CNBC TV, Fast Money Halftime Report, source:tagname:CNBC US Source","investors waiting for a market pullback risk missing out because the market can quickly bounce back. cyclicals are undervalued, and it's time to get out of defensive positions. cio stephanie link recommends stocks like eaton, stanley black & decker, and ensco. she believes the global economic story has changed due to increased liquidity measures. traders disclosed ownership in stocks like apple, goldman sachs, jpmorgan, and facebook. simon baker and anthony scaramucci also have positions in various stocks. jon najarian disclosed ownership in mbi, bank of america, juniper networks, and others. scott black owns qualcomm, triangle capital, and whiting petroleum.",142,negative
2013-11-29 17:52:00+00:00,"cnbc, Articles, Currency markets, U.S. dollar, Australian Dollar/US Dollar FX Spot Rate, GBP/USD, US Dollar Currency Index, Japanese Yen/US Dollar (factor x100), Euro/Japanese Yen FX Cross Rate, EUR/USD, USD/JPY, Commodity markets, U.S. Dollar, Currencies, Futures & Commodities, Chinese Yuan, Euro, Markets, source:tagname:Reuters","the euro is trading near a five-year high against the yen and a one-month high against the dollar after euro zone economic data eased concerns about further monetary easing by the european central bank (ecb). eurozone consumer price inflation rose slightly more than predicted in november, and there was a fall in eurozone unemployment, which should alleviate the ecb's worries about low inflation. the euro has gained against both the yen and the dollar, with the dollar hitting a six-month high. the euro is on track for its third straight month of gains against the dollar and the best monthly performance against the yen since april.",129,positive
2013-02-13 12:55:50+00:00,"cnbc, Articles, Carnival Corp, Hotels Resorts and Cruise Lines, Business News, Life, Travel, source:tagname:The Associated Press","the carnival triumph cruise ship is currently stranded in the gulf of mexico due to an engine room fire, leaving passengers without running water and limited access to food. while carnival claims that the ship has working bathrooms and running water, some passengers have reported filthy conditions. carnival president gerry cahill downplayed the risk of disease outbreaks. the ship is expected to arrive in mobile, alabama on thursday. passengers have set up camp on the ship's decks and common areas due to lack of ventilation and excessive heat. carnival has reserved hotel rooms for passengers in mobile and new orleans and plans to return them to houston on friday.",126,negative
2013-02-28 11:47:45+00:00,"cnbc, Articles, Markets, Pre-Markets, Today's Primer, source:tagname:CNBC US Source","us stocks are expected to open higher following a speech by federal reserve chairman ben bernanke, who reiterated his support for loose monetary policy. bernanke believes that this policy has helped to boost employment and expects unemployment to decline further in the next three years. however, uncertainty remains due to the upcoming spending cuts known as the sequester. in addition, economic data releases, including gdp estimates and jobless claims, will be closely watched. retail earnings from best buy, kohls, and barnes & noble, as well as the performance of groupon, will also be of interest to investors.",123,positive
2013-07-17 20:28:49+00:00,"cnbc, Articles, US: News, Media, DO NOT USE Consumer, NBC News Boston Bomber not guilty. 130710. EC, CVS Health Corp, Technology, source:tagname:NBC News","rolling stone magazine faced backlash after releasing a cover featuring alleged boston bomber dzhokhar tsarnaev. the photo sparked debate on social media, with some accusing the magazine of glorifying the teen. cvs announced it would not carry the issue in its stores, citing respect for the victims. critics argued that the focus should be on the victims instead. rolling stone defended its decision, stating that the story fell within its commitment to serious coverage. however, some media commentators believed the cover choice was controversial. overall, the release of the cover created a heated discussion about journalistic responsibility and the portrayal of criminals in the media.",128,positive
2013-09-26 20:38:39+00:00,"cnbc, Articles, Earnings, Retail industry, Nike Inc, Retail, DO NOT USE Consumer, Investing, source:tagname:CNBC US Source",nike earnings leap past forecasts shares soar new dow component nike on  thursday reported earnings that beat wall street forecasts  helped by lower costs for raw materials and higher futures orders  in china excluding currency   nike closed above  for the first time ever on thursday and was  the best performer on the dow shares closed at  a share on  the new york stock exchange and jumped higher after the earnings  beat what is nike stock doing  now click here to get  the latest quote  operating earnings rose to  cents a share in the fiscal first  quarter from  cents a share a year earlier revenue ticked  higher to  billion from  billion a year ago  analysts had expected the athletic footwear and apparel maker to  report earnings excluding items of  cents a share on   billion in revenue according to a consensus estimate from  thomson reuters  the company has been dealing with europes  fluctuating economy and a slowdown in growth in china its been working to reduce its inventory in china and  reworking its offerings there to adapt to the changing tastes of  chinese consumers meanwhile it has been enjoying strong demand  in north america where it has been selling off less profitable  brands like umbro to focus on core brands like nike,222,positive
2013-10-24 22:47:47+00:00,"cnbc, Articles, Twitter IPO, Technology: Companies, US: News, Special Reports, source:tagname:CNBC US Source",twitter proposes offering range of share for ipo twitter plans to sell its shares for anywhere from  to  per share in an initial public offering the company said on thursdaytwitter is offering  million shares suggesting the deal could raise up to  billion for the social media companyat the top end of the range twitter would be worth some  billion   read more twitteripo  the company did not announce a date for the offering but a source close to the matter said the shares were expected to price on nov  which would mean the stock would likely start trading on nov   the stock will list on the new york stock exchange under  the symbol twtr,124,positive
2013-03-11 16:59:38+00:00,"cnbc, Articles, Market Insider, Genworth Financial Inc, Citigroup Inc, Walt Disney Co, Johnson & Johnson, Raytheon Technologies Corp, Outerwall Inc, Zynga Inc, Electronic Arts, Capri Holdings Ltd, Markets, U.S. Markets, source:tagname:CNBC US Source",midday movers gnw c  more take a look at some of mondays midday movers  momentum continued to favor winners today with  stocks on the  sp  in the green and  lower   the financial sector was the best performing sp large  cap sector  in that group genworth financial was  the leader hitting its week high after a barrons article  sunday suggested that the mortgage insurers stock could almost  double in the next year  citigroup also hit a week high  johnson  johnson united technologies and walt disney were among dow stocks at historic  highs coinstar continued to build on its gains from last week as the automated retailer of redbox kiosks seeks to evolve beyond  dvds   zynga rose sharply on heavy volume  electronic arts gapped higher to hit a week high on  hopes that connectivity issues related to the launch of its  online game simcity will be resolved  michael kors traded lower on analysts concerns about slowing  momentum at the retailer  and the cboe market volatility index better known as the vix  traded with an handle its lowest level since april  by cnbcs lori spechler questions comments email us at marketinsidercnbccom,221,positive
2013-12-06 21:19:27+00:00,"cnbc, Articles, Banks, Central banking, Federal Reserve System, Central Banks, The Fed, CNBC EVENTS, NetNet, source:tagname:CNBC US Source","the fed funds market, where the federal reserve sets interest rates, is poorly understood. in the past, banks borrowed and lent funds to meet reserve requirements and earn returns. but since the financial crisis, this has changed. the market has shrunk, and lending is now dominated by the federal home loan banks. this is because banks now earn interest on excess reserves, discouraging lending. also, quantitative easing has increased reserves, reducing the need for borrowing. the fed's target rate now mainly influences lending by federal home loan banks. critics argue that it's odd for the central bank to base monetary policy on an interest rate set by these banks, regulated by a different authority. rather than lending reserves, banks acquire them from these government-sponsored entities. the implications of this dominance by federal home loan banks have not been thoroughly examined.",172,negative
2013-10-22 20:40:32+00:00,"cnbc, Articles, Market Insider, Saudi Arabia, Syria, Markets, U.S. Markets, source:tagname:CNBC US Source","friction between the us and saudi arabia over syria and iran has caught the attention of the oil market, but traders are not concerned about supply issues for now. saudi arabia has been showing its displeasure by rejecting a two-year term on the un security council and cutting back cooperation with the us on arming and training syrian rebels. however, analysts believe that the saudis will continue to view the us as an important market. the recent phone call between president rouhani of iran and president obama has also caused concern for the saudis, who have been instrumental in the west's embargo on iranian oil. saudi arabia has been producing record amounts of oil to make up for the shortfall from iran. while there are reports that the saudis may increase their production to put pressure on iran, analysts believe there are plenty of reasons for us oil to remain depressed. us oil inventory data is expected to show another build in stockpiles.",191,negative
2013-07-15 11:54:10+00:00,"cnbc, Articles, Ford Motor Co, Amazon.com Inc, Samsung, Lowe's Companies Inc, Goldman Sachs Group Inc, Bank of America Corp, JPMorgan Chase & Co, BlackBerry, Morgan Stanley, Eastman Kodak Co, Walgreens Boots Alliance Inc, Business News, Retail, Consumer Goods, Consumer Nation, source:tagname:The Today Show","according to the latest biannual survey by yougov's brandindex, ford, amazon, subway, and the history channel are the buzziest brands in the us. the survey measures a brand's buzz based on positive or negative media coverage and word of mouth. the list also includes brands like lowe's, walgreens, youtube, kindle, and cheerios. some of these brands, like kindle, subway, and youtube, are seen as self-empowerment brands. goldman sachs, bank of america, and jp morgan are among the brands with the most-improved buzz, attributed to the improved economy. internationally, samsung is identified as the strongest performer.",141,positive
2013-05-14 12:02:00+00:00,"cnbc, Articles, Commodity markets, Futures & Commodities, Futures Now, Futures, CNBC TV, source:tagname:CNBC US Source",start your engines gas prices will rise analyst says as we head into memorial day drivers are experiencing the  lowest gasoline prices since  so what explains the weakness  refiners are running strong strong demand for gas has yet  to materialize and supplies outside of the northeast are good  couple that with weak numbers out of china on monday and you can  see why demand for crude will be lagging  i do not foresee low prices all summer long after all  demand is expected to increase and refiner problems are always at  risk of cropping up but by the same token i do not see  gas on  the horizon sure we might get a few pockets around the country  but overall it looks like smooth sailing or driving  so what levels am i looking at  on the downside i would buy at the  to  level  indeed gasoline has found solid support here and as far as the  upside goes i would sell out of my position at anthony grisanti is the founder and president of grz energy  follow him on twitter anthonygrizwatch futures now tuesdays   thursdays  pm et exclusively on futuresnowcnbccom like us on facebook facebookcomcnbcfuturesnow follow us on twitter cnbcfuturesnow,232,positive
2013-01-24 06:43:16+00:00,"cnbc, Articles, London, UniCredit SpA, Santander Asset Management SA Administradora General de
    Fondos, Polls, Wires, source:tagname:Reuters","the european central bank (ecb) and the european banking authority (eba) are planning to conduct a joint stress test on europe's major banks in september. the ecb, which will soon take on supervision of top lenders, will play a more central role in the tests. the preference is to have the eba and ecb run the tests together to avoid reputational damage. the tests will include an examination of the quality of assets held by banks to ensure they can withstand losses in a crisis. discussions between the ecb and eba are ongoing, particularly regarding how to measure the quality of banks' loans.",129,positive
2013-08-21 17:42:34+00:00,"cnbc, Articles, Talking Numbers, CNBC TV, Top Videos, CNBC Digital Workshop, source:tagname:CNBC US Source",is google overbought today marks googles ninth anniversary as a public company since  it first hit on the market shares in the tech giant are up more  than  only nine of the other  stocks in the sp   index have outperformed google  thats good for those who owned google over the last nine years  but will it be good to investors going forward  on cnbcs closing bells talking numbers segment two traders  have a look at google carter worth chief market technician at  oppenheimer looks at the fundamentals while david lutz managing  director and head of etf trading at stifel nicolaus looks at the  fundamentals watch worth and lutz analyze google in the video above    follow us on twitter cnbcnumbers  like us on facebook facebookcomcnbcnumbers,152,positive
2013-03-25 16:49:04+00:00,"cnbc, Articles, Wall Street, Economy, Europe, Cyprus, Euro, Credit Market, CNBC EVENTS, NetNet, source:tagname:CNBC US Source","the resolution of the cyprus crisis may not be perfect, but it aligns with the approach advocated by the wall street journal. however, the damage caused by interventions without clear diagnoses or frameworks for government actions undermines market confidence. the last-minute deal will impose significant losses on laiki bank's creditors, while smaller deposits will be moved to the bank of cyprus. the lack of transparency and uncertainty surrounding the actions taken by the authorities is concerning. this level of public dithering coupled with extreme secrecy could have a more severe impact on markets than expected, eroding confidence, stability, and trust in the financial system.",131,positive
2013-04-17 16:11:36+00:00,"cnbc, Articles, Gaming software, Electronic Arts, Meta Platforms Inc, Zynga Inc, Walt Disney Co, Activision Blizzard Inc, Gaming, Technology, Video Games, source:tagname:CNBC US Source","electronic arts (ea) buying playfish for $400 million marked the beginning of a bubble for facebook game developers. now, ea plans to shut down several games on the social network, including the sims social, simcity social, and pet society, which has raised questions about the fate of playfish. the decline of facebook games and the shift towards mobile and real-world gambling by companies like zynga has put pressure on the social gaming industry. ea's recent misfortunes, including server problems with the simcity reboot and being named the worst company in america, have also impacted its reputation. despite this, some analysts believe ea's future is bright due to the upcoming launch of next-generation consoles. however, others see ea at a crucial decision point and urge the company to become more realistic with its projections to keep investors happy.",174,positive
2013-02-25 18:44:43+00:00,"cnbc, Articles, Technology, Squawk on the Street, source:tagname:CNBC US Source","snapchat's ceo, evan spiegel, believes that erasable media is just the beginning of what he calls ephemeral media. with millions of users, the company is exploring ways to tap into its growing reach, including advertising on its platform. spiegel emphasizes that snapchat is different from traditional social media, as it allows users to share more human and funny moments. although the app has gained a reputation for sexting, spiegel discourages inappropriate content, as it can be easily saved or captured.",110,positive
2013-05-06 14:07:28+00:00,"cnbc, Articles, Microsoft Corp, Technology, Netflix Inc, HP Inc, Xilinx Inc, Texas Instruments Inc, BMC Software Inc, Adobe Inc., General Mills Inc, Kellogg Co, Stock Blog, Squawk on the Street, Markets, stocks, source:tagname:CNBC US Source","cnbc's jim cramer believes that microsoft's stock is undervalued and that the tech sector offers cheap stocks. he sees value in microsoft's underappreciated businesses, particularly the entertainment and device business. cramer praises microsoft ceo steve ballmer for changing perceptions of the company. cramer suggests that microsoft could spin off xbox and potentially acquire netflix to further enhance its value. he views microsoft as an undervalued tech company with a strong cash position and valuable component businesses. cramer compares the tech sector's low valuations to the higher valuations of consumer product companies. he suggests that owning microsoft at its current levels is more favorable than owning expensive consumer companies.",140,positive
2013-10-22 18:20:00+00:00,"cnbc, Articles, SPDR Gold Trust, Commodity markets, Gold COMEX (Dec'21), Gold / US Dollar Spot, DXY US Dollar Currency Index, Futures & Commodities, Markets, Metal Commodities, source:tagname:Reuters","gold reached a three-week high after weak us jobs data raised expectations of continued stimulus from the federal reserve. nonfarm payrolls in september fell below forecast, causing concerns about the us economy's momentum before the government shutdown. analysts believe that fed tapering is unlikely this year, leading to a surge in equities, commodities, and gold. despite an initial dip, spot gold rallied to its highest since october. the dollar weakened against currencies, and global stocks rose. however, investor sentiment may remain subdued due to a significant drop in holdings in the spdr gold trust, the largest gold-backed etf.",131,positive
2013-08-16 17:03:20+00:00,"cnbc, Articles, CNBC's Net/Net, Apple Inc, NetNet, CNBC EVENTS, source:tagname:CNBC US Source","john paulson, a prominent investor, has recently sold a significant portion of his gold holdings, despite previously stating that his thesis on gold remained intact. this highlights the risks of making investment decisions based on headlines and comments, as opinions can change. gold has become a less predictable trade, influenced by factors like federal reserve comments, interest rates, and hedge fund liquidity needs. similarly, sentiment-based trading is observed with apple's stock, driven by expectations and sentiment rather than fundamentals. it is crucial to understand the time horizon when determining an investment strategy and not rely solely on headlines or interviews. perspectives can change, and every opinion should be subject to adjustment before making investment decisions.",140,positive
2013-08-12 15:06:00+00:00,"cnbc, Articles, Herbalife Ltd, Old Copper Company Inc, Sony Group Corp, CNBC EVENTS, NetNet, source:tagname:CNBC US Source","in the ongoing feud between hedge fund titans dan loeb and bill ackman, loeb has taken a jab at ackman with a quote seemingly directed at him. the quote, believed to be from napoleon, suggests not interfering when an enemy is self-destructing. this marks another taunt against ackman, whose recent bets on herbalife and jc penney have backfired. loeb and ackman used to be friends, but their relationship soured, and loeb previously took a shot at ackman with a reference to carl icahn. while ackman has few allies, actor george clooney criticized loeb for his intervention in sony's entertainment division.",147,negative
2013-05-31 17:12:25+00:00,"cnbc, Articles, CNBC EVENTS, NetNet, source:tagname:CNBC US Source","new york city's pensions should not copy ontario's approach, which focuses on chasing high returns. larry schloss, the city's chief investment officer, suggests emulating the ontario teachers' pension fund, which has achieved higher returns and lower fees. however, it may be unrealistic for new york to attract top-quality investment professionals like toronto, where opportunities for wealth generation are greater. additionally, the canadian fund's performance could suffer if the real estate market crashes. instead, new york's pension funds could achieve respectable returns by simply investing in index funds, without competing with wall street and hedge funds.",129,positive
2013-07-28 11:00:00+00:00,"cnbc, Articles, Health care industry, Biotech and Pharmaceuticals, Pisani Biotech IPOs Hot 130724,  We Americans are Healthy, Really!  MANGAN 061329, High Medical Bills 61325 Mangan EC, Health & Science, Business News, source:tagname:CNBC US Source","a french biotech company called cellectis is launching a stem cell bank called scil, where people can store their own stem cells in the hopes of using them for growing replacement organs or potential cures in the future. the ceo, dr. andré choulika, believes that stem cell research is progressing rapidly and that eventually, it will become so cheap that it will be mandatory for those with medical insurance. the initial cost is high, but it is expected to decrease as more people adopt the technology. the process involves taking a small skin sample which is then genetically manipulated to revert back to a stem cell state. the stem cells are grown and stored in different locations as a failsafe measure. the technology is based on the research that won dr. shinya yamanaka the nobel prize for medicine. while the technology is still in its infancy, it has the potential to rebuild any kind of tissue and could be used for drug testing as well.",195,positive
2013-05-20 17:39:16+00:00,"cnbc, Articles, Meta Platforms Inc, eBay Inc, The Profit, CNBC TV, source:tagname:CNBC US Source","publicity stunts can be a cost-effective way for small businesses to gain attention. some successful examples include a hair removal salon sending participants to the no pants subway ride, a dating service offering a handgun prize, a tattoo artist creating temporary tattoos of a client's facebook friends, and a publishing house attaching banners to real flies at a book fair. however, not all stunts go as planned, like when a cash giveaway caused a mob and injuries. companies like lifelock and half.com have also used daring tactics to promote their business. overall, while some stunts succeed, there is no guarantee of success.",125,positive
2013-09-25 06:05:37+00:00,"cnbc, Articles, Germany youth Ellyatt 130829 EU, Euro zone GDP Lookahead 130809 EU Katrina, Business News, Economy, World Economy, Europe News, source:tagname:Reuters","german consumer confidence has reached its highest level in six years, boosting expectations for strong consumer spending and moderate economic growth. the gfk market research group reported that the consumer sentiment indicator, based on a survey of around 2,000 people, rose to 8.6 in october from a revised 8.5 the previous month. this aligns with other recent data suggesting steady growth for the german economy. germans are becoming more willing to spend due to a stable job market and low interest rates, despite rising food prices. concerns about income are offset by a strong willingness to buy. private consumption is forecasted to grow by around 1% in real terms, indicating moderate economic growth for the year. however, industrial data and exports remain weak.",149,positive
2013-02-26 09:32:17+00:00,"cnbc, Articles, Politics, Economy, Business News, World Economy, Europe News, source:tagname:CNBC US Source",italy prime minister monti to meet central bank governor economy minister on postelection crisis this is a developing story please check back for moreread more berlusconi rules out alliance with montiread more european shares sharply lower on italy poll results,53,positive
2013-04-22 17:40:04+00:00,"cnbc, Articles, Food and drink, Molson Coors Beverage Co, Food and Beverage, Beer, Wine & Spirits, Business News, Retail, Consumer Goods, Consumer Nation, source:tagname:CNBC US Source","the seattle mariners may not be winning in their division, but they excel in beer variety at safeco field. fans can choose from over 100 different types of beer, reflecting the beer culture of the pacific northwest. safeco offers a mix of big national brands like millercoors and small local favorites. craft beer brands outsell domestic brands by a four-to-one ratio. the beer offerings change throughout the season, with ipas in colder months and lighter beers in warmer months. the typical ballpark premium applies to craft beer, with prices ranging from $9 to $15. while some fans still complain about their favorite beer not being available, the beer selection at safeco is praised by many.",143,positive
2013-04-18 07:45:26+00:00,"cnbc, Articles, Asia News, Southeast Asia, Yum! Brands Inc, Business News, source:tagname:CNBC Asia Source","china is facing a deadly strain of bird flu, raising concerns about another sars-like outbreak. eight new cases of the hn bird flu virus have been reported, totaling the number of infected individuals. chinese officials are investigating the possibility of human-to-human transmission. analysts draw parallels with the sars outbreak, which led to economic damage and panic. however, china appears to be handling the bird flu outbreak better, learning from past mistakes. the impact on chinese markets has been limited so far, but concerns about the economy remain. people are cautious, waiting to see if the virus will disrupt day-to-day business and transportation between cities.",133,positive
2013-06-21 06:49:10+00:00,"cnbc, Articles, Business News, Economy, World Economy, SPIEF 2018, source:tagname:CNBC US Source","a senior imf official believes that talk of suspending bailout aid to greece is premature. the imf is still in discussions with greece and hopes to reach an agreement by the end of july. reports suggest that the imf may withdraw support if a funding gap in greece's bailout program is not addressed. this gap has arisen due to central banks refusing to roll over greek debt. however, the imf official expects the central banks to fulfill their pledges to help greece. the official also doubts that the leaked suggestion of aid suspension was intended to pressure greece. the imf acknowledges that greece is making progress but highlights the need for further steps to be taken, such as privatization.",142,negative
2013-10-04 22:11:11+00:00,"cnbc, Articles, Hedge Funds, Investment strategy, Sotheby's, Investing, Business News, Finance, source:tagname:CNBC US Source",loeb reacts to sothebys poison pill wants ceo fired after writing a letter friday to sothebys chiding it for enacting a poison pill hedgefund titan  dan loeb spoke exclusively to cnbc and said he  expects action  loeb wants the company to replace ceo william ruprecht and add  new board members including himself he told cnbc theres no good reason he shouldnt be added to the board given that hes the largest shareholder and has a track record of  creating value for shareholdersit would be a  shame if we had to wait until proxy season to do  anything he addedits incumbent on the board to either say its  satisfied with the ceos performance or set out a road map as to  how theyre going to improve performance improve cost issues and  its deteriorating competitive position loeb said  he also commented on the highflying art market saying its  just getting started and prices will go up from here by cnbcs scott wapner follow him on  twitter scottwapnercnbc,204,positive
2014-06-13 17:18:45+00:00,"cnbc, Articles, Oil and Gas, Futures, World News, Wars and Military Conflicts, Iraq, Politics, White House, Middle East Turmoil, source:tagname:USA Today","the international energy agency (iea) predicts that global oil demand will increase as iraq's mounting unrest drives up crude oil prices. the report expects iraq to play a crucial role in production growth, accounting for 60% of opec's growth in the next decade. however, the iea also highlights the political hurdles iraq is facing due to sunni insurgents in the north. despite recent production gains in the south, the conflict may not immediately disrupt oil supplies. saudi arabia is seen as a potential supplier to fill the gap. the surge in oil prices could lead to higher gasoline prices, with experts predicting a rise of up to 20 cents per gallon in the near future.",138,negative
2014-08-18 13:35:18+00:00,"cnbc, Articles, Retirement, Personal Finance, Savings, 401(k), Investing, source:tagname:USA Today","a recent survey conducted by bankrate.com reveals that 33% of adults in the us have no retirement savings. this percentage increases with age, as 46% of respondents aged 50-64 reported having no savings for retirement. moreover, additional research shows that many americans are not saving enough for their post-work years, with 57% of workers having less than $25,000 in savings and investments for retirement. the main reasons cited for inadequate savings are high living costs and day-to-day expenses. experts advise individuals to take advantage of employer-sponsored retirement plans, such as a 401(k), and contribute enough to receive the maximum employer match. it is crucial to start saving early and aggressively to ensure a successful retirement.",150,positive
2014-01-02 12:38:05+00:00,"cnbc, Articles, Market Insider, Earnings, Fiat Industrial SpA, Apple Inc, Bank of America Corp, Alphabet Class A, Newmont Corporation, Goldcorp Inc, Campbell Soup Co, Diageo PLC, Barclays PLC, Nokia Oyj, Xilinx Inc, Altera Corp, American Eagle Outfitters Inc, Executive Edge, Markets, U.S. Markets, source:tagname:CNBC US Source","before the bell, several companies are making headlines: 

1. fiat: the automaker reached an agreement to buy the remaining shares of chrysler for $4 billion, currently owned by a uaw health care trust. 
2. apple: wells fargo downgraded apple to market perform due to valuation concerns and potential profit margin pressure upon the introduction of a new iphone version. 
3. bank of america: upgraded to buy from neutral by citigroup, as the bank is no longer impacted by legacy issues. 
4. google: recently acquired bump will shut down, allowing the team to work on other google projects. 
5. gold producers: gold is rallying following a significant drop, leading to a potential boost for gold producers like newmont mining and goldcorp. 
6. campbell soup: a recall was issued for approximately cases of prego traditional italian sauce due to a risk of spoilage. 
7. diageo, barclays, and nokia: included in bank of america merrill lynch's top emea stock ideas for q1. 
8. xilinx: upgraded to buy by goldman sachs, while competitor altera was downgraded to neutral. 
9. retailers: american eagle and upgraded to buy by jefferies, while and were",250,positive
2014-05-12 15:38:19+00:00,"cnbc, Articles, Retail industry, Banks, Walmart Inc, Retail, US: News, DO NOT USE Consumer, Regional Banks, Business News, source:tagname:CNBC US Source",banks within walmart stores collecting high fees walmart has a reputation for offering shoppers low  prices but a report in the wall street journal found  that the independent banks it houses inside its stores levy some  of the highest bank fees largely as a result of overdraft charges  after analyzing federal filings the publication found that last  year the five banks that have the largest presence in the  discounters stores were among the top  domestic banks in  terms of income from fees as a percentage of deposits  those banks are fort sill national bank first convenience bank  academy bank woodforest national bank and city national bank and  trust company  overdraft fees can be a big issue for people struggling financially as accruing them over time makes it makes it difficult to get out of debt  a walmart spokesperson told the journal it plays no part  in operating the banks but that it ensures theyre in line with  walmarts philosophy of saving customers moneyto read the full story click here,190,positive
2014-05-29 01:01:17+00:00,"cnbc, Articles, Meta Platforms Inc, Temasek Holdings, Weibo Corp, Business News, Economy, World Economy, source:tagname:CNBC Asia Source","forbes has released its annual list of the world's most powerful women, which takes a broad view of power beyond traditional roles. the list includes women from various sectors, such as business, government, and creative fields. money and social influence were considered essential factors. sheryl sandberg, coo of facebook, exemplifies this, using her power to drive conversations on women in leadership. while few women from the corporate world made the top spots, the ceos on the list control trillions in annual revenue. angela merkel, janet yellen, and melinda gates top the list. the inclusion of diverse figures like a chinese actress and a japanese ceo reflects the evolving dynamics of power. notably, yingluck shinawatra, the former prime minister of thailand, was removed from the list due to her house arrest and travel restrictions.",172,positive
2014-02-07 04:14:11+00:00,"cnbc, Articles, Alphabet Class A, Lenovo Group Ltd, Technology, source:tagname:Reuters",google bought  million lenovo stake on january  internet search company google inc bought a  percent stake in chinas lenovo group last month for  million according to a disclosure on the hong kong stock exchangegoogle acquired  million lenovo shares at  per share on jan  the stock exchange said late on thursdaylenovo agreed to buy googles motorola handset division last week for  billion in a cash and stock deal,80,negative
2014-04-24 04:08:05+00:00,"cnbc, Articles, Technology, Tech Edge , source:tagname:CNBC Asia Source","the number of mobile addicts, defined as users who launch apps more than six times a day, has grown by 150% over the past year. females account for 55% of addicts, while middle-aged consumers make up 20% of addicts. teens, college students, and middle-aged parents are all susceptible to mobile addiction due to their reliance on mobile devices for various tasks and communication. in asia-pacific, where mobile sales are booming, gadget addiction has become a concern, leading the south korean government to consider implementing a curfew on smartphone use. with mobile addicts constantly connected, developers should consider creating experiences beyond fitness and health applications. tablets have also become the new smartphones, particularly appealing to teens, students, and parents interested in gaming, autos, sports, and shopping.",166,positive
2014-11-25 19:08:51+00:00,"cnbc, Articles, Health care industry, Immigration, Patient Protection and Affordable Care Act, Politics, Health & Science, Obamacare, US: News, Business News, source:tagname:CNBC US Source","president obama's executive order protecting undocumented immigrants from deportation will not guarantee affordable health coverage for all of them. this could lead to significant health, social, and economic costs for those unable to access coverage. undocumented immigrants currently make up one in every six uninsured individuals in the us, and they will be excluded from federal subsidies and medicaid enrollment. while some may find coverage through employers or individual plans, many will still face barriers due to low wages and unaffordability. this could result in increased uncompensated care costs for hospitals, leading to extra charges for insured individuals or funding from federally funded programs. the lack of health coverage also affects the well-being of immigrant families and communities as a whole.",154,positive
2014-11-29 12:21:36+00:00,"cnbc, Articles, Personal finance, Personal loans, Personal saving, Personal Finance, Debt, Savings, Small Business Playbook, Investing, source:tagname:CNBC US Source","small business saturday, the day after black friday, is a lucrative opportunity for local retailers, with $19 billion in consumer spending last year. to start a successful brick-and-mortar store, consider the right location by testing your idea with a popup location. develop a three-year business plan to set expectations and secure funding. allocate money for essentials like rent, inventory, staff, and marketing. use social media and word-of-mouth advertising. build a support team including experts in law, finance, and business. take advantage of free counseling and training programs offered by nonprofit organizations and small business development centers.",129,positive
2014-06-12 22:09:19+00:00,"cnbc, Articles, Talking Numbers, CNBC TV, Video and TV, CNBC Digital Workshop, source:tagname:CNBC US Source","jeffrey gundlach, manager of doubleline, predicts that gold will reach $1,000 per ounce by the end of the year. he highlights the reduction in the us dollar's purchasing power and compares the end of the gold standard to the debasement of the roman denarius. while there is a chance gundlach is right, technicals suggest a lack of short-term momentum. the price of gold has been trading in a range of $1,200 to $1,400 for the past year. richard ross, a technical strategist, believes gold needs to break above key levels before a significant move can occur. on the fundamental side, gina sanchez thinks there are few reasons for gold to rally, as she expects interest rates to rise and sees limited economic pessimism or inflation concerns.",169,positive
2014-12-03 21:52:13+00:00,"cnbc, Articles, Market Insider, Walt Disney Co, Aeropostale Inc, GUESS? Inc, PVH Corp, Fluor Corp, Avago Technologies Ltd, Verint Systems Inc, Markets, U.S. Markets, source:tagname:CNBC US Source",afterhours movers disney aeropostale  more take a look at some of wednesdays afterhours movers disney gained in extendedhours  trade on news that the company will increase its annual cash  dividend by  percent to  a share payable on jan    to eligible shareholders aeropostale fell more than   percent in afterhours trade after the teen retailer posted a loss  for the eighth straight quarter hurt by slower mall traffic  higher discounts and lower demand for its clothing guess edged lower before turning slightly higher in extendedhours  trade after posting thirdquarter results that showed a decrease in revenues around the world and a weaker fullyear outlook pvh whose brands include calvin  klein and tommy hilfiger fell more than  percent in extendedhours  trade on weak guidance fluor edged higher in afterhours  trade on the engineering and construction firms announcement  that ica fluor its joint venture with mexican infrastructure firm  empresas ica won a  billion contract to expand a refinery in  mexico avago technologies gained more than   percent in extendedhours trade after the singaporebased chipmaker posted fourthquarter earnings that beat expectations verint systems fell more than   percent in afterhours trade when the software firm narrowed its fullyear revenue outlookwires contributed to this report,250,positive
2014-08-21 08:59:31+00:00,"cnbc, Articles, FTSE 100, DAX, CAC 40 Index, Europe News, Politics, Markets, Europe Markets, source:tagname:CNBC Europe Source",uk retail sales growth muted as food sales dip uk retail sales grew at a slower pace than  expected in july after a fall in the amount spent on food for the first  time in  years when compared to the previous year official data show read moresupermarket wars hit uk retail  sales  retail sales increased by  percent compared with july last  year and were up  percent on the previous month according to  the office for national statistics ons  economists polled by reuters had expected retail sales to grow   percent growth on the month with weakness largely down to  lower petrol and food sales read morebank of england ranks finally broken  on rates  the ons said july  marked the first fall in consumer spending  in food stores since the food stores series began in   figures for july follow a strong reading for the second quarter  when sales volume jumped  percent quarter onquarter the  fastest growth for a quarter in  years  the weaker data is likely to ease concerns of a bank of england  interest rate rise after minutes from the monetary  policy committee showed two members of  the banks interest ratesetting committee voted to  raise interest rates in august by cnbcs jenny cosgrave follow her on  twitter jennycosgrave,225,negative
2014-02-25 21:27:33+00:00,"cnbc, Articles, Laws, Politics, Government taxation and revenue, Marijuana, Law, Taxes, US: News, source:tagname:The Associated Press","pueblo county in southern colorado has become the first county in the state to announce tax totals from the recreational marijuana industry. in january, the county's two marijuana shops had about $1 million in total sales, resulting in approximately $56,000 in local sales taxes. pueblo county is currently the only place between denver and the new mexico state line that permits recreational pot stores. the county expects to generate around $3.5 million in new tax revenue from the marijuana industry this year. colorado has over 200 licensed recreational pot stores, with most of them located in denver county. pueblo county is the first to make its tax totals public, and statewide totals are expected to be released soon. despite the revenue generated, county officials joked about the need for a new judicial building, stating that they would have to sell more weed.",166,positive
2014-03-19 13:33:33+00:00,"cnbc, Articles, Market Insider, Janet Yellen, Federal Reserve System, The Fed, US: News, Market Outlook, Investment Strategy, Markets, U.S. Markets, source:tagname:CNBC US Source","wall street is eagerly awaiting the federal reserve's decision on tapering and interest rates, with janet yellen's first press conference as fed chair expected to provide insights. the fed is likely to continue tapering its asset purchases but may signal a change in the threshold for considering an interest rate hike, potentially considering a broader range of economic indicators. market participants hope for indications that the economy is on the right track. yellen's speeches tend to boost stock prices, although some expect a ""sell on the news"" scenario after recent gains.",112,positive
2014-05-13 18:17:33+00:00,"cnbc, Articles, Aerospace and defense industry, Defense, Lockheed Martin Corp, Apple Inc, International Business Machines Corp, Aerospace & Defense, CNBC 25, Special Reports, source:tagname:CNBC US Source","lockheed martin is building the f-35 joint strike fighter, a highly advanced and expensive aircraft that will serve as the backbone of air defenses for the us military and its allies. the aircraft is stealthier, smarter, and more capable than any previous fighter jet, but it still faces challenges with software integration and costs. the f-35 is the first fighter jet made of composite materials and consolidates a vast amount of information onto screens in the cockpit. the skills required for pilots are changing, as the aircraft becomes easier to fly and relies more on tactical decision-making. despite its advancements, the biggest threat to the f-35 may come from budget cuts, as the pentagon pushes lockheed to reduce costs. the f-35 program involves international partners and emphasizes the ability to carry smaller, lighter bombs for extended range and multi-role capabilities.",171,positive
2014-09-13 07:37:39+00:00,"cnbc, Articles, Economy, Politics, US: News, Government Shutdown, source:tagname:Reuters","ukraine's prime minister accuses russian president vladimir putin of trying to destroy ukraine and says that only nato can defend the country from external aggression. the conflict in eastern ukraine, where pro-russian separatists are battling ukrainian forces, has resulted in numerous casualties. despite a fragile ceasefire, sporadic violations continue. the prime minister believes putin's goal is to take control of all of ukraine. he acknowledges that nato is not currently ready to admit ukraine as a member but states that nato is the only means to protect ukraine. the prime minister praises economic sanctions imposed on russia by the eu and the us, which he believes pose a major threat to the russian economy. he also defends his government's efforts to combat corruption and overhaul the economy. the decision to delay the implementation of a new trade pact with the eu is seen as a diplomatic victory for russia, but the prime minister believes it will benefit ukraine's own economy.",189,positive
2014-02-04 13:47:06+00:00,"cnbc, Articles, Energy, Oil and Gas, Energy Commodities, Oil, Law and Regulation, Business News, source:tagname:Reuters","the us government has granted limited licenses for crude oil exports to europe, marking the first permits for shipments to any european country in years. the licenses, granted by the commerce department, have raised questions about the controversial decades-old exports ban. the exact provisions under which the licenses were granted are unclear. these permits could further fuel the debate in washington about the benefits and drawbacks of lifting the ban, as us oil production continues to rise and domestic refiners face saturation. proponents argue that exporting oil could open up new markets, while opponents warn of potential risks to consumers. european refiners stand to benefit from access to cheap and high-quality us shale oil. the licenses may involve oil volume swaps, where us light oil is traded for higher-quality or higher-volume crude or refined fuels.",166,positive
2014-06-03 16:15:52+00:00,"cnbc, Articles, Markets, Currencies, Bitcoin, source:tagname:Financial Times","lawyers are warning that bitcoin could be used to hide assets in divorces, as court battles increasingly focus on asset disclosure. divorce settlements in england are generous to ex-wives, with assets divided equally. lawyers may include digital currencies in financial disclosure orders if there is evidence they have been used. bitcoin provides relative anonymity and is difficult to link to an individual, making it attractive for hiding wealth. unscrupulous spouses could transfer bitcoin quickly and anonymously to friends outside the jurisdiction. experts believe that court orders may soon include digital currencies. as the courts catch up with new technologies, disclosure orders have already incorporated platforms like facebook and twitter.",142,positive
2014-03-18 12:56:09+00:00,"cnbc, Articles, CNBC's Net/Net, Warren Buffett, Janet Yellen, NetNet, US: News, CNBC EVENTS, source:tagname:CNBC US Source",morning sixpack what were reading tuesday happy tuesday hangover anyone then have a little hair of the  irish dog that bit you in the form of a morning sixpack  wall street sees something it likes in the words of vladimir putin which is just  weird new york daily news  gearing up for march madness purely for amusement only here are a few tips to help you fill out  your brackets and win warren  buffetts money bleacher report  also for your handydandy reference an easy guide to all  of the biggest doomsday predictions for  the dour road ahead paul farrellmarketwatch  the chart that might keep federal reserve chair janet yellen up  at night food prices are escalating thanks to  the drought in california and texas and it couldnt come at a  worse time wall street journal  kevin trudeau used to be a hotshot tv pitchman  hawking miracle diets and cancer cures now hes a  jailbird with  years to think about his misdeeds chicago  tribune  and finally  the path for yellen and her cohorts may seem clear  now but things could get a lot more interesting once   hits cnbcs steve  liesman uses results from our latest fed survey to  explain by cnbcs jeff cox follow him on  twitter jeffcoxcnbccom,250,positive
2014-05-08 14:53:51+00:00,"cnbc, Articles, Russia, Ukraine, Europe News, Vladimir Putin, Wars and Military Conflicts, Business News, Economy, World Economy, source:tagname:Reuters","pro-moscow separatists in eastern ukraine have rejected russian president putin's call to postpone a vote on self-rule, announcing that the referendum will go ahead as scheduled on sunday. this decision has raised concerns in the west, with us deputy secretary of state william burns stating that russia is heading down a dangerous path. despite putin's call for a withdrawal of troops from ukraine's border, nato and the united states have seen no signs of a russian pullback. the referendum, which is not recognized by the west, could further worsen the situation and complicate efforts to agree on tighter economic sanctions against russia.",130,negative
2014-04-23 08:50:41+00:00,"cnbc, Articles, Markets, EUR/USD, source:tagname:CNBC Europe Source","euro zone business activity in april showed signs of a nascent recovery, with the composite index rising and beating analysts' expectations. germany experienced strong growth, while france's private sector saw slower growth but a rise in output. however, french firms cut back on staffing levels due to stagnant manufacturing orders. the euro rose after the data release, and european stock markets remained stable. job creation in the euro area increased, although rates of job creation were modest. markit's chief economist predicts a 1% growth in gdp for the second quarter. concerns remain about weak consumer prices and the possibility of deflation, prompting calls for action from the european central bank.",138,positive
2014-07-18 12:39:41+00:00,"cnbc, Articles, Business News, Economy, World Economy, Europe News, source:tagname:CNBC Europe Source","imf managing director christine lagarde has warned that european markets may be too optimistic about the prospects for the eurozone. lagarde highlighted the challenges of debt, unemployment, and low inflation that could hinder growth in the region. she called for eurozone leaders and the european central bank to create an ideal economic environment for recovery, including removing structural roadblocks, supporting monetary policy, and increasing public investment. lagarde also stressed the need for completing a banking union in the bloc and repatriating bank balance sheets. additionally, she recommended deeper integration with global markets to enhance productivity and foster long-term growth.",129,positive
2014-05-24 13:51:32+00:00,"cnbc, Articles, Defense, Politics, Health care industry, Health & Science, US: News, source:tagname:CNBC US Source",as the us honors its veterans problems pile up at the va questions surrounding the department of veterans affairs leadership have swirled amid growing  controversy about the agencys handling and oversight of  hospitals dedicated to caring for americas veteranscnbc first reported on issues within the va healthcare system last  august culminating in a documentary death  dishonor  crisis at the va that aired on veterans daythe department of veterans affairs is the secondlargest federal  agency with a proposed  budget of over  billiona  nearly  percent increase above  funding levels of more than  billion  the va is the largest integrated healthcare system in the country  with over  hospitals clinics community centers and other  facilities by cnbc staff,127,positive
2014-08-26 22:34:36+00:00,"cnbc, Articles, Designer Brands Inc, Sears Holdings Corp, Lands End Inc, Abercrombie & Fitch Co, Ann Taylor, U.S. Business Day, S&P 500, CNBC TV, Mad Money, source:tagname:CNBC US Source","in ""csi mad money,"" jim cramer analyzes five stocks that were left for dead: dsw, sears, lands' end, abercrombie & fitch, and ann taylor. dsw experienced a comeback after a disappointing quarter, beating sales and earnings forecasts. sears, on the other hand, faced a larger-than-expected loss, declining revenues, and cash flow issues. lands' end looks promising after being spun off from sears, showing strong earnings growth. abercrombie & fitch is stabilizing inventory levels and closing stores, indicating potential for growth. ann taylor has attracted activist investors, who believe it could be worth significantly more than its current stock price. cramer suggests waiting for a pullback before considering a move.",153,positive
2014-12-03 03:49:43+00:00,"cnbc, Articles, Business News, Economy, source:tagname:CNBC Asia Source","australia's economy is facing several challenges, including the impact of low commodity prices, declining mining investment, and fiscal tightening. goldman sachs predicts that gdp growth will average just 1% next year. the decline in mining investment will continue to drag down the economy, and rebalancing away from mining-driven growth is taking longer than expected. the reserve bank of australia (rba) is expected to keep interest rates unchanged until march, when goldman sachs forecasts the central bank will start raising rates. however, other economists believe weak growth, slowing inflation, and rising unemployment could prompt the rba to ease monetary policy further. the australian dollar is expected to continue to decline, while the stock market is predicted to see moderate gains.",150,negative
2014-03-25 16:10:14+00:00,"cnbc, Articles, Market Insider, Carnival Corp, United States Steel Corp, AK Steel Holding Corp, Chipotle Mexican Grill Inc, Netflix Inc, SolarCity Corp, eBay Inc, Pfizer Inc, Carlyle Group Inc, JPMorgan Chase & Co, Paccar Inc, Navistar International Corp, NPS Pharmaceuticals Inc, G-III Apparel Group Ltd, Himax Technologies Inc, KBR Inc, Markets, U.S. Markets, source:tagname:CNBC US Source","carnival's projected profit for the year fell below estimates, causing its stock to decline. united states steel and ak steel holding rose after goldman sachs reiterated buy ratings. chipotle mexican grill's momentum stock continued to fall. netflix's stock also dropped after a significant rise. solarcity received a $500 million loan for solar projects. ebay urged shareholders to vote against spinning off paypal. pfizer's shares gained after its cancer drug showed superiority in a study. the carlyle group's shares rose as michael cavanagh joined the company. paccar's stock was upgraded by goldman sachs. navistar international was downgraded by ubs. nps pharmaceuticals received a buy rating. giii apparel group reported potential losses. himax technologies was downgraded by bank of america. kbr was downgraded by goldman sachs.",178,positive
2014-08-25 21:02:12+00:00,"cnbc, Articles, Talking Numbers, CNBC TV, Video and TV, CNBC Digital Workshop, source:tagname:CNBC US Source","the s&p's financial sector showed a 3% gain last week, but experts warn that investing in the entire sector may not be the best idea. ari wald, head of technical analysis, suggests being selective with financial companies and avoiding the xlf etf. he believes that the recent rally is not broad-based and only certain industries, such as capital markets and reits, are worth buying. both wald and gina sanchez, founder of chantico global, express concerns about the xlf's heavy exposure to banks. they argue that the positive earnings results for banks have already been priced into the stocks, making further outperformance unlikely. therefore, if one has a negative view on banks, investing in the xlf may not be favorable.",157,positive
2014-11-12 17:49:15+00:00,"cnbc, Articles, CNBC Information and Policies, CNBC: News Releases, source:tagname:CNBC US Source","cnbc has made programming changes for saturday and sunday. on saturday, ""the profit: west end coffee company"" replaces ""the profit: social."" on sunday, ""the profit: west end coffee company"" replaces ""the car chasers."" additionally, ""the car chasers"" is replaced by ""three great cars, one big problem"" and ""put your money where your mouth is"" at different times. cnbc is a leading business news network, providing real-time financial market coverage and business information globally. they offer a range of digital products, including cnbc.com and mobile apps.",125,positive
2014-12-18 20:00:00+00:00,"cnbc, Articles, Autos, General Motors Co, US: News, Automobiles and Components, Business News, Transportation, source:tagname:CNBC US Source","cadillac is incorporating streaming video technology into their newest model, the ct, to eliminate blind spots. a high-definition camera embedded in the trunk will feed the video to the rearview mirror, providing drivers with an immediate view of what's behind them in all lanes. this technology improves the driver's field of vision by a significant percentage. the ct will be one of the first cars to stream video to eliminate blind spots, and drivers can switch back to the traditional rearview mirror if they prefer. the new high-end model will debut at the new york auto show.",116,negative
2014-10-02 19:56:18+00:00,"cnbc, Articles, US: News, JPMorgan Chase & Co, Business News, Finance, Banks, source:tagname:The New York Times","jpmorgan chase has discovered further cyber security issues on its network, potentially linked to hackers from italy or southern europe. this comes after a previous attack in july, which revealed that hackers gained access to dozens of servers and reviewed information on over one million customer accounts. the extent of the fallout from the first attack is still unknown, and jpmorgan is working to secure its systems and assess the latest breach. the bank assures that no customer money was taken and that it has informed regulators.",103,positive
2014-04-22 21:42:27+00:00,"cnbc, Articles, Economy, Bitcoin, US Economy, Closing Bell, Business News, source:tagname:CNBC US Source",ceo pay is out of line jesse ventura the pay disparity between ceos and workers is far too great  because few executives value physical labor  former minnesota gov jesse ventura told cnbc on tuesday  we somehow diminish physical labor we call that unskilled and  therefore we can pay so much more less for someone who has to  physically sweat and labor digging a ditch whatever it might  be  ventura said on closing bell but where youre educated  and you push a pencil well then you make big money  ventura clarified that ceos have the right to pay themselves as  much as theyd like he just hopes executives will recognize that  physical labor takes skill and should command decent pay  most ceos are incapable of doing physical labor they sit around  with suits on all day pushing pencils said ventura who served  one term as an independent governor of minnesota from  to   ceo pay has gotten way out of line compared to the people  that work for them  ventura called on executives to pay physical laborers a living  wage though he didnt specify what it might be by cnbcs drew  sandholm,209,positive
2014-11-13 18:25:56+00:00,"cnbc, Articles, Elections, Congress, Energy, Politics, TC Energy Corp, Keystone Pipeline, source:tagname:CNBC US Source","after six years of debate, the keystone pipeline will finally be voted on in the us senate. senator mary landrieu, a democrat facing a runoff, called for the vote to save her seat. the democratic leadership approved the move and republicans reached a deal for a vote next week. in the house, a keystone bill has been introduced, giving the republican candidate, bill cassidy, media attention. the bill will require six democrats to change their votes to pass. however, the approval of the pipeline is uncertain as the obama administration may veto it due to the established review process. landrieu is currently behind in the polls and could benefit from the attention this vote brings.",136,negative
2014-12-05 15:35:11+00:00,"cnbc, Articles, Politics, Barack Obama, Ashton Carter, source:tagname:CNBC US Source",obama nominates ashton carter for secretary of defense president barack obama announced  friday he is nominating ashton ash carter to be the next  secretary of defense  with a record of service that has spanned more than  years as  a public servant as an adviser as a scholar ash is rightly  regarded as one of our nations foremost national security  leaders obama said  if confirmed by the senate carter will replace former republican former sen chuck hagel who is  stepping down read more hagel submits resignation  as defense chief under pressure  carter was deputy secretary from  to    i think its fair to say that ash at your one year attempt at  retirement from public service you failed miserably but i am  deeply grateful that youre willing to go back at it obama  said  a rhodes scholar carter is a trained physicist and weapons  expert the president praised him as one of the few people who actually understand how many of our defense systems work  before announcing carters nomination obama touted the  betterthanexpected jobs number released friday morning reuters contributed to this report,198,positive
2014-03-10 22:01:33+00:00,"cnbc, Articles, Investment strategy, Markets, Stock markets, Wall Street, Investing, stocks, U.S. Markets, Closing Bell, US: News, Finance, source:tagname:CNBC US Source","index fund pioneer jack bogle advises investors not to panic and jump ship amidst the current risky territory in the stock market. while famed investor seth klarman warns of a potential asset price bubble, bogle believes that investors should diversify and weather the storm rather than trying to time the market. bogle acknowledges the potential drop in stocks due to the federal reserve tapering its asset-buying program and raising interest rates but emphasizes the solid underlying value of corporate america. he suggests that owning corporate america, with its growth potential and dividend yields, can provide a return of around 7% over the long term. bogle recommends investing in bonds as a hedge against equity market instability. he concludes that trying to time market entries and exits is foolish, and investors should mentally prepare for potential troubles but continue investing.",163,negative
2014-12-01 17:19:38+00:00,"cnbc, Articles, Investment strategy, Personal loans, Amazon.com Inc, Moody's Corp, Investing, Debt, Credit and Debt, US: News, Credit Ratings, source:tagname:CNBC US Source",moodys lowers outlook on amazon to negative moodys investors service cut its outlook on amazoncom from stable to negative on  monday prompted by the online retailers announcement that it was  issuing new debt   the credit rating agency also affirmed the companys baa senior unsecured ratingfollowing the news amazon stock dropped more than  percent   read more moodys downgrades japan as  concerns grow  the size of amazons new senior unsecured notes is yet to be  determined said moodys vice president charlie oshea in a  release it is the agencys expectation that the funds will be  used for corporate purposes that will support growth initiatives  rather than for shareholder returns  the negative outlook reflects the impact the new debt will have  on interest coverage that is already weak at  times for the  ltm september  as well as debtebitda which will increase  meaningfully as well moodys said read morechristmas came early for amazon time  to sell  while the new debt will further exacerbate amazons already weak  interest coverage due to among other things the lack of  visibility surrounding the cadence for deployment of proceeds  potential areas of future growth and investment utilizing these  proceeds and the timing of potential positive returns moodys  believes that the companys excellent liquidity provides  sufficient cushion to affirm the baa rating,250,positive
2014-02-12 14:24:15+00:00,"cnbc, Articles, Business News, Economy, World Economy, Europe News, source:tagname:Reuters",italys letta says anyone wanting him to resign must say so italian prime minister enrico letta made clear on wednesday  he had no intention of resigning and said that if the centerleft  leader matteo renzi wants to replace him he must state it  openly   read more italys latest risk to stability the renzi  factor  letta spoke to reporters amid widespread speculation that renzi  the leader of the democratic party pd that both men belong  to will push for the pd to withdraw its support from letta  at a leadership meeting thursday  anyone who wants to take my place must spell out their  intentions letta said after an hourlong meeting with  renzi in which neither man was willing to back down  according to sources   letta said he was proud of his governments record and that he  was motivated by a spirit of service to the country not by  personal ambition by reuters,168,positive
2014-11-13 13:05:19+00:00,"cnbc, Articles, Market Insider, Markets, Wall Street, Earnings, Walmart Inc, Kohl's Corp, Procter & Gamble Co, Berkshire Hathaway Inc, Viacom Inc, Johnson Controls International PLC, Cisco Systems Inc, DreamWorks Animation SKG Inc, Hasbro Inc, Old Copper Company Inc, NetApp Inc, Rocket Fuel Inc, Microsoft Corp, Sony Group Corp, U.S. Markets, Finance, source:tagname:CNBC US Source","in pre-market news, walmart (wmt) beat earnings estimates for the latest quarter, driven by a strong back-to-school season. kohl's (kss) missed estimates with lower-than-expected profit and revenue. procter & gamble (pg) is selling its duracell battery business to berkshire hathaway. viacom (via) reported an adjusted profit increase, while tyco (tyc) matched estimates. cisco (csco) beat earnings expectations but gave a revenue forecast below estimates. dreamworks (dwa) is in talks to be acquired by hasbro. jc penney (jcp) reported a smaller loss than expected, but its revenue fell short. netapp (ntap) beat earnings estimates but gave a weak forecast. rocket fuel (fuel) posted a smaller loss and better-than-expected revenue. microsoft (msft) is acquiring israeli cybersecurity startup aorato. sony unveiled its new cloud-based television service, playstation vue.",210,positive
2014-07-31 11:30:42+00:00,"cnbc, Articles, Economy, Layoffs, Unemployment, Bitcoin, HP Inc, Microsoft Corp, US Economy, Business News, source:tagname:CNBC US Source",us job cuts soar thanks to tech layoffs challenger us employers planned to cut nearly  positions in july challenger gray  christmas reported thursday meting out  percent more job cuts than in the prior monththe global outplacement firm said in its monthly layoff report that planned payroll reductions hit  the second highest level of the year that compares with junes  cuts which were the fewest of  the firm added that massive staff reductions by hewlettpackard and microsoft helped inflate this months figureto date employers have announced  job cuts a level slightly below the comparable yearago period challenger reported   by cnbccom,121,positive
2014-01-26 18:36:10+00:00,"cnbc, Articles, Lions Gate Entertainment Corp, Technology, Media, source:tagname:Reuters","""ride along,"" a buddy cop comedy starring kevin hart and ice cube, topped the us box office for the second consecutive week, earning $ million in ticket sales. ""lone survivor,"" an afghanistan war tale with mark wahlberg, took the second spot with $ million. ""the nut job,"" an animated film, came in third with $ million. ""i, frankenstein,"" the only major new release, opened in sixth place with $ million, falling short of industry forecasts. ""frozen"" and ""jack ryan: shadow recruit"" rounded out the top five. ""american hustle"" performed well among the oscar-nominated films, finishing in seventh place.",138,positive
2014-10-06 10:20:19+00:00,"cnbc, Articles, Health care industry, International Consolidated Airlines Group SA, Health & Science, Medicine, Business News, source:tagname:Reuters","scientists predict that there is a chance ebola could reach france and the uk by the end of october. the risk is based on air traffic patterns and the assumption that travel will continue at full capacity. the worst affected countries, including guinea, sierra leone, and liberia, have travel links to france and the uk, making them more susceptible. despite this, the probability of the disease spreading widely or developing into an epidemic in developed countries is considered extremely low. the capacity to detect and confirm cases in these countries is considered sufficient to prevent local transmission. ebola patients are most contagious in the terminal stages of the disease, but it can have a long incubation period where people are unaware they are infected. however, the controlled and sanitized environment of modern western cities makes it difficult for the disease to spread extensively.",168,neutral
2014-07-03 18:43:22+00:00,"cnbc, Articles, Technology, Computer hardware, Ambarella Inc, GoPro Inc, Alphabet Class A, Texas Instruments Inc, Xilinx Inc, FLIR Systems Inc, Qualcomm Inc, NVIDIA Corp, Meta Platforms Inc, Hardware, US: News, Computer Hardware, source:tagname:CNBC US Source","chipmaker ambarella is gaining attention for its surging stock and high-profile clients like gopro and google. while the company is relatively small, with a market cap of around $500 million, its stock has risen by over 600% in the past year. ambarella's ceo, fermi wang, stated that their main driver of business is the security and surveillance market, with ip security cameras constituting a significant portion of their business. additionally, ambarella sees potential in the drone market as more manufacturers want to equip drones with high-quality cameras. while some analysts argue that the good news is already priced in and the semiconductor market may be due for a fall, others believe ambarella has competitive advantages and could be an acquisition target for tech giants like qualcomm, nvidia, intel, google, or facebook.",177,positive
2014-04-07 20:24:50+00:00,"cnbc, Articles, Sports, Higher education, College, College Sports, College Basketball, Business News, Life, source:tagname:CNBC US Source","the university of connecticut is sending both its men's and women's basketball teams to the ncaa finals for the second time in years. this is expected to have a positive impact on the university's bottom line, with higher merchandise sales and increased ticket prices. there may also be an increase in financial contributions from alumni. the university hopes that this success will bring more attention to the institution and potentially lead to a larger applicant pool. however, there are concerns about the academic quality of students attracted solely by athletic success. the ""flutie effect,"" where universities experience increased applications and enrollment due to athletic success, is more likely to occur for schools that have historically had lower profiles. while uconn's tournament wins may boost application numbers slightly, it is not expected to have a significant impact like it would for schools that are seen as cinderella stories. overall, uconn's basketball programs are highly regarded and considered blueblood college basketball programs.",194,positive
2014-07-11 11:35:53+00:00,"cnbc, Articles, Market Insider, Earnings, Lorillard Inc, Reynolds American Inc, Procter & Gamble Co, Qualcomm Inc, Fastenal Co, Amazon.com Inc, Chevron Corp, Gap Inc, Rent-A-Center Inc, Darden Restaurants Inc, Whirlpool Corp, Indesit Company SpA, Markets, U.S. Markets, source:tagname:CNBC US Source","in pre-market news, several companies are making headlines. lorillard and reynolds american confirmed merger talks and discussions with britain's imperial tobacco. procter & gamble was downgraded by wells fargo due to a lack of improvement in fundamentals. qualcomm was removed from goldman sachs' conviction buy list. fastenal reported second-quarter profit in line with estimates, but revenue fell short. amazon responded to an ftc suit regarding unauthorized purchases by children. chevron expects higher second-quarter profits, while gap reported lower same-store sales. rent-a-center forecasts lower second-quarter profit and sales due to macroeconomic pressures. darden restaurants won dismissal of a new york lawsuit. whirlpool will buy a 60% stake in italy's indesit company to strengthen its european manufacturing operation.",172,positive
2014-01-20 14:00:00+00:00,"cnbc, Articles, Alternative and sustainable energy, Energy, SolarCity Corp, Tesla Inc, Renewable Energy, US: News, Business News, source:tagname:CNBC US Source","solar companies, such as solarcity, are exploring various innovative ways to raise capital for their projects. this includes bond issues, bank loans, and even crowdfunding. solarcity, backed by tesla's elon musk, plans to offer debt investments backed by pools of solar assets. this trend indicates a maturation process in the renewable energy industry and a potential decrease in reliance on government subsidies. the demand for solar power is expected to grow exponentially, leading to an increase in available investment opportunities. private investors are becoming more interested in funding green projects, and the drop in solar prices is fueling strong demand. solar power is seen as an attractive investment due to its local generation potential and simplified infrastructure compared to other energy sources. however, critics question the reliability of solar securities and the relatively short lifespan of solar projects. overall, the move towards tapping capital markets and diversifying investments in green projects may make the sector less vulnerable to public funding backlash.",194,positive
2015-08-21 01:45:47+00:00,"cnbc, Articles, Asia Economy, source:tagname:CNBC Asia Source","the preliminary reading for china's purchasing managers index (pmi) fell to a near six-and-a-half-year low of in august, below the forecast of , indicating ongoing sluggishness in the country's factory sector. the final caixin china pmi dropped to a two-year low of in july, while the official pmi stayed above contraction territory at for the same month. caixin's pmi data focuses on smaller and medium-sized companies not covered by official data. both new orders and new export orders subindexes declined at a faster rate than in july, suggesting weakening domestic and external demand. recent economic data, including industrial production and retail sales, came below expectations, leading to the devaluation of the yuan. the flash pmi reading indicates china's contribution to global inflation concerns. china's gdp growth may slip below % in the second half of the year, but some economists believe that the downside risks to growth in the short-term are overstated and that policy support will be increased to prevent further decline.",222,positive
2015-10-20 03:43:50+00:00,"cnbc, Articles, Hong Kong, Asia Economy, Economy, GDP, Business News, Global Opportunities: Hong Kong, source:tagname:CNBC Asia Source","hong kong's white collar workers have a pessimistic view of the region's prospects due to political tension with beijing, high property prices, and an economic slowdown in mainland china. a study by cpa australia found that 85% of respondents described themselves as pessimistic, compared to just 30% who believed hong kong's gdp growth would expand. the main threats to hong kong's competitiveness were seen as coming from mainland china and singapore. the world economic forum ranked hong kong seventh in its global competitiveness index, noting the need for the city to evolve into an innovative powerhouse. the economic slowdown in china has already impacted hong kong's exports and retail sales. however, some analysts believe the projected gdp figures are acceptable for an advanced economy. closer economic collaboration with china, particularly in sectors like ecommerce, healthcare, and finance, could help overcome the negative outlook. beijing's initiatives, such as the asian infrastructure investment bank and the belt and road initiative, aim to drive economic growth in hong kong.",214,positive
2015-03-19 19:43:07+00:00,"cnbc, Articles, Legislation, Agriculture, Weather, Weather and Natural Disasters, US: News, Politics, Law, source:tagname:CNBC US Source",ca leaders propose b drought relief package california gov jerry brown and state leaders unveiled legislation thursday for a  billion drought relief package designed to help the state deal with ongoing dry  conditions   this unprecedented drought continues with no signs yet of  letting up brown said in a release the programs funded by the  actions announced today will provide direct relief to workers and  communities most impacted by these historic dry  conditionsread more california drought was bad  will be worsethe package would include funding for safe drinking water and infrastructure projects designed to help the state deal with dry weather  it would also accelerate  million in funding from browns budget to  communities heavily affected by the drought the governors office  said   about  percent of california remains in at least a severe drought  according to the us drought monitor drought in the state is  expected to causes losses of about  billion this yearread morewhy californias dairy cows are leaving the state  california has pledged more than  million to drought relief  since last february brown has previously called on california  residents to reduce their water use,194,positive
2015-03-29 03:13:57+00:00,"cnbc, Articles, Greece, Vladimir Putin, Europe, Business News, Economy, source:tagname:Reuters","greek prime minister alexis tsipras stated that he does not want a rift with europe and is actively seeking a solution to secure much-needed funds for greece. the country is facing a liquidity problem and will run out of money by april if it does not receive further funding. tsipras submitted a list of reforms to its lenders to stave off bankruptcy. the reforms aim to boost state revenues by tackling tax evasion but oppose further recessionary measures such as wage or pension cuts. while talks unfold, greece plans to sell its majority stake in the port of piraeus to raise funds. there are also discussions with russia regarding a potential loan request, although greece has clarified that it is not currently seeking funding from russia.",151,positive
2015-01-21 12:09:21+00:00,"cnbc, Articles, Davos - World Economic Forum, CNBC's Net/Net, Wall Street, Investment strategy, Alternative investing, Hedge Funds, Davos WEF, Investing, Alternative Investing, NetNet, Special Reports, Finance, source:tagname:CNBC US Source",paul singer cushion to withstand risks is very low paul singer thinks the recent dramatic move in the swiss  francand resulting lossesshows just how exposed most  investors are to market riskgiven the pricing and the still opaque and overlevered financial system the sensitivity  to risks is extremely high  and the cushion  to withstand risks is very low the founder of elliott management said at the world economic  forum in davos switzerland on wednesday many traders were caught off guard last week when the swiss  government unexpectedly removed the cap on the swiss  franc to the euro causing it to spike in value versus other  currencies such as the us dollarand causing  major losses for some investorsread moreeverest capital falls victim to swiss franc shutters largestfund  singer repeated his claim that central bank economic stimulus  programs which have provided access to cash at record low  prices have created a major distortion in asset prices  he said the high value of stocks and low yield of bonds is leaving little cushion for a negative geopolitical  event   i believe strongly singer said that markets are mispricing  risk throughout the world read moreswitzerland will  suffer after snb move zurich ceo,227,positive
2015-07-29 07:59:52+00:00,"cnbc, Articles, FTSE 100, Stock markets, World Markets, DAX, CAC 40 Index, Europe News, Politics, stocks, Europe Markets, Europe Economy, CNBC TV, Video and TV, Europe Business Day, Squawk Box Europe, Squawk Box Live, source:tagname:CNBC Europe Source",as it happened china stocks stage late rally up  squawk box live in europe kept you up to date with chinas stock markets which staged a late rally wednesday this came as investors geared up for another bumper day of earnings and the conclusion of this months federal reserve monetary policy meetingapp users please click here,62,negative
2015-10-22 10:53:20+00:00,"cnbc, Articles, Apparel Retail, Retail industry, Lululemon Athletica Inc, Retail, Apparel, US: News, Consumer Durables and Apparel, Business News, source:tagname:Reuters","lululemon athletica's chief product officer, tara poseley, is leaving the company as part of an organizational shuffle. this comes after the retailer has faced challenges with narrowing margins and supply chain issues. poseley's role will be eliminated, and the company has also announced the creation of a new creative director role. lululemon has been grappling with concerns over product quality and faced recalls for issues such as overly sheer yoga pants. the company's stock has fluctuated in response to these challenges. lululemon aims to reinforce its brand and improve its design by bringing the mens and womens product lines under the same umbrella.",134,positive
2015-10-12 05:13:49+00:00,"cnbc, Articles, Business News, Economy, World Economy, Europe needs swagger, source:tagname:CNBC Europe Source","eurogroup president jeroen dijsselbloem believes that europe still has work to do to become ""shockproof"" despite significant progress since the economic crisis. he emphasizes the need for self-confidence and stability, while also broadening economic and political perspectives. to achieve these goals, dijsselbloem suggests extending and completing the banking union, creating a capital markets union, and implementing structural reforms to enhance competitiveness. data indicates a modest recovery in the eu, but concerns remain for key economies like germany and france. dijsselbloem remains optimistic, highlighting strong growth in countries such as ireland, spain, the netherlands, and the baltic countries. however, he stresses the importance of addressing hindrances in the european economy, such as cutting red tape and opening up markets. by addressing these issues, potential growth could increase by four percentage points.",178,positive
2015-02-13 22:39:51+00:00,"cnbc, Articles, Stock markets, Apple Inc, Cerner Corp, Goldcorp Inc, Campbell Soup Co, SPDR S&P Metals & Mining ETF, stocks, Fast Money, CNBC TV, source:tagname:CNBC US Source","on tuesday, february [date], the fast money traders revealed their final trades. tim seymour bought xme, brian kelly bought gg as he predicted a dollar correction. steve grasso bought cpb, and guy adami bought cern. trader disclosures mentioned various stocks and commodities. guy adami disclosed being long on celg, exas, and intc, and his wife works at merck. steve grasso disclosed being long on aapl, ba, clvs, evgn, fb, gdx, googl, and more. brian kelly disclosed being long on btc, us dollar, gld, and various other positions. tim seymour disclosed being long on aapl, bac, bx, c, dis, and more.",161,positive
2015-09-16 13:57:24+00:00,"cnbc, Articles, Technology, Layoffs, HP Inc, Squawk on the Street, source:tagname:CNBC US Source","hewlett packard ceo meg whitman announced another round of layoffs, citing the rapid changes in the technology market. the company will be split into two separate firms, one focused on enterprise services and the other on hardware. the layoffs aim to restructure the labor force, move to low-cost locations, and increase automation. these cuts will help hp expand its profit margins and save about $2 billion annually. whitman expressed confidence that the separated companies' focus, competitiveness, and capital structure will lead to future growth and profitability. the company expects to have 60% of its workers employed overseas in low-cost locations by 2020.",131,negative
2015-02-12 22:09:35+00:00,"cnbc, Articles, Market Insider, American International Group Inc, Groupon Inc, Zynga Inc, King Digital Entertainment plc, Kraft Foods Group Inc, ViacomCBS Cl B, Conagra Brands Inc, Markets, U.S. Markets, source:tagname:CNBC US Source",afterhours buzz aig cbs king digital  more check out which companies are making headlines after the  bell thursday aig  shares dipped after the  insurance provider reported earnings of  cents per share versus expectations of  per  share the company also announced a  billion stock  repurchase program  cbs  the broadcast company beat  expectations and its revenue grew thanks to increased  advertising sales kraft foods  shares of the food  producer fell about  percent it    groupon  groupon easily  topped wall streets earnings and revenue expectations but its  forecast for firstquarter results fell short of expectations  shares of the ecommerce firm fell about  percent after the  announcement  king digital  shares of the  candy crush maker  after it beat expectations on the top and bottom  lines  zynga  shares plunged nearly   percent after the gamemaker missed wall street revenue and  monthly active user estimates  conagra foods  shares slipped about  percent after it announced changes in management and cut its  full year  earnings forecasts,176,positive
2015-01-08 15:44:21+00:00,"cnbc, Articles, Stock markets, Retail industry, Oil and Gas, Costco Wholesale Corp, stocks, Oil, Retail, Squawk on the Street, Markets, Stocks, source:tagname:CNBC US Source",cramer costco could gain from falling oil prices retailers such as costco could see a big benefit as oil prices  keep dropping according to jim cramer  raw costs are coming down and at the same time there is more  traffic he said on cnbcs squawk on the street thursday  people are spending again and thats the theme read more why oil will go  even lower  the retailer reported on thursday its december samestore sales  grew  percent  percent above estimatesread more  dont fret over oils effects yet mcnamee  cramer added theres way too much being talked about that capital  expenditures in oil is coming down  thats really concentrated in texas louisiana and north  dakota he said lets not lose sight of the fact that   more in peoples pocket is being spent in retaildisclaimer,154,positive
2015-06-12 16:25:15+00:00,"cnbc, Articles, Personal finance, Retirement planning, Retirement, Personal Finance, Investing, source:tagname:CNBC US Source","a recent survey by massmutual found that most americans have a limited understanding of social security benefits. out of the surveyed individuals, only one person answered all the questions correctly. more than 70% received a failing grade on the elementary test. lack of knowledge about social security extends to misconceptions about eligibility and benefits. for example, many incorrectly believed that non-us citizens can collect full benefits while working, regardless of age. additionally, 63% of respondents believe social security will be available to them in retirement, while only 30% expect sufficient funding for the program. the social security and medicare trustees predict that the trust funds will be depleted by 2035, resulting in about 80% of retirement benefits being paid out. this lack of understanding is a reflection of the overall lack of financial literacy, and employers can play a role in improving this by providing financial wellness programs. concerningly, even among those aged 50 or older, 39% failed the social security quiz. this lack of knowledge may lead individuals to underutilize this crucial source of income during retirement.",216,positive
2015-09-17 18:38:35+00:00,"cnbc, Articles, Market Insider, Federal Reserve System, Central banking, Stock markets, S&P 500 INDEX, Janet Yellen, The Fed, Central Banks, stocks, US: News, Market Outlook, Investment Strategy, Markets, U.S. Markets, source:tagname:CNBC US Source","the federal reserve decided not to raise interest rates, citing global economic and market developments threatening the us economy. while there is enough economic activity to consider a rate hike, inflationary pressure is lacking. market expectations for a rate hike are now priced into march, and the chances of a december hike have fallen. the fed's decision was influenced by concerns about sluggishness in china and international developments. gdp and inflation forecasts were revised downward, highlighting worry about china and foreign exchange volatility. the uncertainty surrounding rate hikes prolongs economic uncertainty. the doves within the fed grew in number, signaling a softer stance on rate hikes. the probability of a rate hike in october increased, but uncertainty remains. central banks worldwide are concerned about getting inflation levels just right. this decision was highly anticipated, with some expecting a rate hike despite market expectations indicating otherwise. the fed has not raised rates in nine years, maintaining rates between zero and 0.25%.",198,positive
2015-04-10 17:18:57+00:00,"cnbc, Articles, General Electric Co, Options Action, Options, CNBC TV, source:tagname:CNBC US Source","savvy traders made millions off of general electric's recent deal, cashing in on well-timed options trades. these traders purchased april strike calls when ge stock was trading around a certain price. as ge shares rallied, these call options became worth six times their original value. the traders who made these purchases had very little time for their bets to pay off, as the options expire next week. this activity is uncommon for ge, as short-term speculation in the options market is unusual for the company. hedge funds have also been buying calls on ge for some time now. despite these recent gains, ge shares are still well below their all-time high.",137,positive
2015-01-08 16:06:28+00:00,"cnbc, Articles, World Markets, Bonds, Markets, Corporate bonds, Investment strategy, Corporate Debt, Investing, Credit and Debt, Squawk on the Street, Market Outlook, Europe Economy, source:tagname:CNBC US Source","investor marc lasry believes that europe could experience a deflationary period similar to japan's for the next five years. lasry's firm, avenue capital, has been buying discounted creditside debt in europe as banks have been selling off increasing amounts of debt. to avoid deflation, europe needs to achieve gdp growth of 2-3%, but currently, growth is stagnant. avenue capital is focusing on the credit side of the european debt market due to ongoing pressure on banks to deleverage. lasry is personally invested in greek debt, but his firm does not purchase sovereign bonds. europe still has a significant supply of debt compared to demand.",137,negative
2015-10-06 19:24:25+00:00,"cnbc, Premium, Articles, Stock markets, Investment strategy, Investing, stocks, source:tagname:CNBC US Source",strategist paulsen market bottom is not in jim paulsen chief investment strategist of wells capital management believes the stock market selloff is not over  finding a bottom in the stock market may well be a fools game  but that does not stop us fools from trying paulsen wrote to clients tuesday he added in our view a quick  recovery back near alltime highs would leave the stock market  with many of the same vulnerabilities that started the  correction consequently we would not be surprised if the stock  market tests its correction low yet again and perhaps even fails  before reaching a final bottom  here is why he believes the market is vulnerable,126,negative
2015-11-24 11:25:41+00:00,"cnbc, Articles, Real estate, Housing, Mortgages, Alphabet Class A, Real Estate, US: News, Foreclosures, Technology, Tech Transformers, source:tagname:CNBC US Source","google has expanded its financial services by offering an online tool for comparing mortgages in california. the tool aims to help homebuyers make informed financial decisions and will be rolled out to more us states. google predicts that nearly half of borrowers don't shop around for mortgages. this comes after the launch of a mortgage calculator tool earlier this year. the uk version of the tool includes car and travel insurance comparisons. the move reflects the growing interest in digital channels and strategies within the mortgage industry. however, uk regulations favor traditional advice provision over digital strategies. lenders are exploring how to cater to the tech-savvy generation while navigating regulatory challenges.",140,positive
2015-01-16 13:24:27+00:00,"cnbc, Premium, Articles, Stock markets, Investment strategy, Oil and Gas, Energy, Chesapeake Energy Corp, Investing, Energy Commodities, stocks, Stock Picks, source:tagname:CNBC US Source",value investor nygren catching chesapeake energy shortterm pain longterm gain   thats how top fund manager bill nygren views investing into the  precipitous fall in energy stock prices telling cnbccom given  the recent selloff this is the area to be opportunistic in,59,positive
2015-03-25 16:57:43+00:00,"cnbc, Articles, Technology, Apple Inc, Tech Drivers, The Tech Bet, Special Reports, source:tagname:CNBC US Source","according to activist investor carl icahn, apple is worth more than $1 trillion based on his share valuation. however, morningstar analyst brian colello disagrees and believes reaching a $1 trillion valuation would be difficult. he suggests that while the iphone continues to drive apple's growth, other products like the ipad and apple watch may cannibalize its success. colello also notes that the smartphone market is becoming saturated, with most growth expected in the low-end segment where apple has limited presence. despite this, colello acknowledges that the apple watch can bring incremental revenue and enhance customer loyalty within the ios ecosystem. overall, while there may be short-term upside potential, long-term growth prospects for apple are uncertain.",152,positive
2015-09-28 00:19:46+00:00,"cnbc, Articles, BlackRock Inc, World economy, Economy, World Economy, Business News, World News, source:tagname:Financial Times","saudi arabia has withdrawn billions of dollars from global asset managers in an effort to reduce its deficit and decrease exposure to volatile equity markets. the country's foreign reserves have declined by nearly $100 billion since the slump in oil prices began, prompting the central bank to turn to domestic banks for financing. fund managers estimate that the saudi arabian monetary agency has pulled out $70 billion over the past six months, causing concern about when they will return. managers with ties to gulf sovereign wealth funds, such as blackrock and franklin templeton, have received redemption notices. this cash grab has also affected institutions like state street, northern trust, and bny mellon. although some of the withdrawn funds have been used to fund the deficit, the central bank is seeking to reinvest in less risky and more liquid products. blackrock has already reported net outflows from the middle east and africa due to redemptions from saudi arabia and other gulf sovereign funds.",191,negative
2015-01-26 22:47:26+00:00,"cnbc, Articles, source:tagname:CNBC Asia Source","the risk of a sovereign default in greece has increased after the anti-austerity syriza party won the snap elections. the party's leader, alexis tsipras, promised an end to austerity and sought a dramatic easing of repayment terms. while greece still owes billions of euros, experts believe that the european central bank's proactive stance and the establishment of firewalls within the eurozone mitigate the impact of a potential greek exit from the euro. however, it remains to be seen if greece can deliver on its promises without jeopardizing its position in the eurozone.",126,negative
2015-07-04 15:28:03+00:00,"cnbc, Articles, Health insurance, Health care industry, Mergers and acquisitions, Anthem Inc, Cigna Corp, Aetna Inc, Humana Inc, Tenet Healthcare Corp, HCA Holdings Inc, Community Healthcare Trust Inc, Community Health Systems Inc, LifePoint Hospitals Inc, Centene Corp, Deals & IPOs, Health & Science, Health Insurance, US: News, Mergers, Business News, Finance, source:tagname:CNBC US Source","aetna and humana have announced a $34 billion merger, while centene plans to buy health net for $6.8 billion. if anthem and cigna also merge, it would mark a significant consolidation in the health insurance sector. the key question is whether regulators will approve these deals. christopher koller, president of the milbank memorial fund, believes that regulators will scrutinize market share and potential impact on competition. critics argue that consolidation could lead to higher rates and less ability for states to adjust those rates. regulatory approvals for these mergers are expected to take time. consolidation may lead to improved efficiencies, but effective rate review and antitrust systems are crucial. insurers justify consolidation as a response to consolidation in the hospital and medical provider sector. doctors, hospitals, and consumer advocates are expected to express opposition to these mergers.",176,positive
2015-05-09 18:00:00+00:00,"cnbc, Articles, Technology, Life, Match Group Inc, On The Money, Consumer Technology, CNBC TV, source:tagname:CNBC US Source","dr. neil clark warren, the founder of eharmony, warns that while opposites may attract initially, they often end up attacking each other over time. he emphasizes the importance of finding the right person to marry, as it becomes difficult to change someone after marriage. warren believes that intelligence is a crucial factor in successful relationships and that eharmony matches people based on broad-based compatibility. the dating service industry is worth billions, with eharmony holding a significant market share. however, tinder, known for casual hookups, attracts users uninterested in marriage. warren claims that the divorce rate for eharmony couples is significantly lower than the widely quoted statistic of half of all us marriages ending in divorce. eharmony has specific subgroups for ethnicity, age, and religion, but directs same-sex singles to their sister site, compatible partners. warren acknowledges the contentious nature of the same-sex marriage debate and takes it seriously. despite not having extensive experience in therapy with same-sex couples, eharmony aims to help them form long-term, fulfilling relationships.",223,positive
2015-05-13 14:22:33+00:00,"cnbc, Articles, Federal Reserve System, Economy, Interest Rates, Markets, Jobs, Inflation, The Fed, Squawk Box U.S., Business News, source:tagname:CNBC US Source",dick grasso t question nobody is asking the fed with all the talk about when the federal reserve might increase interest rates former new  york stock exchange chief dick grasso said wednesday hes  concerned about how the central bank plans to reduce its   trillion balance sheet  the question nobody seems to be asking the fed according to grasso how are you going to do  that in the context of everyone else in the world stimulating  and lowering ratesapplying if you will the type of  stimulus we applied  the total assets of the fed have increased  from about  billion in august  during three rounds of  quantitative easing bond purchases  that started in november  in an effort to support the economy  and combat the effects of the financial crisis  former fed chairman ben bernanke argued at an event last month  the central bank could maintain its balance sheet at somewhat  higher amounts than precrisis levels read moredont expect rate  riot roubini  some fed watchers see perhaps  trillion to  trillion as a  new sweet spot once the unwinding is complete  four trillion is unprecedented but to shrink it by twothirds  you dont have a comparable period in our history grasso said  in an interview on cnbcs squawk  box,234,positive
2015-07-24 22:13:30+00:00,"cnbc, Articles, China, Greece, Federal Reserve System, Meta Platforms Inc, Exxon Mobil Corp, Gilead Sciences Inc, Twitter Inc, Procter & Gamble Co, The Fed, U.S. Business Day, S&P 500, CNBC TV, Mad Money, source:tagname:CNBC US Source","china's weak factory orders and a struggling stock market have caused concern about the global economy. jim cramer believes the us market is strong, but fears the federal reserve may raise interest rates too soon, leading to negative earnings for us companies and a stronger dollar. cramer sees china as the new greece and expects further market decline. he is focused on upcoming earnings reports from companies like baidu, facebook, and exxon mobil to gauge the long-term view of oil and potential recovery. cramer advises investors to look beyond china and the fed for investment opportunities.",114,negative
2015-08-06 20:00:00+00:00,"cnbc, Articles, Markets, Noodles & Co, Dow Jones Industrial Average, S&P 500 Index, NASDAQ Composite, U.S. 10 Year Treasury, U.S. 2 Year Treasury, Viacom Inc, Twenty-First Century Fox Inc, ViacomCBS Cl B, Green Mountain Coffee Roasters Inc, Fitbit Inc, Herbalife Ltd, Tesla Inc, iShares Biotechnology ETF, Apple Inc, Walt Disney Co, Mondelez International Inc, Chevron Corp, CBOE Volatility Index, Microsoft Corp, Nike Inc, Cisco Systems Inc, US: News, U.S. Markets, source:tagname:CNBC US Source","the us stock market closed lower on thursday as media stocks plunged and investor weighed declines in oil and disappointing earnings. the dow jones industrial average ended at its lowest level in months, posting its first day losing streak since october. viacom, 21st century fox, and disney all experienced post-earning stock declines, bringing the media sector down about 4%. the markets continue to be influenced by mixed economic data and uncertainty about the timing of an interest rate hike. all eyes are on friday's jobs report, which could have an impact on short-term interest rates. oil prices continued to decline, with wti crude settling at $47.05 a barrel.",134,negative
2015-08-24 01:00:15+00:00,"cnbc, Articles, Market Insider, Walt Disney Co, Wendys Co, Tesla Inc, Mondelez International Inc, Groupon Inc, Booking Holdings Inc, China, Federal Reserve System, Malaysia, Mexico, Wyoming, The Fed, S&P 500, US: News, Market Outlook, Investment Strategy, Markets, U.S. Markets, source:tagname:CNBC US Source","traders are seeking clarity from china and the fed as stocks start the week on a nervous footing. last week saw a nearly 6% decline in the s&p 500, and traders fear it could be the first double-digit decline in four years. concerns about a slowing chinese economy and uncertainty about a potential rate hike in september are contributing to market volatility. china has taken steps to add liquidity to its banks, but market expectations for further action may be too high. bond yields have not seen a significant flight to quality trade, and oil futures have been on a steady decline. traders will be closely watching the fed symposium in jackson hole, where important discussions will take place.",139,positive
2015-11-23 20:57:10+00:00,"cnbc, Articles, Market Insider, Oil and Gas, Commodity markets, WTI Crude (Dec'21), OPEC, Saudi Arabia, Venezuela, Iran, Futures & Commodities, Investment Strategy, Markets, U.S. Markets, source:tagname:CNBC US Source","speculation arises over opec's market-based pricing strategy after comments from saudi arabian officials. however, the cartel is unlikely to change policy and is less relevant than ever. oil prices surged and then fluctuated after saudi officials expressed willingness to work with both opec and non-opec countries to stabilize the market. analysts believe that the comments were a reminder of saudi arabia's power but do not expect opec to cut production significantly. opec's new pricing strategy, implemented a year ago, allowed the market to set prices instead of opec stabilizing them through production cuts. analysts anticipate that opec will maintain its current strategy, despite calls from some members to cut production. iran poses a challenge within opec as it aims to increase production after the lifting of international sanctions. analysts believe that opec will continue to exist despite differences among its members. opec's price strategy has backfired, leading to a prolonged period of low oil prices due to continued production from russia and us shale. some analysts predict that inventories may continue to build until late next year before a drawdown occurs. the recent oil price movement is believed to be rhetoric ahead of opec's meeting.",247,negative
2015-04-28 16:56:26+00:00,"cnbc, Articles, Business, Earnings, Technology, Telecommunications, T-Mobile US Inc, Business News, Telecom, Squawk Alley, US: News, source:tagname:CNBC US Source","t-mobile's success can be attributed to its appeal to millennials, according to ceo john legere. the company's focus on providing freedom, such as no contracts, anytime upgrades, and international data roaming, resonates with young people. t-mobile recently added nearly 1 million subscribers in the first quarter, marking its eighth consecutive quarter of over 1 million additions. the company's total revenue also rose by 7% year over year. legere expects continued growth as awareness of t-mobile's offerings increases, with between 60% and 70% of wireless subscribers already aware of the company's changes. t-mobile's stock was up in midday trading.",141,positive
2015-09-21 17:27:37+00:00,"cnbc, Articles, Technology, Mobile, Computer hardware, Apple Inc, Hardware, source:tagname:CNBC US Source","apple's supply of the next-generation iphone may be restricted due to production issues at a japanese supplier, minebea. the problems with minebea's backlight production could lead to a shortage of some iphone models when they launch later this month. apple has reportedly placed rush orders with another supplier, radiant, to address the issue. the shipment times for the iphone plus were already delayed by three weeks, and the problem at minebea could further exacerbate the delay. minebea has stated that the production delay has been resolved and they are now in full production. despite these supply concerns, apple announced that it is on track to break its iphone sales record from last year. the customer response to the new iphone models has been positive, with strong pre-orders worldwide.",163,positive
2015-06-20 13:53:30+00:00,"cnbc, Articles, Politics, Hedge Funds, Alternative investing, CNBC's Net/Net, Wall Street, NetNet, Alternative Investing, Finance, Private Equity and Hedge Funds, CNBC EVENTS, source:tagname:CNBC US Source","mark spitznagel, a hedge fund manager and libertarian, has taken on a part-time role as senior economic advisor to us senator rand paul's campaign for president. spitznagel is the founder and chief investment officer of universa investments, a fund focused on protecting investors from market drops. he manages about $1 billion in assets. paul believes spitznagel's expertise will help revitalize the economy through lower taxes, a balanced budget, limited government spending, and less federal reserve intervention. spitznagel also runs an organic goat farm and moved his fund's headquarters to florida for a more favorable business environment. hedge funds are attracted to florida's growing financial industry.",146,positive
2015-10-30 06:37:06+00:00,"cnbc, Articles, Banks, Finance, Financials, source:tagname:CNBC Europe Source",bnp paribas gets retail bank boost but trading lags bnp paribas the french bank became the latest big european bank  to report profits fell at its investment bank on friday as it  was boosted overall by profits in its retail division  its net profit rose to  billion euros  billion in the  three months to the end of september up  percent from the same  time in  however this reflected a much healthier picture at  its retail bank where increased loan demand helped drive up total pretax profit by  percent to  million euroslars machenil chief financial officer of the french bank told cnbc european growth levels are not the  same as were seeing in our us business but for the moment its  a progressive return to growth  at its investment bank which has had to restructure following a  record  billion fine from us authorities over sanctions  violations there was a  percent drop in pretax profit to   million euros in the third quarter  the bank said in a statement that it has now finished the  downsizing of its energy and commodity business and also booked  additional costs to comply with new regulations  bnp paribas also boosted its core tierone ratio  a key measure  of financial health  to  percent in september up from   percent in june,237,positive
2015-01-23 19:24:15+00:00,"cnbc, Articles, Small business, Retail industry, Apparel Retail, Bitcoin, Nike Inc, Small Business, US Economy, Apparel, Retail, US: News, source:tagname:CNBC US Source","teenager chase reed and his father troy have created a successful sneaker pawn shop called sneaker pawn usa in harlem, new york. they advertise on social media, attract customers from around the world, and also sell shoes online. chase, still in high school, runs the show while his father works alongside him. the idea for the business came when chase amassed a basketball sneaker collection, which they eventually sold to generate cash for a physical store. they started off selling shoes out of the trunk of their car before realizing the potential of their business. with hundreds of pairs of sneakers in stock, they have found success in a market that is booming. research firm janney capital markets reports that basketball footwear sales hit $1 billion in 2013 and are expected to increase to $2.6 billion by 2020. the duo hopes to attract a private investor to expand to other locations in the future. chase is also working on his own shoe line. overall, sneaker pawn usa has been profitable in its first six months of operation.",209,positive
2015-10-14 18:20:54+00:00,"cnbc, Articles, Technology, Earnings, Media, Entertainment, Netflix Inc, source:tagname:CNBC US Source","netflix is set to report its third-quarter earnings, with a focus on international subscriber growth. analysts expect a decline in earnings per share, but sales are forecasted to rise. the streaming giant has expanded into new markets, with plans to further expand into europe. analysts are bullish on subscriber growth, with expectations that netflix will surpass its guidance. the company's international business has impacted profitability, but it aims to generate profit on the global front in 2020. netflix's recent price hikes reflect confidence in subscriber growth trajectory. its dominance in the streaming market has raised concerns among traditional media outlets. however, a strong subscriber growth doesn't necessarily mean an increase in cord cutting. overall, netflix shares have outperformed the market this year.",163,negative
2015-09-25 10:00:00+00:00,"cnbc, Articles, Investment strategy, ProShares S&P 500 Ex-Energy ETF, ProShares S&P 500 Ex-Financials ETF, ProShares S&P 500 Ex-Health Care ETF, ProShares S&P 500 Ex Technology ETF, S&P 500 Index, Investing, Trading Nation, source:tagname:CNBC US Source","proshares has introduced a new set of exchange-traded funds (etfs) that allow investors to gain exposure to the entire s&p 500 index, excluding a specific sector. the etfs include those tracking the s&p excluding energy, financials, healthcare, and technology sectors. they are designed to provide diversification and enable investors to make tactical decisions. however, some argue that these etfs may not be as attractive as broader etfs like the spdr s&p 500 etf, as they result in overweight positions in other sectors and have higher expense ratios. nevertheless, excluding a sector can be a prudent move for investors who are already heavily exposed to it and want to increase diversification. overall, these new etfs may find success among retail investors but may have limited appeal to sophisticated investors.",169,positive
2015-06-16 12:56:19+00:00,"cnbc, Articles, Gambling, Movies, Business, Entertainment, Movies and Entertainment, Business News, US: News, DO NOT USE Consumer, Life, source:tagname:CNBC US Source",damian lewis a frontrunner for james bond role report former homeland star damian lewis is now among the frontrunners  to become the next james bond the hollywood reporter said  tuesday  the report said that british bookmaker william hill raised lewis  odds of taking the mantle of the fictional mi spy from  to   just behind idris elbas odds of   this is an unprecedented gamble as for no apparent reason we  have seen bets of up to   on damian lewis being  named as the next bond this could well be significant and might  herald the end of daniel craig as the worlds most famous spy a  william hill spokesperson told the publicationread more  why and how jurassic world broke records  craig has been playing bond since  his fourth movie as the  character titled spectre will be released in novemberclick here to read the full reportcorrection this story was updated reflect that daniel craig will have played the james bond character in four movies including spectre,180,positive
2015-09-16 12:23:44+00:00,"cnbc, Articles, Age-based Investing, Special Reports, Investing, Financial Advisors, source:tagname:CNBC US Source","experts recommend planning for retirement relocation well in advance to ensure a smooth transition. factors such as lifestyle goals, proximity to loved ones, cost of living, taxes, and employment opportunities should be considered. it's important to assess the overall picture, including property taxes and transportation options. communicating with your spouse and aligning expectations is crucial, as differing preferences can cause tension. renting in the desired location before making a permanent move is advised to test the waters. planning ahead and conducting thorough research can help avoid potential problems and ensure a successful retirement relocation.",112,positive
2015-01-08 22:47:27+00:00,"cnbc, Articles, CNBC Information and Policies, CNBC: News Releases, source:tagname:CNBC US Source","the westminster kennel club show opening night will be aired live on cnbc on february. cnbc is a recognized leader in business news, providing real-time financial market coverage and business information to approximately 390 million homes worldwide. the network offers live business programming in north america from 5 am to 7 pm et, produced at its global headquarters in englewood cliffs, nj. cnbc also features reality programming, exclusive series, and in-house documentaries. in addition, they have a portfolio of digital products, including cnbc.com and cnbc pro, offering real-time market data and access to cnbc programming.",126,positive
2015-03-20 16:55:45+00:00,"cnbc, Premium, Articles, Stock markets, Nike Inc, American Airlines Group Inc, Regeneron Pharmaceuticals Inc, GUESS? Inc, Qorvo Inc, Apple Inc, stocks, Investing, source:tagname:CNBC US Source",top  stocks of the week and how to trade them cnbc pro highlights the top performing stocks this week and  analyzes whether the good times will continue the price change was calculated as of friday morning so it is subject to change if one stock led multiple indices we profiled the second best too,59,positive
2015-09-08 17:05:32+00:00,"cnbc, Articles, Life, Gaming software, Technology, Ubisoft Entertainment SA, Asia News, Comcast Corp, Nintendo Co Ltd, Gaming, Media Money, Business News, Entertainment, source:tagname:CNBC Europe Source","ubisoft, the video game maker behind popular franchises like assassin's creed and just dance, is opening a games-themed amusement park in kuala lumpur, malaysia. the park, which will be based on ubisoft's popular game franchises, will be developed in partnership with malaysian theme park developer rsg. ubisoft motion pictures, the company's film and tv division, is leading the project. the park, set to open in the future, aims to create an immersive gaming experience for visitors. this is not the first video game-based theme park, as angry birds land and nintendo's collaboration with universal parks & resorts have also been established.",139,negative
2015-12-27 21:25:25+00:00,"cnbc, Articles, Politics, Asia News, China, Wars and Military Conflicts, White House, Terrorism, source:tagname:Reuters","china passed a controversial counterterrorism law that requires tech companies to provide encryption keys to the government and allows the military to conduct counterterror operations abroad. western countries are concerned about potential human rights violations and cyber provisions. chinese officials argue that this is in line with practices in other countries. the us president has raised concerns directly with the chinese president. the law, combined with new banking and insurance rules and antitrust investigations, is seen by some as unfair regulatory pressure on foreign companies. critics doubt the presence of a cohesive militant group in xinjiang and attribute the unrest to restrictions on religion and culture. the law also limits media reporting on terror activities.",133,negative
2015-10-16 17:21:29+00:00,"cnbc, Articles, Social media, Marketing, Food and drink, General Mills Inc, Social Media, Food and Beverage, Food Retail, Technology, source:tagname:CNBC US Source","general mills is releasing boxes of lucky charms cereal that contain only marshmallows. the company created a sweepstakes after receiving numerous requests from fans. to enter, social media users must post a photo of themselves holding an imaginary box of the cereal with the hashtag luckysweepstakes. lucky charms is popular on instagram, making it a perfect platform for the campaign. rapper biz markie is involved in the advertising campaign, remixing his hit ""just a friend"" with marshmallow-themed lyrics. other companies, such as coca-cola and nickelodeon, have also released or re-released products to cater to social media users' demands.",137,positive
2015-01-20 23:02:44+00:00,"cnbc, Articles, source:tagname:CNBC Asia Source","commodities and the foreign exchange market have been volatile, leading some to call it a currency war. several countries, including india, peru, switzerland, and denmark, have made rate cuts or policy changes. the bank of japan is expected to keep its current program unchanged. the focus is now on the european central bank, with expectations of a quantitative easing program. analysts express concerns about limited options for central banks to increase inflation and the potential challenges emerging markets may face when the us raises interest rates.",100,negative
2015-08-03 10:18:40+00:00,"cnbc, Articles, Business, Retail industry, Walt Disney Co, Fast Retailing Co Ltd, Retail, Business News, US: News, source:tagname:Reuters",star wars meets uniqlo as fast retailing disney expand product tieup fast retailings uniqlo clothing chain said on monday that it was expanding its collaboration with walt  disney to offer a wider range of products and that it  would open a flagship store at the florida disney worlds shopping complex  next spring  the japanese apparel retailer which now offers tshirts  featuring mickey and minnie mouse will extend its disneythemed lineup to  offer at stores worldwide items ranging from its ultra light down  collection and flannel shirts to umbrellas and toysit will also use characters from the blockbuster movies star  wars toy story avengers and frozenthe move could add to awareness of uniqlos brand as its global expansion gathers pace with fast retailing expecting to have  more uniqlo outlets overseas than in japan by this autumn,158,positive
2015-05-11 10:17:42+00:00,"cnbc, Articles, Finance, US: News, Transportation, Technology, Investing, Private Equity and Hedge Funds, Business News, source:tagname:The New York Times","the pace of startup financing is speeding up, with companies like uber, yik yak, and zenefits raising significant amounts of funding in quick succession. uber in particular is in talks to raise around $1 billion in financing, which would value the company at $40 billion. this rapid fundraising is driven by a combination of factors, including an influx of money from hedge funds and strategic investors, as well as the eagerness of entrepreneurs to secure funding while capital markets are favorable. the increasing frequency of fundraising rounds, sometimes occurring within months rather than years, is a departure from the more traditional pace of startup financing seen in the past. the desire to not miss out on the next big opportunity is fueling this trend, with investors putting up money more often. however, there are concerns that the easy availability of capital may not be sustainable in the long term.",175,positive
2015-04-13 16:16:05+00:00,"cnbc, Articles, Technology, Qualcomm Inc, Samsung, Squawk on the Street, US: News, Private Equity and Hedge Funds, source:tagname:CNBC US Source","jana partners, an activist investor in qualcomm, has engaged in discussions with the company regarding the possibility of splitting off its chip unit from its patent-licensing business. jana believes that such a move could boost qualcomm's sagging stock price. while jana has called for a review, it is not advocating for a definite split at this point. the investor is also urging qualcomm to cut costs, increase stock buybacks, and make changes to executive pay, financial reporting, and the board of directors. despite qualcomm's recent buyback announcement, jana believes more can be done to capitalize on the company's strong position in the chip market. the majority of qualcomm's revenue comes from baseband chips, while most of its profit comes from patent licensing.",169,positive
2016-02-29 15:00:01+00:00,"cnbc, Articles, Mortgages, Housing, US: News, Foreclosures, Business News, Real Estate, source:tagname:CNBC US Source","pending home sales in january fell by a significant percentage, signaling a slowdown in the housing market. the winter weather may have contributed to the decline, but the main obstacle to sales is the high home prices and limited inventory nationwide. lawrence yun, chief economist for the national association of realtors, suggests that potential buyers are waiting for more listings in the spring. in the northeast, pending sales dropped by 5%, while in the midwest they fell by 3%, and in the west, they decreased by 4%. only the south saw an increase in sales by 1%. the tight supply of homes continues to be a challenge, with inventory lower than last year. however, the market is showing signs of acceleration with faster-moving inventory and rising prices. california, dallas, and denver are among the hottest real estate markets. overall, home prices have increased by 8% compared to a year ago but are still below their peak.",189,positive
2016-03-16 23:11:42+00:00,"cnbc, Articles, Market Insider, Janet Yellen, WTI Crude (Dec'21), Tencent Holdings Ltd, US: News, Market Outlook, Investment Strategy, Markets, U.S. Markets, source:tagname:CNBC US Source","the federal reserve will be in the spotlight on thursday as investors await secondary data reports. the focus is on the labor market and inflation, with concerns over a possible pickup in core inflation. the uncertainty surrounding inflation is the main concern for the fed's mandate. additionally, there is risk associated with any shocks that may come from china. other economic reports due on thursday include weekly jobless claims, the philadelphia fed survey, leading indicators, and current account data. wall street experienced cautious gains after the fed kept rates unchanged and lowered its projection for rate hikes. stocks in materials and energy sectors led gains, with the dow and s&p reaching their highest levels of the year. despite the gains, market sentiment remains somewhat bearish. the fed's decision, along with market conditions, is expected to continue a modest rally. treasury yields and the us dollar reversed after the fed announcement, while gold prices rose. looking ahead, friday's options expiration may add to market volatility. several companies, including tencent and lands' end, are scheduled to report earnings.",219,positive
2016-05-18 19:00:03+00:00,"cnbc, Articles, Central banking, Economy, Bitcoin, Federal Reserve System, Investment strategy, The Fed, US Economy, Central Banks, Investing, Business News, source:tagname:CNBC US Source","the odds of a rate hike in june by the federal reserve increased after the release of meeting minutes that showed support from members if economic data improved. expectations for a rate rise next month rose to 70%, with the first rate hike of the year originally predicted for september. the cme group's fedwatch tool recorded increased odds in all months, with june reaching a 70% chance. this week, several fed officials delivered hawkish remarks, indicating a higher likelihood of rate hikes. dallas fed president robert kaplan stated that the us economy justified a rate hike in the near future, while san francisco fed president john williams and atlanta fed president dennis lockhart emphasized that the june meeting was crucial.",141,positive
2016-07-08 13:34:27+00:00,"cnbc, Premium, Articles, GrubHub Inc, Stock markets, Investment strategy, Investing, stocks, Pro Analysis and Pro Uncut , PRO Home, CNBC Pro, source:tagname:CNBC US Source",grubhub to surge  on superior scale wedbush investors should buy grubhub due its market dominance firstmover advantage and future growth potential according to  wedbush securities which initiated coverage of the internet food ordering company with  an outperform rating  grub is the market leader in the growing online restaurant  ordering and delivery space and will continue to benefit from its early lead and superior size and scale wedbushs  aaron turner wrote in a note to clients thursday  we believe recent delivery initiatives and strategic  acquisitions coupled with continued diner adoption of  mobilebased restaurant takeout and delivery methods should  drive robust revenue and earnings growth for the foreseeable  future,129,positive
2016-12-06 20:22:56+00:00,"cnbc, Premium, Articles, Financials, Donald Trump, Banks, Investment strategy, Federal Reserve System, The Fed, Investing, Power Lunch, Money Market, CNBC Pro, Pro Uncut, source:tagname:CNBC US Source",bestselling author michael lewis on trump wall street deregulation and his new book author michael lewis shared his views on donald trumps policies wall  street deregulation and his new book the undoing project in an  extensive interview on cnbcs power lunch tuesday  lewis bestselling books include the big short moneyball  and liars poker   on donald trumps next moves predicting what hes going to do i know is a  stupid thing its like predicting what the stock market is going  to do tomorrow really youre watching i think something with a  large random component there i dont think this is like some  wellthought out strategy you never know what he is going to do  next he said  on wall street deregulation when im watching the incoming  trump administration thats the thing that terrifies me they  are going to reduce the capital requirements in banks  they  already seem to be interested in rolling back the volcker rule  lewis said  he also discusses trumps criticisms of business leaders   flaws in decisionmaking based on intuition   best anecdotes from his new book    to watch the broadcast interview in its entirety you must be  a cnbc pro  subscriber,228,positive
2016-05-19 03:03:37+00:00,"cnbc, Articles, Economy, Asia News, Philippines, Business News, US Economy, Economic Reports, GDP, source:tagname:Reuters",philippines q gdp growth slows to  qq philippines economic  growth halved in the first quarter from the previous threemonth period as weak exports and  agriculture hurt overall output the statistics agency said on  thursday the economy grew  percent in the first quarter  below the  percent forecast in a reuters poll and slower than the upwardly revised   percent in octoberdecember from a year earlier first quarter growth was   percent picking up from  percent in the fourth quarter and stronger than a forecast   percent   follow cnbc international on twitter and facebook,101,positive
2016-04-28 20:26:47+00:00,"cnbc, Articles, Personal finance, Personal Finance, Investing, source:tagname:CNBC US Source","the bull market has seen significant returns for the s&p 500 index, but retirement savers and mom-and-pop investors have not benefited as much. despite a bounce back in 401(k) balances, most americans still fall short of the recommended savings for retirement. the average 401(k) balance for people on the brink of retirement is still significantly below the ideal amount. additionally, even younger people are struggling to meet recommended targets. one problem is that small investors tend to sell during market downturns, missing out on gains. the downturn in 2008 set savers back, and some investors have not been able to participate in the bull market. investors who have re-entered the market late in the cycle have also trailed the index. many investors move towards global equity funds and domestic exchange-traded funds. while some sectors have outperformed, the overall market looks expensive.",182,positive
2016-11-11 10:52:01+00:00,"cnbc, Articles, GrubHub Inc, US: News, Politics, Elections, source:tagname:USA Today","grubhub ceo, matt maloney, clarifies that his email objecting to trump's policies was misconstrued. he denies asking anyone to resign for voting trump and affirms the company's commitment to not tolerate discrimination or hateful commentary. some employees felt unwelcome if they supported trump. maloney emphasizes that he rejects trump's politics and will protect the community. the email sparked controversy, but maloney insists that those who disagree can resign. maloney criticizes trump's words and actions, stating they would result in immediate termination at grubhub. he emphasizes that such behavior and views have no place at the company.",140,neutral
2016-06-06 16:44:27+00:00,"cnbc, Articles, SPDR S&P Oil & Gas Exploration & Production ETF, Investment strategy, Investing, Trading Nation, source:tagname:CNBC US Source","despite speculation of a summer rate hike from fed chair janet yellen, one trader believes the us central bank will remain on hold, which he thinks will benefit the commodities sector. after a disappointing jobs report in may, commodities saw an uptick while the dollar weakened. the leading sectors in the market currently appear to be industrials, materials, and energy, with oil leading the way. the trader, todd gordon, is optimistic about the oil and gas production etf, xop, breaking through to new highs, with a key level to watch being the $40 mark. he predicts that if xop moves above that level, oil will continue to rise in the next few days.",140,negative
2016-03-14 19:58:52+00:00,"cnbc, Articles, Investment strategy, Stock markets, Chipotle Mexican Grill Inc, Investing, stocks, Fast Money Halftime Report, CNBC TV, source:tagname:CNBC US Source","chipotle announced that a portion of future ceo compensation will be tied to the company's share price performance. this move is aimed at addressing the stock's decline due to health concerns. however, experts argue that linking ceo pay to share price can create negative incentives. ceos may focus on artificially inflating stock prices instead of long-term growth and other metrics. some suggest that ceo compensation should be determined by operating metrics alone, while others believe that ceos should have a significant stake in the company to encourage long-term performance.",115,negative
2016-11-10 16:44:02+00:00,"cnbc, Articles, White House, JPMorgan Chase & Co, Politics, Jamie Dimon, Donald Trump, US: News, Republicans, source:tagname:CNBC US Source",donald trump advisors consider jamie dimon for treasury secretary sources in the wake of donald trumps upset victory advisors have  floated the idea of naming jamie dimon as  treasury secretary according to two people familiar with the  matter but one of them added that the jpmorgan chief  has said he would not be interested in the role  a trump spokesperson could not immediately be reached for  comment and a spokesman for dimon declined to elaborate beyond  his past remarks that he would not be interested  it was unclear who within trumps circle of advisors raised the  idea or who else might be under consideration for treasury  secretary trump campaign finance chief steven mnuchin a former  goldman sachs official is reportedly considered to be the front  runner  dimon has suggested repeatedly including in an interview at the  economic club of washington in september that he would not be  interested in becoming treasury secretary,164,positive
2016-12-12 20:19:03+00:00,"cnbc, Articles, S&P 500 Index, Investment strategy, Investing, Trading Nation, Special Reports, source:tagname:CNBC US Source","since the election, over $1 billion has flowed into equity exchange-traded funds (etfs), which could indicate positive momentum for stocks. analysts believe that the market is not yet at its peak, citing analysts' higher growth and earnings forecasts. the major indexes, including the dow jones and nasdaq composite, have experienced significant gains since the election. this surge is attributed to president trump's business-friendly promises of lower taxes, reduced regulations, and increased infrastructure spending. infrastructure spending, coupled with tax cuts, is expected to have a positive impact on equities. however, these gains have come at the expense of the global bond market, as november witnessed record outflows. nonetheless, analysts expect this reallocation of funds to continue upward.",158,positive
2016-11-30 20:06:08+00:00,"cnbc, Articles, OPEC, Donald Trump, Federal Reserve System, European Central Bank, Commodity markets, SPDR Gold Shares, iShares Silver Trust, iShares Gold Trust, Futures & Commodities, The Fed, Gold, Bank of England, Gold Overview, Markets, Metal Commodities, source:tagname:Reuters","gold prices fell as strong us economic data supported the dollar, boosting the case for a december rate hike. us private employers hired more than expected and consumer spending increased, giving the federal reserve more reason to raise rates. the dollar climbed against major currencies, while gold dropped 3% to $1,174 an ounce. gold has suffered its biggest monthly fall since june, hurt by a rally in the dollar and the shock withdrawal of high-value notes in india, a major gold consumer. silver and platinum also declined, while palladium rose to its strongest level since june.",120,positive
2016-09-09 09:17:00+00:00,"cnbc, Articles, source:tagname:CNBC Europe Source","the political and economic risks in europe are being overshadowed by the noise of brexit. greece is still struggling to meet the conditions of its bailout, while spain faces an impasse and a potential third general election. catalonia's independence movement and italy's upcoming referendum on reforms are also causing political instability. angela merkel's handling of the refugee crisis has lowered her approval ratings, and the rise of far-right parties in europe is a concern. the eu's deal with turkey might be at risk due to erdogan's crackdown on opposition. hungary is holding a referendum on rejecting the eu's migrant quota system. france continues to grapple with the aftermath of terrorist attacks, and russia's actions in crimea have strained its relationship with the eu. despite all this, brexit is seen as a lesser worry compared to the other risks in europe.",181,neutral
2016-10-04 10:38:19+00:00,"cnbc, Articles, Alphabet Class A, Elections, Politics, US: News, source:tagname:The Associated Press",wikileaks assange promises leaks on us election google wikileaks founder julian assange is promising significant disclosures on subjects including the us election  and google in the coming weeks as the organization marks its th anniversaryassange speaking by video link to an anniversary news conference  in berlin said tuesday that wikileaks plans to start a series of publications this week but wouldnt specify the timing and  subject he says the group hopes to be publishing every week for the next  weeks and the leaks include significant material on war arms  oil google and the us electionsweden is seeking assanges extradition in a rape investigation  he hasnt left the ecuadorean embassy in london since  assange  denies the rape allegation and says he fears being extradited to the  us to face espionage charges if he leaves,162,positive
2016-12-12 17:03:20+00:00,"cnbc, Articles, Patient Protection and Affordable Care Act, Vladimir Putin, Ben Carson, Tom Price, George W. Bush, Donald Trump, Politics, Obamacare, Squawk Box U.S., source:tagname:CNBC US Source","former commerce secretary carlos gutierrez argues that trump's moves should not be surprising as he is simply keeping his campaign promises. gutierrez highlights trump's strategy of appointing perceived outsiders to cabinet positions and his focus on dismantling obamacare. he praises trump's choice of tom price for the health and human services department, citing price's knowledge of obamacare. gutierrez also defends rex tillerson as trump's choice for secretary of state, dismissing claims that he is too friendly with russian president putin. additionally, gutierrez notes trump's efforts to keep jobs in the us and go after companies that outsource. he mentions the deal with united technologies to save jobs at carrier and trump's criticism of lockheed martin and boeing.",150,positive
2016-10-12 09:45:55+00:00,"cnbc, Articles, Alphabet Class A, Technology, Tech Transformers, source:tagname:CNBC Europe Source","uk mps are urging the creation of an ai commission to confront the potential challenges posed by artificial intelligence. they argue that while ai is not yet as advanced as portrayed in science fiction, it is rapidly becoming a reality that will reshape society. the commission would focus on examining the ethical, legal, and societal implications of ai. the mps also emphasize the need for education and training systems to adapt to the changes ai will bring. they highlight concerns regarding transparency, privacy, and safety in ai decision-making, as well as the potential displacement of jobs. the uk is home to numerous ai startups, but the government has been criticized for not taking a leadership role in ai development.",139,positive
2016-03-22 14:54:22+00:00,"cnbc, Articles, Markets, Currency markets, Airlines, EU, European Union, Currencies, Euro, Worldwide Exchange, Europe Markets, Europe Economy, source:tagname:CNBC US Source","the recent terrorist attacks in brussels are expected to have an impact on the brexit vote and european markets, particularly in the transportation sector. nandini ramakrishnan, a global market strategist at jpmorgan asset management, believes that the attacks will dampen consumer sentiment and affect the recovery of europe. european airlines stocks have already fallen, and travel on small commercial flights is likely to slow down due to fears of terrorism. the uncertainties caused by the attacks could have a negative effect on markets. ben emons, a portfolio manager at leader capital, also believes that the attacks will influence the brexit vote and adds that the security of europe is in question. furthermore, the economic surveys out of belgium are expected to be dulled by the explosions, causing disruption to the country's open and dynamic economy.",168,negative
2016-01-04 23:17:56+00:00,"cnbc, Articles, Stock markets, Apple Inc, stocks, Fast Money, CNBC TV, source:tagname:CNBC US Source","on tuesday, the fast money traders made their final trades. tim seymour bought walmart, dan nathan bought verizon, karen finerman bought apple, and guy adami bought macy's. the traders disclosed their positions, with tim seymour owning multiple stocks including apple and walmart, dan nathan owning various options and spreads, karen finerman owning stocks including google and jpmorgan, and guy adami holding positions in celgene and intel. additionally, it was mentioned that guy adami's wife, linda snow, works at merck.",114,positive
2016-03-08 15:08:24+00:00,"cnbc, Articles, Media, Music, Life, Technology, Personal loans, Social media, Entertainment, Twitter Inc, Social Media, Music & Musicians, Debt, Art and Culture, DO NOT USE Consumer, source:tagname:CNBC Europe Source","kim kardashian west has seemingly come to kanye west's aid by transferring $53 million into a joint account, potentially alleviating his alleged $53 million debt. this follows kanye's public disclosure of his financial troubles and his appeal to facebook ceo mark zuckerberg for a $1 billion investment. kim's financial contribution is likely due to the success of her video game, ""kim kardashian: hollywood,"" which generated $74 million in revenue within four months of its release. kanye's debt announcement coincided with the release of his latest album, ""the life of pablo,"" which he exclusively distributed through tidal. while it is unclear if kim's transfer specifically targeted kanye's debt, the tweet has garnered significant attention and speculation on social media.",164,positive
2016-06-20 15:20:56+00:00,"cnbc, Premium, Articles, Stock markets, Investment strategy, Investing, stocks, Pro Analysis and Pro Uncut , PRO Home, CNBC Pro, source:tagname:CNBC US Source",top calls buy yelp corning and bank stocks here is the best wall street research thats moving stocks  monday   topranked  analyst buy yelp on better profits  one of the best analysts on wall street told investors to buy  yelp on an anticipated earnings upside the rest of the year  yelp is likely to exceed  guidance and street estimates  deutsche banks lloyd walmsley wrote in a note to clients sunday  analyst who called  oil rebound  is next stop  the price of oil is going to rise to  in the next year on  supply constraints according to raymond james energy analyst j  marshall adkins who correctly predicted a rebound in crude at  the start of   morgan stanley  bank stock selloff is overdone  the pullback in financial stocks this year is a buying  opportunity morgan stanley told clients monday recommending an  overweight stance on the group  bigger tvs  equal bigger profits for corning citi  investors should buy corning as consumers purchase bigger and  bigger tvs which are more profitable for the lcd glassmaker than  smaller panels according to citi research  cvs downgraded due  to competition morgan stanley  cvs health shares could come under pressure due to greater price  and market share competition according to morgan stanley which  downgraded the shares of the company to equal weight from  overweight,248,positive
2016-09-25 08:07:18+00:00,"cnbc, Articles, California, Finance, Commercial Banks, Business News, Banks, source:tagname:Reuters","two former employees of wells fargo have filed a class action lawsuit in california seeking damages for workers who faced demotion, forced resignation, or termination for failing to meet unrealistic sales quotas. the lawsuit alleges that wells fargo promoted employees who opened fraudulent accounts while punishing those who followed the rules. this comes after the bank settled a $190 million case in september for opening unauthorized accounts. wells fargo refused to comment on the new lawsuit, which accuses the bank of wrongful termination, unlawful business practices, and failure to pay wages and penalties. the lawsuit claims that employees who tried to meet quotas without engaging in fraud suffered financial and emotional harm, while executives benefited. wells fargo was allegedly aware of the illegal account openings and unethical practices but continued to prioritize stock price increase.",164,negative
2016-07-22 11:44:12+00:00,"cnbc, Articles, Donald Trump, Media, Elections, Politics, US: News, Technology, source:tagname:Vox","jon stewart made a surprise appearance on stephen colbert's late show to mock donald trump, whom he dubbed an ""angry groundhog."" it has been days since stewart hosted the daily show, and during that time, trump became the republican nominee for president. stewart criticized fox news for praising trump for the same things they previously criticized. he also performed a quick tune from hamilton and delivered a rant about the notion of a ""real america."" his appearance was seen as a boost for colbert's show, which has been reaching new heights creatively. stewart's fans enjoyed seeing him back on camera and hope it won't be another long wait until his next appearance.",139,positive
2016-07-15 02:56:14+00:00,"cnbc, Articles, France, Politics, Terrorism, Crime, Europe News, EU, Paris, European Union, Catastrophe, White House, Wars and Military Conflicts, source:tagname:Reuters",frances hollande says nice attack undeniably of terrorist nature french president francois hollande said thursdays lethal attack on the southern city of nice was clearly  a terrorist assault and that the state of emergency imposed since a previous  attack on paris last november would be extended for another three monthsspeaking after an emergency meeting in the early  hours of friday morning hollande said at least  people were killed in an attack in  which the assailant drove a big truck at high speed into dense crowds who were  watching a fireworks display on the countrys national bastille day holidaytheres no denying the terrorist nature of this  attack of yet again the most extreme form of violence the french leader said in a  national television address at  am  gmt about five or six hours after the  carnage in nice  follow cnbc international on twitter and facebook,164,positive
2016-09-29 15:06:17+00:00,"cnbc, Articles, Food and drink, Business, Agriculture, Life, Orbital Sciences Corp, Elon Musk, Food and Beverage, Business News, US: News, Science, Health & Science, source:tagname:CNBC US Source","scientists are making progress in growing food in space, which could be vital for sustaining a human colony on mars. spacex ceo elon musk believes plants can be grown on mars by compressing the atmosphere. nasa is studying the effects of long-duration space exploration on astronauts and testing different plants for cultivation. the red planet's resource-rich environment and the potential for on-site propellant production and plastic manufacturing make it suitable for creating a self-sustaining colony. hydroponics and aeroponics systems can be used to grow plants on mars. however, zero gravity poses challenges for growing plants in space. space agriculture provides recycling benefits for crews and plays a crucial role in sustaining long-duration missions. while the hollywood movie ""the martian"" portrayed growing plants on mars, experts caution against using untreated human waste as fertilizer and emphasize the need to address toxic elements in martian soil. potatoes, sweet potatoes, tomatoes, wheat, and soybeans are among the crops that offer potential for space gardens. pollination remains a challenge, but robotic systems could assist in cross-pollination. cultivating plants during deep space travel can also provide psychological benefits to astronauts.",240,positive
2016-12-14 04:06:02+00:00,"cnbc, Articles, US Dollar/Singapore Dollar FX Spot Rate, Asia News, Trade, World economy, Central banking, Jobs, Inflation, Asia Economy, Singapore, World Economy, Central Banks, Singapore Dollar, Business News, Economy, source:tagname:CNBC Asia Source","the outlook for singapore's economic growth has been lowered according to a survey of forecasters by the monetary authority of singapore. economists expect the economy to grow by just 1% in 2020, down from previous forecasts of 2% and 3%. the decline is due to a weak global trade environment and falling commodity prices. the forecasters also expect the singapore dollar to weaken further against the us dollar. in addition, the growth outlook for sectors such as finance, insurance, wholesale, and retail trade has been reduced. private consumption growth is also expected to be lower. the headline consumer price index is forecasted to fall by 0.3% for the full year.",136,negative
2016-02-05 16:37:00+00:00,"cnbc, Articles, Gold COMEX (Dec'21), Freeport-McMoRan Inc, VanEck Gold Miners ETF, Newmont Corporation, Gold, Fast Money, Options, CNBC TV, Options Action, source:tagname:CNBC US Source","mining stocks, particularly gold miners, have been on a hot streak, rallying over 30% and reaching their highest levels since october. this has led to a surge in bullish activity, with options trading focusing on stocks like freeport mcmoran and newmont mining. the gold miners etf, gdx, has seen a significant influx of money, attracting over $1 billion in the past month. amidst this, a trader made a bold bet that the gdx would reach a new 52-week high by midyear, placing a $1 million wager on it. the success of gold miners is driven by the surge in gold prices, which have rallied 30% this year. however, it is worth noting that gold experienced a similar rise in the first five weeks of 2019 before sharply selling off throughout the year.",170,positive
2016-07-21 18:59:41+00:00,"cnbc, Articles, Politics, Elections, Mike Pence, Ted Cruz, Bitcoin, Hillary Clinton, Federal Reserve System, Donald Trump, The Fed, US Economy, Commentary, Kudlow's Corner, US: News, Republicans, CNBC TV, Video and TV, U.S. Business Day, source:tagname:CNBC US Source","mike pence saved the republican party after ted cruz's divisive speech at the gop convention. cruz's refusal to endorse donald trump caused an uproar among republicans, but pence delivered a unifying and optimistic speech that turned the convention around. cruz's political career is likely over, while trump and pence are just beginning. it remains to be seen how trump's speech will impact his campaign, but he should follow pence's lead by focusing on positive changes for america. trump needs to prove that he can turn the nation around, just as ronald reagan did. this spirit of optimism and unity set by pence should be maintained by trump.",142,positive
2016-02-05 15:27:47+00:00,"cnbc, Articles, Investment strategy, Apple Inc, Investing, Trading Nation, source:tagname:CNBC US Source","despite a decline in apple shares due to concerns over slowing iphone sales and a challenging economic environment in china, trader andrew keene believes now is the ideal time to make a bullish play on the stock. keene points to apple's new products and sufficient cash holdings as factors that can drive a much-needed boost. while there may be short-term volatility, keene suggests that the bulls have the edge in this tug of war. keene is buying january call options and selling other call options, using a strategy known as a bull call spread. maximum profits are realized if apple rises to $x by january expiration.",131,positive
2016-12-17 15:07:56+00:00,"cnbc, Articles, US: News, Business News, Economy, US Economy, source:tagname:The Associated Press",pitbull fallout governor wants tourism head to step down gov rick scott wants the head of the states tourism marketing agency to step down after visit florida refused  to publicly disclose it paid rapper pitbull  million to promote  the statescott made the request friday in a letter sent to the agencys  board the governor is also asking visit florida to begin publishing its spending contracts salaries audits and other financial  informationthe requests comes after visit florida refused to make public the contract it had with pitbull who recorded a video of the song  sexy beaches to promote floridahouse speaker richard corcoran sued this week to have the  contract released and pitbull  not visit florida  made it public two  days laterscott said it is ridiculous that visit florida wasnt transparent  about its spending,152,positive
2016-09-19 21:25:36+00:00,"cnbc, Articles, Bill de Blasio, Crime, Closing Bell, US: News, Business News, Economy, US Economy, source:tagname:CNBC US Source",london mayor terrorists hate our way of life londons first muslim mayor said americans cant let terrorists  scare them into changing the way they live their lives  we have to recognize that what these terrorists hate about us is  our way of life we respect each other we embrace each other we  celebrate each other sadiq khan said in an interview on cnbcs  closing bell  he explained that terrorists hate the social and religious  diversity of global cities like london and new york city  fortunately these kind of attacks dont happen daily because law  enforcement work their socks off to prevent them khan said  he made his comments in the wake of explosions in new york and  new jersey earlier on monday new york city mayor bill de blasio said that  this was an act of terror the fbi said however that there is no  reason to believe a terror cell is operating here  two senior officials have now confirmed to nbc news that ahmad  khan rahami was not on a us terrorist watchlist or an nypd  list nbc news also reported that us intelligence does not have  any information indicating connections between the suspects  family and known terrorist groups or individuals,216,negative
2016-06-20 10:00:00+00:00,"cnbc, Articles, White House, United States, Politics, Hillary Clinton, US: News, Elections, source:tagname:CNBC US Source",hillary clinton to add jacob leibenluft obamas longtime economic advisor to campaign team one of president barack obamas economic advisors will join hillary  clintons campaign in another sign of close coordination between  the white house and the presumptive democratic nominee  jacob leibenluft deputy director of the national economic  council will become a senior policy advisor as clinton prepares  to fill out her economic agenda for the general election  on tuesday she plans to deliver a speech in columbus ohio that  will contrast her proposals to lift middleclass incomes with  donald trumps business record which she will argue is  characterized by selfinterest at the expense of others  leibenluft has served on obamas economic team from the beginning  of the presidents first term among his areas of focus have been  policies on job training apprenticeships and the minimum wage  jared bernstein a former administration colleague described  leibenluft as a very strong factbased analyst he joins a  clinton team that includes other exwhite house aides such as  campaign chairman john podesta and communications director  jennifer palmieri,208,positive
2016-11-21 16:59:28+00:00,"cnbc, Premium, Articles, Donald Trump, Stock markets, S&P 500 Index, Investment strategy, Trumponomics, Utilities, stocks, Investing, Pro Analysis and Pro Uncut , PRO Home, CNBC Pro, source:tagname:CNBC US Source",trump policies to boost sp  by  to  in  deutsche bank says deutsche bank strategist david bianco told investors the market  will rally over the next two years on optimism about presidentelect  donald trumps economic agenda  we think the market is under appreciating the likely big boost  to sp eps from a lower corporate tax rate and the boost to bank profits from rising yields and lower pension expense and  the much higher chance now of a longlasting economic expansion  that rivals the year us record bianco wrote in a note to  clients friday  were more confident now that the sp will reach  in   before suffering its next bear market,125,positive
2016-01-20 00:00:00+00:00,"cnbc, Articles, Capri Holdings Ltd, Intuitive Surgical Inc, International Paper Co, Truist Financial Corp, U.S. Business Day, S&P 500, source:tagname:","in the lightning round, jim cramer shared his thoughts on various stocks. he cautioned against phillips due to low margins, but liked the risk-reward of exelixis. he believes michael kors is nearing a bottom and no longer advises selling, while also suggesting that coach has rock bottom valuations. cramer emphasized capital preservation and advised against buying oil stocks. he suggested accumulating international paper at around a 1% yield and viewed bbt as cheap. cramer compared intuitive surgical to netflix and recommended owning select stocks like them.",109,positive
2016-03-16 11:16:26+00:00,"cnbc, Articles, Commodity markets, WTI Crude (Dec'21), Tesla Inc, Oil and Gas, Housing, Futures & Commodities, Oil, Futures Now, Oil and Gas Drilling, Futures, CNBC TV, source:tagname:CNBC US Source","despite recent volatility and oversupply concerns, veteran investment manager ross gerber argues that the oil sector presents a lucrative opportunity for investors. he compares the current situation to the housing crisis, where investors saw significant gains. gerber believes that with some supply reductions and increased demand, stability is being perceived in the market. while acknowledging the ongoing supply and demand imbalance, he predicts that oil prices will likely remain around $40-$50, benefiting the economy and allowing oil producers to survive.",104,positive
2016-06-30 05:00:00+00:00,"cnbc, Articles, Amazon.com Inc, Retail industry, Retail, US: News, DO NOT USE Consumer, Business News, source:tagname:CNBC US Source","amazon has announced its second annual prime day sale, which will offer new deals every 5 minutes to prime members. the sale will include over 100,000 deals across various categories, making it the largest one-day sale ever. amazon expects this year's event to surpass last year's record-breaking sales. the company has significantly increased its inventory for the sale, including doubling the number of tv units in stock compared to black friday and cyber monday combined. amazon's prime day is different from black friday, focusing on summer goods and back-to-school essentials. walmart recently announced a free trial for its shipping service, shippingpass, which competes with amazon prime. however, prime offers additional benefits like streaming services and a broader range of products.",156,positive
2016-08-20 08:11:46+00:00,"cnbc, Articles, Moody's Corp, Turkey, World economy, US Dollar/Turkish Lira FX Spot Rate, Asia News, Bonds, World Economy, Credit Ratings, Europe Economy, Business News, Economy, source:tagname:Reuters","fitch ratings has lowered its outlook on turkey's sovereign rating to negative from stable following the failed coup attempt in july. while fitch affirmed turkey's rating at bbb, the lowest investment grade, it cited concerns about political stability and the crackdown that has followed, including the arrests of thousands of people. fitch also mentioned the impact of security conditions on the tourism sector and the increased political pressure on interest rates. moody's has also placed turkey's credit rating on review for a possible downgrade to junk status.",107,negative
2016-11-08 11:44:01+00:00,"cnbc, Articles, Hillary Clinton, Donald Trump, Politics, Elections, US: News, source:tagname:NBC News","donald trump concluded his campaign with a rally in grand rapids, michigan. the event featured familiar rallying points from his past speeches, such as building the wall and ending syrian refugee admission. trump declared it as ""our independence day"" and promised a ""once in a lifetime change."" he emphasized his commitment to bringing jobs and factories back to michigan. despite some negative reactions from attendees, trump urged his supporters to get out and vote.",89,positive
2016-09-23 09:16:52+00:00,"cnbc, Articles, JPMorgan Chase & Co, Banks, Business News, Finance, Financials, source:tagname:Reuters","jpmorgan maintained its position as the top global investment bank in the first half of the year, despite a decrease in revenues. deutsche bank's struggles resulted in the top five investment banks all being from the us. jpmorgan's trading and investment banking revenue for the first half of the year was $ billion, down 5% compared to the same period last year. deutsche bank's revenue fell sharply, causing it to drop to sixth place. overall, investment banks had their worst first half since the financial crisis, with revenues down 3%. factors such as the us elections, brexit, low interest rates, and concerns about china's economy have impacted market performance. jpmorgan outperformed deutsche bank in regions like europe, middle east, africa, and asia pacific, although it slipped to third place in equities trading.",175,negative
2016-09-28 13:23:00+00:00,"cnbc, Articles, Sports, Business News, Life, source:tagname:CNBC US Source","carli lloyd, the soccer phenom and co-captain of the us women's national team, expressed her support for teammate megan rapinoe's silent protest during the national anthem while also stating that it has become a distraction. lloyd believes that the focus should be on the cause of the protest rather than the act itself. she also mentioned her disagreement with rapinoe's method of protest and expressed her desire to leave the game better than when she joined. lloyd, along with other teammates, filed a complaint against the us equal employment opportunity commission, alleging gender pay disparity. she also reflected on her friendship with hope solo and her role as co-captain. lloyd intends to continue her involvement in soccer by helping younger players develop and teaching mental toughness.",159,negative
2016-01-25 11:50:21+00:00,"cnbc, Articles, Autos, Technology, Tech Transformers, source:tagname:CNBC Europe Source","carmakers believe that driverless cars will be like personal mobile devices, something people would prefer to own rather than hire through ride-sharing apps like uber. they argue that cars will become connected living and working spaces, offering personalized experiences similar to owning an iphone. while ride-sharing might be suitable for congested cities, car ownership will continue to be relevant in suburban and rural areas. volvo, for example, partnered with microsoft to use augmented reality in showrooms for buying and developing driverless car technology. experts predict a significant increase in autonomous vehicles on the road by 2021, but some, like elon musk, have more ambitious timelines than others. regulatory and technical challenges may delay widespread consumer adoption of autonomous cars.",148,positive
2016-08-11 12:50:53+00:00,"cnbc, Articles, Donald Trump, Elections, Politics, Squawk Box U.S., US: News, Republicans, source:tagname:CNBC US Source",trump if i lose ill have a nice long vacation donald trump made  a rare allowance on cnbc on thursday that he may lose the  presidential election but he said he will not back away from his  uncensored style  im a truth teller all i do is tell the truth trump said on  squawk box in a  phone interview and if at the end of  days ive fallen short   its ok i go back to a very good way of life  trump has previously questioned the integrity of the electoral  system which had some outsiders wondering if he was preparing an  explanation for a potential loss  im afraid the elections going to be rigged i have to be  honest trump recently told an ohio crowd however in his comments thursday he seemed to be preparing  for a loss with a more conciliatory tone  i think were going to have victory but well see trump  said at the end its either going to  work or im going to you know im going to have a very very  nice long vacation,190,positive
2016-12-07 14:17:33+00:00,"cnbc, Articles, Business News, Leadership, Entrepreneurs, Pop Up Start Up, source:tagname:CNBC Europe Source","amanda campbell, a graduate from ucl, has developed compatent, a fully compostable tent primarily for festivals. the tent is meant to address the environmental impact of abandoned tents. after buying the tent with a festival ticket, users can simply hand it into the recycling bin area when leaving, and it decomposes at the same rate as bread. one in five tents are left behind at european festivals, leading to over tents every year in landfills. amanda aims to find a factory in china to streamline manufacturing and achieve a target price of $x per tent.",118,positive
2016-03-10 01:36:05+00:00,"cnbc, Articles, China, Inflation, Asia Economy, Shanghai, Societe Generale SA, Asia: Squawk Box, Food Retail, Food Products, Business News, Economy, source:tagname:CNBC Asia Source","china's consumer prices in february saw the fastest on-year increase since july, with inflation rising to a six-month high. the spike was primarily due to seasonal distortions and increased demand for fresh food during the lunar new year holiday. unusual cold weather also led to a tight supply of vegetables, driving prices higher. however, analysts believe that the surge in inflation is temporary and not expected to continue accelerating. on the other hand, producer prices in february declined for the fourth consecutive year, impacting company profits and sales revenue. this calls for lower interest rates, and it is expected that the people's bank of china will cut policy interest rates by 25 basis points.",138,negative
2016-09-20 11:24:53+00:00,"cnbc, Articles, Michigan, New York, New York City, Product recalls, Food and drink, Business, Kellogg Co, Product Recalls, Business News, Food and Beverage, Business Operations, US: News, Wires, Leadership, Business Events, source:tagname:The Associated Press",kellogg recalls some eggo waffles over listeria fear kellogg is recalling about  cases of its eggo nutrigrain whole wheat waffles in  states because they could be contaminated with the bacteria listeria listeria can cause serious and even deadly infections it primarily affects the elderly pregnant women newborns and people with weak immune systems the battle creek michigan company said monday it has received no reports of illnesses kellogg says it learned of the potential problem after routine tests the recalled waffles are available in count packs with used by dates of nov   and nov   kellogg which also makes frosted flakes and special k said no other eggo products were affected the company says people who bought the products should throw them away and contact it for a full refund,150,positive
2017-02-10 13:25:43+00:00,"cnbc, Premium, Articles, Investment strategy, Stock markets, stocks, Investing, PRO Home, CNBC Pro, source:tagname:CNBC US Source",here are the  most important stories for investors friday morning a daily morning look at the financial stories you need to know to start the daystocks economystock futures are a bit higher after thursdays rally consumer sentiment numbers come out at  am eastern time oil energyus crude prices are up to the  a barrel level on news that opec has been complying with its production cut targets  but natural gas prices are close to falling back below the leveltrump first  daysthe ninth circuit court of appeals unanimously ruled against the trump administrations new immigration and travel ban policy the administration may now take this fight to the supreme court,121,positive
2017-07-31 19:31:48+00:00,"cnbc, Articles, Bonds, U.S. 10 Year Treasury, U.S. 2 Year Treasury, U.S. 5 Year Treasury, iShares Core U.S. Aggregate Bond ETF, Vanguard Total Bond Market Index Fund ETF Shares, Markets, source:tagname:","us treasury prices were lower as investors focused on us-russia relations and monitored economic data. the yield on the benchmark 10-year treasury notes remained steady, while the yield on the 30-year treasury bond increased slightly. on the data front, signed contracts to purchase existing homes increased by 1% in june compared to may. manufacturing activity in texas also saw a faster pace of growth in july. in other news, president trump removed anthony scaramucci as communications director at the request of his new chief of staff, john kelly. the kremlin has demanded a 60% reduction in us staff in russia in response to new sanctions. commodity prices hit a two-month high due to us considerations of sanctions against venezuela.",147,positive
2017-04-12 18:01:42+00:00,"cnbc, Articles, Vladimir Putin, Donald Trump, Xi Jinping, Commodity markets, SPDR Gold Shares, iShares Silver Trust, iShares Gold Trust, Futures & Commodities, Gold, Gold Overview, Markets, Metal Commodities, source:tagname:Reuters","gold remained steady after reaching a five-month peak, as political tensions persisted. investor interest in safe havens like gold remained intact due to continuing tensions in the korean peninsula, the middle east, and concerns about the upcoming french presidential election. spot gold slightly dipped but stayed strong, while us gold futures rose. the short-term geopolitical impact will likely fade, but the expectation of rate hikes and muted rate increases may result in further upside for gold. the dollar remained flat, and a general risk-off sentiment prompted investors to sell the greenback. chinese president xi jinping emphasized the need for a peaceful resolution in north korea, while russian president vladimir putin expressed eroded trust between the us and russia. in the french presidential race, emmanuel macron and marine le pen remained frontrunners, but a surge from a far-left candidate introduced the possibility of extreme runoff scenarios. gold's upward trend may continue ahead of the easter long weekend. the spdr gold trust etf saw an increase in holdings, and other precious metals experienced mixed results.",215,positive
2017-03-14 15:35:50+00:00,"cnbc, Articles, Amazon.com Inc, Food and drink, Retail industry, Technology, Food and Beverage, Retail, US: News, Food and Staples Retailing, source:tagname:CNBC US Source","amazon is planning to open drive-up grocery stores in seattle. the stores, called amazonfresh pickup, will allow customers to shop online and pick up their groceries at the store. permits have been filed for stores in the ballard and sodo neighborhoods. the store exteriors will display signs indicating that customers can shop online and pick up their groceries there. employees will be dedicated to bringing orders out to parked cars, with an average wait time of 15 minutes. amazon has also explored permits for drive-up grocery stores in the bay area. ceo jeff bezos has emphasized the company's use of technology, including artificial intelligence, to improve efficiency.",132,negative
2017-03-12 11:41:08+00:00,"cnbc, Articles, Business News, Economy, World Economy, Europe News, source:tagname:Reuters","britain's brexit minister, david davis, has announced that the uk is making plans for the possibility of exiting the european union without a deal. prime minister theresa may is set to begin exit talks by the end of the month, and the outcome of these negotiations will have a significant impact on the country's future. a committee of lawmakers warned that a breakdown in negotiations would be detrimental to both sides, causing economic harm and legal confusion. davis assured that the uk has been preparing for all possible outcomes and urged lawmakers to support may's brexit strategy.",119,positive
2017-02-03 14:17:29+00:00,"cnbc, Articles, Donald Trump, Bitcoin, Economy, Federal Reserve System, The Fed, US Economy, US: News, Business News, source:tagname:Reuters","chicago federal reserve bank president charles evans believes that while president trump's fiscal policies may boost economic growth beyond sustainable levels, the federal reserve should still raise interest rates slowly. evans argues that a gradual approach to rate hikes will provide a growth buffer for the economy in case of downside shocks. he predicts that the economy will grow at a faster pace due to anticipated tax cuts and stimulus measures under the trump administration. despite concerns about inflationary pressures, evans remains optimistic that a moderate fiscal boost can be achieved without the need for aggressive rate hikes. the recent increase in job numbers is seen as a positive sign for the labor market.",130,positive
2017-08-30 20:20:38+00:00,"cnbc, Articles, Travis Kalanick, Venture Capital, Start-ups, Lawsuits, Technology, US: News, Delaware, source:tagname:Recode","a judge has ruled that the lawsuit against former uber ceo, travis kalanick, brought by his investors, will be sent to arbitration instead of playing out in court. this decision marks a win for kalanick, as the lawsuit, filed by benchmark capital, will now be resolved out of the public eye. the lawsuit alleges that kalanick defrauded them and seeks to remove him from uber's board. kalanick's spokesperson maintains that the allegations are without merit. this development comes as uber's new ceo tries to regain control and move past the ongoing conflict between kalanick and benchmark capital.",127,positive
2017-05-18 18:17:43+00:00,"cnbc, Articles, Mueller Water Products Inc, Donald Trump, Markets, Stock markets, Investment strategy, Investing, stocks, Fast Money Halftime Report, Infrastructure, source:tagname:CNBC US Source","billionaire investor mario gabelli believes that the infrastructure sector will continue to thrive, even if president trump's trillion-dollar plan does not come to fruition. gabelli stated that the us needs to invest in its crumbling infrastructure and that trump's proposed plan would provide an additional boost to an already promising sector. he specifically mentioned mueller water as a potential investment opportunity due to their role in providing hydrants in the us. gabelli has previously expressed his support for infrastructure investment, highlighting its positive effects on fiscal stimulation, job creation, and the overall economy. trump, who has faced challenges in implementing his policy proposals, has pledged to reduce regulatory barriers to hasten infrastructure project approvals.",140,positive
2017-03-15 07:30:00+00:00,"cnbc, Articles, Donald Trump, Brexit, EU, European Union, Europe Economy, Business News, Economy, World Economy, Europe News, source:tagname:CNBC Europe Source","fitch ratings warns that a fragmented uk, caused by brexit and potential scottish independence, would negatively impact the country's debt ratings. the uk's debt-to-gdp ratio would rise significantly, according to james mccormack, global head of sovereigns at fitch ratings. the triggering of article 50 to initiate brexit will create uncertainty for all parties involved. the recent announcement of a potential scottish independence referendum further complicates matters. mccormack suggests that regardless of the timing of such a vote, the uk government will face challenges. on the us debt situation, mccormack is cautiously optimistic about short-term growth due to regulatory and tax reforms but expresses concern over trade reforms. however, fitch ratings still considers the us to have a strong aaa credit rating due to fundamental strengths. nevertheless, certain policies could accelerate the debt-to-gdp ratio beyond expectations.",181,positive
2017-09-19 15:39:06+00:00,"cnbc, Articles, Securing Our Future, Special Reports, Technology, Cybersecurity, source:tagname:CNBC US Source","elizabeth sherwood-randall is a highly accomplished individual with an extensive background in government, defense, and academia. prior to her current role at harvard and the belfer center, she served as deputy secretary at the us department of energy, overseeing a large budget and workforce. she played a key role in strategic direction for various missions, including nuclear deterrence, energy, and emergency response. sherwood-randall also held important positions in the obama and clinton administrations, focusing on defense policy, alliances, and disarmament efforts. she has a strong educational background, having attended harvard and oxford university as a rhodes scholar.",123,positive
2017-01-20 12:27:44+00:00,"cnbc, Articles, Environment, Alternative and sustainable energy, Energy, Renewable Energy, Green, Economic Development, Business News, Sustainable Energy , source:tagname:CNBC Europe Source","environmental and climate organizations are expressing concern about the potential impact of donald trump's presidency on the planet. trump's previous statements on the environment and climate change have raised alarm among many, such as his claim that global warming was created by china. he has also threatened to withdraw the us from the paris agreement. experts warn that trump's policies could hinder climate progress, with potential issues including driving the export of coal and compromising the competitiveness of renewable energies. friends of the earth ceo, craig bennett, criticized trump's support for the fossil fuel industry, stating that it will make the battle against climate change tougher.",130,positive
2017-03-09 16:52:28+00:00,"cnbc, Articles, Linde AG (Pre-merger), FTSE 100, DAX, CAC 40 Index, Vanguard FTSE Europe Index Fund ETF Shares, iShares Europe ETF, iShares MSCI Germany ETF, iShares MSCI France ETF, Europe News, Politics, Markets, Europe Markets, source:tagname:CNBC Europe Source","european markets closed slightly higher on thursday as the european central bank (ecb) maintained its interest rates and reaffirmed its commitment to its asset-purchasing program. the stoxx europe 600 index ended 0.2% higher, with insurance stocks performing well, while basic resources and oil and gas sectors struggled. akzo nobel, the dutch paints and chemicals maker, saw its shares rise after rejecting a $22 billion offer from a us firm. in the us, the dow jones and s&p 500 also closed higher, driven by strong jobs data and expectations of an upcoming interest rate hike by the federal reserve. the ecb revised its inflation and growth forecasts upward but emphasized the need for eurozone countries to pursue reforms to ensure stable growth. other news includes potential acquisitions and executive changes in prominent companies.",165,positive
2017-07-10 12:01:16+00:00,"cnbc, Articles, Transportation, New York, New Jersey, New York City, Travel, Squawk Box U.S., US: News, Business News, source:tagname:Reuters","new york commuters will experience a ""summer of hell"" due to urgent repairs at penn station. starting in july, the busiest passenger train hub in the us will undergo track closures, causing major disruptions to travel. commuters will need to find alternate ways into the city, such as ferries, buses, and subway lines. the repairs will complicate schedules for amtrak, new jersey transit, and long island rail road. delays and rerouted routes are expected until all tracks are restored. commuters are worried about overcrowding at alternative terminals, and recent derailments have heightened concerns about safety. amtrak ceo charles moorman acknowledged the need for expedited repairs, but emphasized the importance of cooperation between amtrak and the metropolitan transportation authority (mta). despite criticisms, new york governor andrew cuomo has no direct oversight over penn station repairs, as it is owned and operated by amtrak.",184,positive
2017-03-28 17:54:40+00:00,"cnbc, Articles, Social media, Technology, Meta Platforms Inc, Mobile, Social Media, Squawk Alley, US: News, source:tagname:CNBC US Source","snapchat's ability to understand and engage its audience, coupled with its strong marketing strategies, will help it survive facebook's ongoing efforts to copy its features, according to tech veteran rahul sood. while facebook has a broad user base, snapchat's niche demographic gives it an advantage in catering to its specific audience. however, sood also noted that what works for snapchat may not translate well to facebook's platforms, as seen with instagram's ""stories"" feature. despite facebook's imitation tactics, wall street responded positively, although it remains to be seen how this will affect snapchat's user growth and engagement in the long run.",142,negative
2017-05-30 01:02:20+00:00,"cnbc, Articles, Investment strategy, China, United States, Investing, Finance, Business News, Real Estate, source:tagname:CNBC Asia Source","chinese investors are turning their attention to miami as a more affordable option compared to new york or san francisco. despite beijing's capital control measures, miami remains attractive due to its lower prices and ongoing development projects. the city's real estate market is seen as a long-term investment opportunity, and chinese investors believe it will continue to be a safe haven. while foreign demand has driven up property prices in the past, industry experts believe there is still significant room for growth in miami.",99,positive
2017-03-08 19:54:28+00:00,"cnbc, Articles, Buffalo Wild Wings Inc, Retail industry, Restaurants, Retail, DO NOT USE Consumer, Business News, source:tagname:CNBC US Source","activist hedge fund manager mick mcguire is pushing for changes at buffalo wild wings, arguing that the executives' interests are not aligned with shareholders. mcguire claims that the lack of long-term ownership by the executives has led to failures in governance and oversight. he points out that none of the executives currently own shares in the company, and only one director has ever purchased stock on the open market. buffalo wild wings responded by stating that its directors have significant equity interests, with most trading executed under preexisting plans. mcguire, who owns 7% of the company, is hoping to get his nominated directors onto the board. the company disputes mcguire's claims about stock performance, stating that shares have appreciated significantly in the last five years.",148,positive
2017-02-14 14:00:00+00:00,"cnbc, Articles, H & R Block Inc, Internal Revenue Service, Tax planning, Personal finance, Tax Planning, Personal Finance, Your Money Your Future, Special Reports, Investing, source:tagname:CNBC US Source","there are several options available for americans to get their taxes done for free. they can fill out the e-file forms provided by the irs or use tax preparation software like credit karma tax or turbotax's absolute zero. the irs also offers the free file program for more complicated returns. low and moderate-income taxpayers can receive assistance through programs like tax-aide or vita. however, additional charges may apply for certain services, and it's important to note that the tax deadline may vary. for more information, visit irs.gov.",112,positive
2017-05-05 12:57:54+00:00,"cnbc, Articles, Bitcoin, Economy, Unemployment, Jobs, US Economy, US: News, Business News, source:tagname:CNBC US Source","in april, the us job creation exceeded expectations, with nonfarm payrolls growing by while the unemployment rate dropped to its lowest level since may. market experts believe that this report will likely lead to an interest rate hike. wages also increased, and job growth was seen in lower-paying sectors. despite a disappointing march, the federal reserve remains optimistic about the economy's steady growth and is expected to raise interest rates in june. however, the unemployment rate may not be the best measure of job growth.",104,positive
2017-02-09 10:03:23+00:00,"cnbc, Articles, Personal finance, Donald Trump, Wall Street, Personal Finance, US: News, Law and Regulation, Investing, Retirement, source:tagname:Reuters","a us federal judge has upheld an obama-era rule aimed at preventing conflicts of interest in retirement advice provided by brokers, dealing a blow to president trump's attempt to reduce government regulation. chief judge barbara lynn's decision is a setback for business and financial services industry groups who sought to overturn the rule. while the ruling is not expected to prevent the labor department from delaying the rule's compliance deadline, experts believe it could make it harder for the department to justify scrapping or significantly altering the rule. this is the second time a federal court has upheld the rule, while a third court rejected an effort to delay its implementation. the rule requires brokers to prioritize their clients' best interests when giving retirement advice. it is supported by consumer advocates and retirement nonprofit groups but has faced opposition from the financial services sector, which claims it will increase costs and harm lower-income retirees. the ruling can still be appealed. several other legal challenges to the rule are still pending.",203,positive
2017-04-11 17:15:00+00:00,"cnbc, Articles, Sean Spicer, Politics, White House, US: News, source:tagname:",watch white house press secretary sean spicer holds his daily press briefing the stream is slated to start at  pm et please refresh the page if you do not see a player above at that timewhite house press secretary sean spicer holds his daily press briefing with capitol hill reporters,58,neutral
2017-03-13 13:30:24+00:00,"cnbc, Articles, Middle East, Business News, Economy, World Economy, World News, source:tagname:Reuters",eu prolongs until september blacklist of russians over ukraine crisis the european union has prolonged for six months until sept  a blacklist of russian and crimean individuals and firms accused of undermining ukraines integrity and independence an eu statement said on mondaythe assessment of the situation did not justify a change in the sanctions regime the statement said the sanctions were introduced in march  following russias annexation of crimea and its involvement in the revolt in eastern ukrainethe list includes advisers and aides of president vladimir putin parliamentarians defense and intelligence officials army and navy commanders as well as crimean separatists and rebels in east ukrainetwo people were removed from the list because they have recently died the statement said the updated list covers  persons and  companies which remain subject to visa bans and an asset freeze in the eu,159,negative
2017-10-30 22:21:45+00:00,"cnbc, Articles, Investment strategy, Investing, Trading Nation, Special Reports, source:tagname:CNBC US Source","continued political uncertainty and the intensifying drama in washington could have a detrimental impact on the market, according to strategists. the recent indictments of two former trump campaign officials as part of special counsel robert mueller's investigation have raised concerns about potential long-term negative effects on capital markets. the successful passage of a tax reform package is seen as a critical catalyst for the market, and any further stalling of the administration's agenda could weigh heavily on investor sentiment. while some strategists believe the market could weather the storm, others argue that trump's possible firing of mueller might actually be seen as bullish for stocks, given his ability to push through pro-business legislation. the market closed lower on monday, with analysts warning of a possible pullback.",160,positive
2017-04-06 22:33:07+00:00,"cnbc, Articles, Brinker International Inc, Darden Restaurants Inc, Panera Bread Co, Food and drink, Restaurants, Food and Beverage, U.S. Business Day, S&P 500, Mad Money, CNBC TV, source:tagname:CNBC US Source","jim cramer analyzed two popular restaurant chains, darden restaurants (parent of olive garden) and brinker international (parent of chili's), to illustrate winners and losers in the casual dining market. while both companies rallied in the second half of 2019, darden saw a 36% rise in stock while brinker slid 15% year-to-date. brinker's underperformance was due to missed earnings, declining same-store sales, reduced guidance, and negative press. in contrast, darden reported a strong quarter, increased same-store sales, improved earnings guidance, and made a successful acquisition. darden's turnaround was attributed to changes in management, store remodeling, and a growing to-go business. cramer advised investing in best-of-breed stocks like darden rather than struggling companies like brinker.",175,positive
2017-09-06 07:25:38+00:00,"cnbc, Articles, EUR/USD, European Lithium Ltd, Jobs, Economy, World Markets, Europe News, Exchange-traded funds, Currency markets, Markets, Banks, Investment strategy, Business, World economy, Central banking, Politics, Central Banks, World Economy, Funds and ETFs, Investing, Currencies, Business News, Finance, source:tagname:CNBC Europe Source","the european central bank (ecb) is expected to delay any announcements regarding its stimulus program until october, due to the strong euro and heated debates. market participants speculated that ecb president mario draghi would detail a reduction of stimulus in september, but the fall technically starts at the end of september. the focus of this week's meeting is whether draghi will provide insight into the ecb's tapering plans. the stronger euro poses concerns about dampening the recovery and weakening inflation prospects. the core inflation forecast for 2022 is crucial. the majority of economists expect the ecb to announce a scaling back of its quantitative easing program in october and end it by the end of next year. tapering is almost unavoidable due to bond scarcity.",156,positive
2017-11-21 11:00:34+00:00,"cnbc, Articles, Lowe's Companies Inc, Home Depot Inc, Sears Holdings Corp, Stanley Black & Decker Inc, Retail industry, Earnings, Retail, Squawk Box U.S., US: News, DO NOT USE Consumer, e-commerce, quotes, Business News, source:tagname:CNBC US Source","home improvement retailer lowe's reported strong third-quarter earnings and sales, surpassing wall street expectations. the increase in sales was driven by higher demand for emergency supplies and repairs following hurricanes and wildfires. lowe's also benefited from solid activity in the housing market and consumer willingness to invest in their homes. however, lowe's still lags behind its competitor home depot in terms of growth. the company reaffirmed its financial outlook for the full year and expects additional hurricane-related sales in the fourth quarter. additionally, lowe's announced the retirement of its chief operating officer and plans to focus on reaching customers through various channels, including online and in-store technology initiatives.",138,positive
2017-07-24 05:14:30+00:00,"cnbc, Articles, Amazon.com Inc, Alphabet Class A, Meta Platforms Inc, Social media, Advertising, Internet, Technology, Social Media, Trader Poll, Technology: Companies, Special Reports, source:tagname:CNBC Asia Source",poll which is your favorite major tech stock reporting earnings this week some of the biggest technology names on wall street are set to announce earnings this week that could potentially bring the tech sectors rally to a crashing halt of the four socalled fang stocks three are reporting this week alphabet facebook and amazon google parent company alphabets quarterly earnings report could be a bellwether for technology stocks according to one trader advertising revenue for alphabet could indicate if ad dollars are also flowing into smaller tech companies wall street analysts predict facebook will earn about  percent lower profit this year than they did at the start of the quarter possibly due to higher capital expenditures experts also think amazon could be the next fang stock to surge on the back of strong earningsso in this weeks trader poll tell us which is your favorite fang stock,156,positive
2017-03-09 13:53:00+00:00,"cnbc, Articles, Jack Ma, Alibaba Group Holding Ltd, Investment strategy, World Markets, Investing, Global Investing Hot Spots, Special Reports, source:tagname:CNBC US Source","china's tech giants, known as the bat (baidu, alibaba, tencent), are investing billions in us startups in order to expand their footprint, attract top talent, and gain an edge in innovation. companies like alibaba and renren have made significant investments in startups like sofi, lyft, and magic leap. the chinese government is also spending billions of dollars to level the playing field with the us in technology. while there are concerns about potential security and economic risks, us tech startups see the benefits of partnering with chinese investors, such as gaining access to the chinese market, receiving favorable investment terms, and getting strategic insights.",139,positive
2017-11-08 12:52:00+00:00,"cnbc, Articles, S&P 500 Index, Annuities, Investment management, Investor Toolkit, Taxes and Stocks, Special Reports, Investing, Financial Advisors, source:tagname:CNBC US Source","annuities, particularly variable annuities, have become a target for criticism by financial advisors due to their expensive and complex nature. the sale of high-commission annuities has been flagged as a way that advisors fail to act in the best interest of their clients. the department of labor's fiduciary rule has caused annuity sales to decline, as brokerage firms and advisors anticipate stricter regulations. however, not all advisors are against annuities, as low-cost immediate annuities and certain situations warrant their use. pros of annuities include guaranteed income and protection against longevity risk, while cons include high costs, limited investment options, and surrender penalties. furthermore, the tax treatment of variable annuities can result in a large tax burden. overall, annuities have both positive and negative aspects for investors to consider.",180,positive
2017-12-07 22:02:15+00:00,"cnbc, Articles, Politics, source:tagname:CNBC US Source","protests erupted in the middle east after president trump recognized jerusalem as the capital of israel. the decision marks a significant shift in us policy towards the region and triggers plans to move the us embassy to jerusalem. the palestinian authority called for a general strike, and hamas declared an uprising in response. scenes from the protests showed clashes between palestinian demonstrators and israeli forces, with tear gas and stun grenades being used. leaders, such as hamas' ismail haniya, called for a new intifada. the decision has received criticism from arab and western allies who warn of potential violence in the region.",119,positive
2017-11-20 16:17:49+00:00,"cnbc, Articles, Personal finance, Bitcoin, Federal Reserve System, Economy, Personal Finance, The Fed, US Economy, US: News, DO NOT USE Consumer, Business News, Retail, source:tagname:Reuters",us credit access financial fragility improve fed survey americans access to credit improved while their perceived vulnerability to a financial shock declined according to a federal reserve bank of new york survey that painted a slightly more optimistic picture of us householdsthe socalled survey of consumer expectations found that respondents who were too discouraged to apply for credit over the past  months declined to  percent in october continuing a downward trend and reaching its lowest level since the survey began in the survey done every four months also found a rise in those applying for and accessing credit and a drop in rejections it focuses on mortgages and refinancing credit cards and limit increases and auto loansthe new york fed also updated its gauge of socalled financial fragility which measures expectationswhile the average probability of respondents needing  for an unexpected expense in the next month rose to  percent from  percent previously the probability of being able to come up with the funds also rose to nearly  percent from  percent,188,positive
2017-11-07 18:52:08+00:00,"cnbc, Articles, Alphabet Class A, Netflix Inc, Amazon.com Inc, Apple Inc, Meta Platforms Inc, Power Lunch, Investment Strategy, Investing, source:tagname:CNBC US Source",jack bogle bashes fang investing says this trading mentality is a losers game vanguard founder and former ceo jack bogle is not a believer in trading fang stockswhen asked about intercontinental exchange launching a fang index futures contract for traders on wednesday bogle blasted the ideathe product enables investors to trade an index that tracks the performance of facebook apple amazon netflix and googleparent alphabet along with alibaba baidu nvidia tesla and twitterif you want to do such a crazy thing it certainly makes it easy to do  i have no doubt its a liability bogle said on cnbcs power lunch tuesday i think the odds are very bad it appeals to the trading instincts in investors  if you like gambling if you like casinos these things are really really really goodinstead he recommended investors focus on the long term with a multidecade time horizon by buying index funds that minimize trading transaction costs  anything that gets investors into trading is a negative he said trading is a losers game trading is short term speculationbogle founded vanguard group in  the firm is widely regarded as the leader of passive index investing it has approximately  trillion in assets under management according to its president,230,negative
2017-03-13 09:36:18+00:00,"cnbc, Articles, Ford Motor Co, China, Autos, US: News, Business News, Transportation, source:tagname:Reuters","ford's luxury unit, lincoln, is planning to produce luxury suvs in china by late 2022. the move is part of ford's strategy to expand into the chinese auto market and compete with german and us rivals who already manufacture in china. lincoln aims to build a new suv that caters to chinese preferences and will utilize an existing assembly plant operated jointly with chongqing changan automobile. currently, lincoln vehicles are only imported into china, but the company's sales have risen significantly. the local production of lincoln vehicles is a significant step in their evolution in china and will complement continued imports from north america. the specific details about the production volume and model were not disclosed. the joint venture between chang'an and ford is in the process of gaining approval for this local production. lincoln china president, amy marentic, stated earlier that the brand was considering local production in china. lincoln plans to have 40 stores in china by the end of the year, along with smaller sales branches in lower-tier cities.",207,positive
2017-09-20 10:05:17+00:00,"cnbc, Articles, World economy, Technology, Terrorism, Cybersecurity, Jobs, World Economy, Business News, Economy, source:tagname:CNBC Europe Source","the top worries for global business leaders, according to a survey by the world economic forum (wef), include cybersecurity, health of the global economy, energy price shocks, and terrorist attacks. the survey conducted by wef's partners marsh & mclennan companies and zurich insurance group identified ten major risks, with unemployment, fiscal crises, and failure of national governance being the top concerns globally. cyber attacks ranked high in importance, particularly in north america, east asia, and the pacific regions. while economic and technological risks create new opportunities, geopolitical uncertainties highlight the need for resilience. different regions prioritize specific risks such as failure of financial mechanisms in europe, failure of urban planning and critical infrastructure in south asia, and terrorist attacks in north america and the middle east. concerns over climate change adaptation were minimal, with only canadian executives ranking it as a top risk.",184,positive
2017-06-14 04:21:58+00:00,"cnbc, Articles, Sean Spicer, United States, Laws, Russia, Asia News, Crime, White House, Congress, Washington DC, Donald Trump, Law, Law and Regulation, Politics, source:tagname:Reuters","democratic lawmakers have filed a lawsuit against president donald trump, claiming that he violated the us constitution by accepting payments from foreign governments through his businesses without congressional consent. the lawsuit alleges that trump has not sought approval from congress for the payments his businesses have received. the plaintiffs argue that trump's business interests conflict with his role as president and provide foreign governments an incentive to give his businesses special treatment. similar lawsuits have been filed by other groups, including an ethics organization and the attorneys general of maryland and washington, d.c. the plaintiffs will be represented by the constitutional accountability center.",120,negative
2017-11-06 11:45:48+00:00,"cnbc, Articles, Barack Obama, Donald Trump, White House, Politics, Bitcoin, Economy, US Economy, GDP, CEOs, Business News, US: News, source:tagname:CNBC Europe Source","us commerce secretary wilbur ross has announced that more deregulation is on the way, stating that regulatory relief has played a significant role in boosting the economy. president trump has already cancelled regulations imposed by the obama administration, earning praise from ceos. ross credited the president's executive powers for delivering on deregulation policies. while trump has yet to achieve major legislative victories, he has focused on passing separate tax bills before the thanksgiving holiday. however, analysts predict that the tax overhaul could be delayed. despite recent economic growth, former treasury secretary jack lew cautioned that it is too early to determine if these levels are sustainable.",128,positive
2017-10-24 09:26:38+00:00,"cnbc, Articles, Pre-markets, Bitcoin, Stock markets, Dow Jones Industrial Average, S&P 500 Index, NASDAQ Composite, SPDR S&P 500 ETF Trust, PowerShares QQQ Trust, SPDR Dow Jones Industrial Average ETF Trust DUP, iShares Core S&P 500 ETF, US Economy, stocks, Pre-Markets, U.S. Markets, US: News, Markets, source:tagname:CNBC Europe Source","the dow jones industrial average reached a record high, closing at 26,872 points fueled by strong earnings beats from caterpillar and 3m. jpmorgan chase shares also rose, while the s&p 500 and nasdaq composite saw gains. united technologies reported better-than-expected results, while general motors, eli lilly, and polaris industries also experienced stock increases after reporting earnings. the market remains focused on earnings, with a busy week ahead as more companies are set to report. hopes for tax reform are also boosting investor sentiment. the flash us composite pmi rose to a nine-month high in october, and while european stocks fell slightly, asian markets finished on a mixed note.",145,positive
2017-05-26 11:00:00+00:00,"cnbc, Articles, Investment strategy, Technology, Investing, Trading Nation, Special Reports, source:tagname:CNBC US Source","analyst rob sanderson of mkm partners raised his price target on netflix, expecting the stock to rise even further in the next few years. sanderson predicts that netflix's earnings will increase from $x in 20xx to over $y in five years. he believes the company has ample opportunity to invest in global content and expand its subscriber base. while some investors may be skeptical, dennis davitt of harvest volatility management cautions against betting against netflix, as it is a momentum stock. davitt suggests buying a downside put option as insurance to protect against potential downside while maintaining upside potential. netflix's stock has increased by over z% year-to-date.",143,negative
2017-12-01 03:21:36+00:00,"cnbc, Articles, Defense, Asia News, Politics, United States, South Korea, Kim Jong-un, Donald Trump, United Nations, North Korea, source:tagname:Reuters","north korea has developed a new intercontinental ballistic missile (icbm) called the hwasong, capable of flying over 10,000 km. this missile puts the us mainland within its range and violates un security council resolutions. in response, us president donald trump insulted north korean leader kim jong un and dismissed china's diplomatic effort to rein in north korea's weapons program. despite international condemnation and sanctions, north korea continues its pursuit of a nuclear-tipped missile that could target the us. analysts believe the hwasong video footage and photographs indicate north korea's capability to deliver a nuclear weapon to the us. south korean president moon jae-in and president trump pledged to apply strong sanctions and pressure to bring north korea to the negotiation table. the us warned north korea that a war would lead to its complete destruction.",167,positive
2017-02-03 13:01:52+00:00,"cnbc, Articles, Market Insider, Markets, Wall Street, Earnings, U.S. Markets, Finance, source:tagname:CNBC US Source","amazon reported lower-than-expected profit and revenue, with weaker revenue guidance for the current quarter. clorox beat earnings estimates but reduced its full-year outlook due to strong performance. autonation missed estimates but achieved record earnings for q4 and full year. hershey beat earnings estimates with higher sales in the us. ford was upgraded by barclays, citing better preparation for border taxes. amgen beat earnings and revenue estimates but provided weaker guidance. visa surpassed profit and revenue estimates on payment volume growth. chipotle missed earnings but saw sales rise after five quarters. gopro beat earnings but fell short on revenue and profit margin guidance. deckers missed estimates and lowered full-year guidance. fireeye had a smaller loss, but revenue fell short and its chairman and cfo are departing. tableau exceeded profit and revenue expectations. under armour missed estimates and gave worse guidance for 2020.",181,positive
2017-10-12 11:20:30+00:00,"cnbc, Articles, Economy, Business, Markets, Apple Inc, Technology, Mobile, Social media, Business News, Social Media, US: News, DO NOT USE Consumer, source:tagname:Reuters",apples  billion data center gets irish high court green light irelands high court on thursday ruled that a  million euro  billion data center planned by apple in the west of ireland may proceed dismissing an environmental challenge made by three peopleapple announced plans to build the data center in  but the project has been delayed by planning objections a similar apple center announced at the same time in denmark is due to begin operations later this year,81,negative
2017-12-13 21:31:38+00:00,"cnbc, Articles, Markets, Market Insider, U.S. Markets, US: News, Market Outlook, Investment Strategy, source:tagname:CNBC US Source","fed chair janet yellen stated that high stock market valuations do not necessarily mean the market is overvalued or that a market downturn would greatly impact the economy or financial system. yellen emphasized that determining appropriate valuations is difficult, and high valuations do not automatically indicate overvaluation. she mentioned that the current low-rate environment supports higher valuations, and the global economy's risks are more balanced. yellen also highlighted that the banking system is more resilient, with no worrisome buildup in leverage or credit growth. while the federal open market committee considers market stability risks, it is not a major factor shaping monetary policy at the moment.",139,positive
2017-07-19 05:07:43+00:00,"cnbc, Articles, Markets, US: News, Business News, Leadership, source:tagname:CNBC Europe Source","akzo nobel ceo ton buechner has resigned due to health reasons. thierry vanlancker, the former head of specialty chemicals at akzo nobel, will take over as ceo. buechner played a significant role in improving the company's performance and profitability. chairman antony burgmans stated that buechner's focus on customer satisfaction and operational excellence contributed to record-level profitability. while burgmans did not disclose specific details about buechner's health condition, he mentioned that buechner made a preemptive decision for his well-being. buechner had previously rejected a takeover attempt by ppg industries and briefly stepped down earlier this year due to exhaustion.",144,negative
2017-08-11 17:29:18+00:00,"cnbc, Articles, CBOE Volatility Index, iShares iBoxx $ High Yield Corporate Bond ETF, SPDR S&P 500 ETF Trust, Market Volatility ETFs, Investment Strategy, quotes, Investing, source:tagname:CNBC US Source","options experts are warning that the surge in volatility derivatives bets on thursday may indicate a dangerous problem with the size of volatility-linked trading products. the focus is on the cboe volatility index (vix), which reached record options and futures volumes. this coincided with a significant spike in the vix, raising concerns about increased leverage and potential market risks. experts suggest buying put options on certain etfs to hedge against further downside volatility. the surge in vix may be due to traders being forced to close out losing positions. this suggests that the recent volatility surge is not solely driven by hedging activity but also by smart money covering their short positions.",144,negative
2017-04-27 19:23:42+00:00,"cnbc, Articles, Donald Trump, Mitch McConnell, Politics, White House, Power Lunch, US: News, source:tagname:CNBC US Source","democratic senator heidi heitkamp stated that a deal to avert a government shutdown is nearly complete. she mentioned that the democrats were willing to compromise on defense, while the republicans agreed to fulfill commitments under the affordable care act and not waste money on a border security provision. the trump administration dropped its opposition to an affordable care act subsidy and funding for a wall on the southern border. although the solution is expected to be a short-term extension, heitkamp is optimistic about reaching a long-term agreement.",107,positive
2017-03-07 23:07:14+00:00,"cnbc, Articles, White House, Oil and Gas, Chevron Corp, Donald Trump, Business, Exxon Mobil Corp, Business News, Closing Bell, source:tagname:CNBC US Source","chevron ceo john watson stated his support for us tax reform under president trump's administration. despite concerns over a proposed border adjustment tax, watson believes that industry imports will eventually come into balance. he also mentioned that a potential border tax could lead to the appreciation of the us dollar, offsetting any rise in oil prices. watson emphasized that chevron would not try to move money offshore, but rather reinvest cash flow into shorter cycle-time investments. he expressed optimism about the pro-business environment fostered by the trump administration and its potential to enable economic growth.",117,positive
2017-08-04 09:36:11+00:00,"cnbc, Articles, STOXX 600, Emerging markets, Investment strategy, Investing, Emerging Markets, source:tagname:CNBC Europe Source","investors are increasingly turning to emerging markets as they offer attractive valuations and concerns over high stock prices in the us and europe persist. the msci emerging market index has seen a 20% rise this year, driving investors towards these markets. concerns over patchy earnings and a strong euro impacting profitability in europe, as well as uncertainty surrounding us policy progress, have also contributed to this shift. emerging markets offer improved fundamentals, including stronger current accounts, higher growth, lower inflation, and improved consumer confidence. in addition, with the tightening us monetary policy, interest rate differentials favor emerging markets, which have a stronger position compared to the 2013 ""taper tantrum."" however, analysts advise monitoring protectionist policies and geopolitical risks. despite the 20% gains, experts believe there is still potential for attractive returns, reasonable valuations, and a weakening us dollar, making it a favorable time to invest in emerging markets.",189,positive
2017-05-28 19:12:49+00:00,"cnbc, Articles, Dow Jones Industrial Average, S&P 500 Index, NASDAQ 100 Index, Washington DC, Wall Street, Investment strategy, Investing, U.S. Markets Overview, U.S. Markets, On The Money, CNBC TV, source:tagname:CNBC US Source","despite negative budget headlines and tragic events, both the nasdaq and s&p set new records this week with seven consecutive gains. the market seems desensitized and focused on positive economic data and earnings. recent winners include walmart, home depot, hp, medtronic, and best buy. economic data, such as the gross domestic product and manufacturing pmi, also showed positive numbers. the upcoming federal reserve meeting may bring a rate hike, which could benefit savers. however, it's advised to stay the course and not make hasty investment decisions based on short-term market headlines. overall, the major indexes ended the week with gains, ending their previous two-week losing streaks.",145,positive
2017-01-24 23:15:09+00:00,"cnbc, Articles, United States, Politics, Donald Trump, Ted Cruz, Texas, US: News, Republicans, source:tagname:CNBC US Source",cruz sponsors bill allowing governors to deny entrance to refugees texas sen ted cruz and rep ted poe reintroduced a controversial  bill that allows governors to bar refugees from entering their  state the hill reported  the bill entitled the state refugee security act was  initially introduced last year the  hill reported on tuesday it would require federal authorities to notify a  state  days before settling a refugee there during which the  governor can request adequate assurance that the  refugee is not a security threat if the federal authorities can not provide this the refugee will not be able to settle in the state  the first obligation of the president is to keep this country  safe as commander in chief cruz said in a statement to the  hill i am encouraged that unlike the previous  administration one of president trumps top priorities is to  defeat radical islamic terrorismthe act echoes the sentiment of president donald trumps plan to bar muslims from entering the united states while he proposed this plan during the primaries it is unclear at this time if he still supports itclick here to read the full story from the hill,200,positive
2017-01-30 14:06:33+00:00,"cnbc, Articles, OPEC, Enterprise Group Inc, Markets, Dow Jones Fut (Dec'21), S&P 500 Fut (Dec'21), NASDAQ 100 Fut (Dec'21), Pre-markets, Pre-Markets, U.S. Markets, source:tagname:CNBC US Source",futures point to a lower open on wall street as investors eye economic data us  stock index futures pointed to a lower open on monday  amid a batch of earnings and economic data  on the data front monday will see pending home sales for  december and dallas fed manufacturing for january at  am et  and  am et respectively personal income for december rose  percent below an  expected increase of  percent  on the earnings front enterprise products and booz allen  hamilton reported before the bell general growth  properties leggett  platt principal financial  reinsurance group of america and udr are all due to  report after the market close    in europe the paneuropean stoxx index was around  percent lower on monday in asia the shanghai composite  in china closed  percent higher while the nikkei in japan  closed  percent lower   in oil markets prices were dragged lower as investors grew  increasingly concerned that rising production in the us would  offset output cuts pledged by opec and other  producersbrent crude traded at around  a barrel on monday  down  percent while us crude was around  a barrel  down  percent,199,negative
2018-12-20 13:03:48+00:00,"cnbc, Articles, Mckesson Corp, Rite Aid Corp, Cigna Corp, Express Scripts Holding Co, Celanese Corp, PPG Industries Inc, Humana Inc, Pier 1 Imports Inc, Herman Miller Inc, Tilray Inc, Anheuser Busch Inbev SA, Newell Brands Inc, Altria Group Inc, Conagra Brands Inc, BlackBerry, Accenture PLC, Alphabet Class A, Walgreens Boots Alliance Inc, Breaking News: Markets, Stock markets, Business, Economy, Markets, Market Insider, Finance, stocks, US: News, U.S. Markets, source:tagname:CNBC US Source","walgreens boots alliance (wba) announced better-than-expected earnings and plans to cut $1 billion in costs. they also formed a partnership with alphabet's verily for healthcare projects. accenture (acn) reported higher quarterly profit and revenue, driven by digital and cloud services. blackberry (bb) beat earnings estimates and saw improved automotive services revenue. conagra brands (cag) beat earnings estimates but fell short on revenue, while altria (mo) acquired a 35% stake in e-cigarette maker juul for $12.8 billion. carl icahn increased his stake in newell brands (nwl), and ab inbev (bud) partnered with tilray for marijuana-infused beverages. herman miller (mlhr) exceeded earnings and revenue expectations, while pier 1 imports (pir) ceo resigned. humana (hum) stock was upgraded, and ppg industries (ppg) was upgraded due to activist investor involvement. celanese (ce) will join the s&p 500, and rite aid (rad) reported better-than-expected earnings and extended its drug supply agreement with mckesson.",239,positive
2018-04-11 08:43:15+00:00,"cnbc, Articles, Asia News, Rakuten Group Inc, Tencent Holdings Ltd, e-commerce, Technology, source:tagname:CNBC Asia Source","japanese ecommerce giant rakuten is expanding its services through various partnerships. the company has recently received approval from the government to enter the mobile network operator business, in addition to launching an online grocery delivery service with walmart. rakuten ceo hiroshi mikitani believes that the mobile business is a crucial platform for various services and anticipates the convergence of network platforms, content, and transactions. with ambitions to become a comprehensive service provider, rakuten aims to build an ecosystem that includes telecommunications, shopping, and insurance. mikitani cites china's tencent as an example of a company excelling in consumer services and expects more partnerships like the one with walmart in the future.",144,positive
2018-02-26 06:41:19+00:00,"cnbc, Articles, United Nations, Defense, Yemen, Iran, Russia, Politics, World News, Middle East Turmoil, US: News, source:tagname:Reuters","russia is preparing to veto a western bid at the united nations security council to call out iran over its weapons falling into the hands of yemen's houthi group. the council needs to renew its targeted sanctions on yemen, but russia has proposed a rival resolution that would only extend the mandate of the regime for one year without mentioning iran. the us has been pushing for iran to be held accountable at the un while threatening to withdraw from a nuclear deal. a proxy war is taking place in yemen between iran and saudi arabia, with iran denying supplying weapons to the houthis. the resolutions seek to renew a ban on supplying weapons to the houthis and blacklist individuals and entities that threaten peace and stability in yemen. russia's ambassador to the un does not believe there is a case for un action against iran.",167,positive
2018-06-06 16:30:41+00:00,"cnbc, Articles, New York, Kentucky, Squawk on the Street, Bob Baffert, Horse racing events, Horse breeding, Quarter horse racing, Horse racing, Horses, Kentucky Derby, Preakness Stakes, Belmont Stakes, Triple Crown, Gambling, Sports, Seasonal jobs, Business, Business News, Life, source:tagname:CNBC US Source","the stakes are high for this saturday's belmont stakes as justify has a shot at winning the triple crown, a feat only achieved by 12 horses in history. the potential for a triple crown win could lead to a surge in tv viewership, with an average of 45 million viewers in previous years when the possibility was in play. betting on the race is also expected to increase. the race will be held at belmont park in new york, and if justify wins, it will be the second triple crown winner trained by bob baffert, who won in 2015 with american pharoah. baffert emphasized the excitement and electricity surrounding these races and mentioned his personal nerves going into the event.",141,positive
2018-10-31 10:38:22+00:00,"cnbc, Articles, Business, Space industry, Comcast Corp, Tesla Inc, Hewlett Packard Enterprise Co, Microsoft Corp, California, United States, Seattle, Elon Musk, Technology, US: News, Business News, Transportation, Space, source:tagname:Reuters","spacex ceo elon musk recently fired at least seven members of the senior management team in the company's satellite launch project. musk wants to quickly bring online spacex's starlink program to establish a satellite-based internet service. this program is crucial for generating cash to fund musk's dream of developing a rocket for space travel. however, the program is struggling to hire and retain staff. musk aims to have internet service available by 2020, while competitors like oneweb and telesat have similar plans. spacex engineers have already successfully tested their satellites by playing online video games and streaming videos. spacex intends to launch more satellites to meet future bandwidth demand. musk's ultimate goal is to make spacex a major player in the global satellite-based broadband and television services market.",168,positive
2018-06-12 12:37:08+00:00,"cnbc, Articles, Alphabet Class A, Apple Inc, Amazon.com Inc, Technology, Health care industry, Health & Science, US: News, source:tagname:CNBC US Source","amazon's ai camera, deeplens, could assist individuals with memory loss in recognizing their loved ones. sachin solkhan, a software engineer, attended a hackathon to develop a system that records experiences and identifies people using ai. deeplens, targeted at developers, stores photographs and names in amazon's cloud service. the camera records interactions and the ai recognizes the person, issuing a verbal prompt. amazon aims to integrate ai into healthcare, focusing on medical needs. the camera showcases amazon's advanced technology, supporting applications like recognizing pet species and aiding seniors. the company sees potential in using machine learning to improve elder care and overall healthcare.",134,positive
2018-02-01 16:48:41+00:00,"cnbc, Articles, Congress, Donald Trump, Politics, White House, source:tagname:CNBC US Source","the white house is planning to release a republican memo on the fbi's russia probe if president trump approves it. the memo, written by rep. devin nunes, focuses on the alleged use of a dossier by the fbi. the release is hotly debated, with democrats and the fbi expressing concerns about its accuracy and lack of context. the president is expected to declassify the note, leaving it to lawmakers to make it public. the white house has agreed to some redactions at the fbi's request. once trump decides, the house intelligence committee will be notified.",122,positive
2018-11-07 10:46:58+00:00,"cnbc, Articles, World Bank, Middle East, Jordan, Renewable power generation, Wind power generation, Wind power, Environment, Alternative and sustainable energy, Energy, Renewable Energy, Green, Economic Development, Business News, Sustainable Energy, source:tagname:CNBC Europe Source","the international finance corporation (ifc) has set up a financing package to support the construction of a 250 mw wind farm in jordan. the package, worth up to $188 million, will fund the arbour wind farm in the south of the country. the project is being developed by abour energy company, a joint venture between xenel international and amea power. the ifc, a member of the world bank group, has invested over $70 million in jordan to promote clean energy. the financing package includes a $28 million loan from the ifc and parallel loans from the islamic development bank. jordan is focused on diversifying its energy sources, and the ifc's support has been instrumental in developing renewable energy in the country. ge renewable energy will supply turbines for another wind farm project in jordan, the mass wind project, which will have a capacity of 100 mw and is expected to be operational by the end of 2020.",191,positive
2018-01-11 13:51:04+00:00,"cnbc, Articles, Alphabet Class A, White House, Jeff Bezos, Internet, Amazon.com Inc, Government taxation and revenue, Politics, Technology, Taxes, US: News, e-commerce, source:tagname:CNBC US Source","president donald trump has renewed his call for an internet tax, with a veiled threat against amazon. he argued that online retailers like amazon should start paying sales tax to level the playing field for traditional brick-and-mortar retailers. trump also expressed concerns about amazon's impact on the us postal service. the president's comments are seen as aimed at jeff bezos, who owns the washington post. while there is speculation, experts believe the threat of an internet tax is more noise than a real threat. amazon already collects sales tax on its products, but the issue arises with third-party vendors. brick-and-mortar retailers are pushing for heavier taxation on amazon. however, the likelihood of an internet tax passing is considered small.",150,positive
2018-03-02 15:08:06+00:00,"cnbc, Articles, Brexit, Trade, United Kingdom, World economy, Markets, Business, Politics, Europe, Europe News, World Economy, Business News, DO NOT USE Consumer, source:tagname:Reuters","british prime minister theresa may unveiled her vision for a brexit trade deal that surpasses any free trade agreement in the world. in her speech, may emphasized the need for a time-limited implementation period and an independent arbitration mechanism. she also expressed the desire to explore options for the uk to remain part of eu agencies. may affirmed that both sides will face challenges during negotiations but emphasized the shared interest in reaching an agreement. she also reiterated the commitment to avoid a hard border between northern ireland and ireland. may emphasized that brexit is about taking back control of money, laws, and borders, with parliament making key decisions.",129,positive
2018-06-06 09:53:18+00:00,"cnbc, Articles, Natural disasters, Catastrophe, US: News, Business News, Life, Weather & Natural Disasters, source:tagname:The Associated Press","frightened residents near the guatemala volcano of fire were forced to evacuate again due to fresh flows of superheated debris. the hasty evacuation caused panic as people rushed to leave with little time to prepare. the roads became congested, and even pedestrians struggled to escape. businesses closed as owners fled the area. memories of the deadly eruption over the weekend, which resulted in numerous fatalities and destruction, played a significant role in people's fear. the volcano continued to emit smoke and hot volcanic material, prompting further evacuation orders. the potential ash production posed a threat to air traffic. rescue efforts were hampered by the intense heat of the terrain, making it difficult to search for survivors or recover bodies. the final death toll remains uncertain, but the magnitude of the disaster is immense.",156,negative
2018-04-14 14:59:04+00:00,"cnbc, Articles, George W. Bush, Vladimir Putin, Donald Trump, Chemical weapons, Syria, Politics, Europe News, World News, US: News, source:tagname:CNBC US Source","president donald trump declared the us-led intervention in syria a ""perfectly executed"" strike that achieved its goals of degrading bashar assad's chemical weapons capability. however, his use of the phrase ""mission accomplished"" raised doubts about future actions if chemical weapons were used again or if the conflict escalated amidst russian aggression. defense secretary james mattis referred to the strikes as a one-time action, aimed at sending a clear message to the assad regime. this declaration evoked memories of former president george w. bush's premature announcement of the end of the iraq war in 2003. the pentagon described the syria bombing as successful, but russia condemned it as an act of aggression.",141,positive
2018-10-03 14:54:53+00:00,"cnbc, Articles, E.ON SE, Utilities, Hedge Funds, Stock markets, stocks, Finance, Business News, source:tagname:CNBC US Source",fir trees stern says german utility eon could double in value over two years hedgefund investor aaron stern is a big believer in the german utility eons turnaroundeons management team has been engulfed in a multiyear transformation which has been nothing short of spectacular but has yet to be rewarded by the market he said on cnbcs worldwide exchange wednesdaythe investor said the company has sold off its legacy coal business spun out its noncore assets and trades at a significant discount to its industry peersyes we do believe eon shares could double over the next two years he saidhe recommended the investment at sohn tel aviv conference wednesdaystern is a managing director and partner at fir tree partners he manages the firms international and emerging markets investments fir tree has  billion of assets under managementsohn is a series of widely anticipated hedgefund conferences where managers volunteer their time and best investment ideas to raise money in the fight against childhood cancer,186,positive
2018-01-09 08:00:00+00:00,"cnbc, Articles, McDonald's Corp, Dunkin' Brands Group Inc, Starbucks Corp, Retail industry, Restaurants, Retail, US: News, DO NOT USE Consumer, Business News, source:tagname:CNBC US Source","starbucks is introducing blonde espresso at all its us locations, offering customers a choice in their cup of coffee for the first time. made with beans from latin america, this new espresso has a higher caffeine content and a citrus flavor. starbucks hopes that this move will make espresso more accessible to new coffee drinkers. the introduction of blonde espresso comes as starbucks faces increasing competition from the likes of dunkin' donuts and mcdonald's. this product launch is part of starbucks' efforts to revitalize its us sales growth.",116,positive
2018-03-20 11:44:39+00:00,"cnbc, Articles, Social media industry, Social media, Data mining, Data privacy, Facebook data breach, Alphabet Class A, Donald Trump, Goldman Sachs Group Inc, Meta Platforms Inc, United States, United Kingdom, Business, Laws, Business News, World News, Technology, Social Media, source:tagname:CNBC Europe Source","facebook is facing significant uncertainty as its ability to manage the data scandal will determine its long-term future, according to goldman sachs. the company's stock experienced a sharp decline following reports that cambridge analytica obtained data on 50 million facebook profiles without user consent. facebook's mishandling of user data has led to accusations and calls for stricter regulations. goldman sachs believes that how facebook navigates through this crisis will impact its growth prospects. the media firestorm surrounding the scandal has also raised concerns about the misuse of data for political purposes. cambridge analytica has denied any wrongdoing and claimed that the undercover investigation misrepresented their conversations.",134,positive
2018-02-26 21:26:02+00:00,"cnbc, Articles, Business, Politics, Avis Budget Group Inc, American Airlines Group Inc, Southwest Airlines Co, United Airlines Holdings Inc, Delta Air Lines Inc, Life, Transportation, Travel, Business News, US: News, DO NOT USE Consumer, Airlines, source:tagname:CNBC US Source","republican politicians in georgia, the home state of delta air lines, are threatening to kill a tax break for the airline unless it reinstates its relationship with the nra. delta recently decided to remove discounted airfare for participants of an upcoming nra meeting. delta and united airlines have joined other companies in severing ties with the nra following the parkland shooting. delta justified its decision as a neutral stance on gun control. some customers applauded the decision while others criticized it. the nra called the move cowardly. the discount removal is largely symbolic and may not have much impact on customers due to airline consolidation.",130,positive
2018-11-30 11:38:30+00:00,"cnbc, Articles, Bitcoin/USD Bitfinex, Economy, Currency markets, Stock markets, Markets, Bitcoin, Cryptocurrency, stocks, Currencies, source:tagname:CNBC US Source","ubs global wealth management's chief economist, paul donovan, has expressed his skepticism towards cryptocurrencies like bitcoin. he believes that cryptocurrencies were never designed to be currencies and are fundamentally flawed. donovan warned about the potential destructive nature of bitcoin in the long term and pointed out its recent decline in value. he also mentioned that government regulations and the inability to control the supply in response to the drop in demand are major obstacles for cryptocurrencies. overall, donovan believes that cryptocurrencies may be nearing their end, as they lack the necessary qualities to be a store of value.",134,negative
2018-03-23 01:29:13+00:00,"cnbc, Articles, Nikkei 225 Index, World Trade Organization, China, Donald Trump, Xi Jinping, World economy, US: News, Asia News, Economy, Business News, World Economy, source:tagname:CNBC Asia Source","china has responded to president trump's tariffs by proposing a list of us products to target. the proposed list includes wine, fresh fruit, dried fruit and nuts, steel pipes, modified ethanol, ginseng, pork, and recycled aluminum. if an agreement cannot be reached, china will take measures against these goods in two stages and may even take legal action under world trade organization rules. the news caused asian stock markets to decline. however, experts view china's response as relatively measured compared to the severity of recent us trade actions. chinese imports from the us are expected to reach $60 billion this year. the chinese commerce ministry urged washington to resolve its issues with beijing to prevent harm to the bilateral relationship.",145,positive
2018-08-09 16:12:11+00:00,"cnbc, Articles, Politics, Metals and minerals industry, Autos, Business, Trade, Sanctions and embargoes, MCUBS MidCity Investment Corp, Greg Hankerson, Personnel, Mark Zandi, Volvo AB, General Motors Co, Bayerische Motoren Werke AG, Donald Trump, REC Silicon ASA, Harley-Davidson Inc, International trade, US: News, Business News, Employment, DO NOT USE Consumer, Materials, Economy, World Economy, Economic Measures, source:tagname:USA Today","the ongoing trade war initiated by president trump is causing several american companies to consider closing plants, laying off workers, or raising prices. the trump administration recently announced a 25% tariff on $50 billion worth of chinese goods. some companies directly affected include mid-continent nail, which laid off workers after sales dropped due to steel tariffs; semco box, which is laying off temporary workers due to a slowdown in business; and harley-davidson, which plans to shift manufacturing outside the us due to new tariffs. other companies, such as rec silicon and transmatic, have also experienced layoffs and reduced profits. the trade dispute has the potential to cause significant job losses and harm the economy if it escalates further. however, some investors believe the us has the upper hand in this battle.",162,positive
2018-08-01 18:56:45+00:00,"cnbc, Articles, Tax planning, Health care industry, Retirement planning, Personal finance, Retirement, Health & Science, Disruptor 50 Industries: EDUCATION 2013, Tax Planning, Personal Finance, Investing, source:tagname:CNBC US Source","according to the american institute of cpas (aicpa), investors are now more concerned about inflation than taxes. the aicpa's personal financial satisfaction index shows that inflation, job openings, and real home equity are now the main factors impacting investors' financial satisfaction. the index has increased in the second quarter, reflecting strong stock market performance and increased job openings. however, inflation has taken the lead as a source of financial pain, with a 2% increase in the second quarter. rising inflation can erode purchasing power over time, impacting the ability to pay for goods and services. savers approaching retirement should be aware of the inflation threats in housing, education, and medical expenses, and adjust their investment allocations accordingly. it's essential to work with financial advisors to ensure investments keep up with rising costs, particularly healthcare. budgeting is also crucial to manage rising living expenses in relation to wages. although incremental inflation may not warrant immediate panic, investors should be mindful of the potential impact on other costs such as credit card debt, rent, and purchases, especially if paired with increased interest rates.",229,positive
2018-02-28 14:30:29+00:00,"cnbc, Articles, Lowe's Companies Inc, NASDAQ Composite, S&P 500 Index, Dow Jones Industrial Average, Goldman Sachs Group Inc, Markets, US: News, U.S. Markets, source:tagname:CNBC US Source","the dow jones industrial average closed 380 points lower, ending its longest monthly win streak since 1959. us stocks fell amid a volatile month, with the dow and s&p 500 snapping their winning streaks. the market uncertainty is driven by the unpredictability of the federal reserve's actions. the major averages had recovered some losses but remain below their all-time highs. interest rates stabilized after federal reserve chair jerome powell hinted at the possibility of more than three rate hikes in 2018. lowe's reported weaker-than-expected earnings, while booking holdings (formerly known as priceline) saw its shares spike after reporting strong earnings. powell is set to testify in front of congress again on thursday.",143,positive
2018-10-19 22:49:46+00:00,"cnbc, Articles, Marriott International Inc, General Mills Inc, Paychex Inc, Healthequity Inc, Eli Lilly and Co, GoPro Inc, Business, Investment strategy, Jim Cramer, Personal investing, Stock markets, Markets, Investing, Business News, U.S. Business Day, S&P 500, stocks, Stock Picks, U.S. Markets, Market Outlook, Investment Strategy, CNBC TV, Mad Money, source:tagname:CNBC US Source","cramer predicts that gopro's stock could rise during the holiday season due to new products, but he views it as a speculative investment. he believes eli lilly has done well but is not a good buy at its current levels. cramer finds healthequity interesting and speculates that paychex could succeed in a similar niche. he dislikes general mills due to overpaying for blue buffalo and selling stock at lower prices. cramer suggests that marriott's stock could be influenced by the business cycle and the fed's actions. for more information, cramer can be contacted through various social media platforms.",125,positive
2018-04-24 18:00:00+00:00,"cnbc, Articles, Silicon Valley, Start-up, Venture capital, PayPal Holdings Inc, Adobe Inc., Alphabet Class A, Intuit Inc, Twitter Inc, Technology, Mobile, Social media, Start-ups, Venture Capital, source:tagname:CNBC US Source","suhail doshi, the founder of mixpanel, a data analytics startup, is stepping down as ceo and handing over the role to amir movafaghi, the company's head of finance and operations. doshi will become chairman of the board. movafaghi, who previously worked at twitter, is seen as the perfect fit to lead mixpanel. the company has faced challenges in the past, including shifting its focus to serving larger clients and dealing with data leaks. despite competing against big companies like google and adobe, mixpanel is generating around $100 million in annual revenue. doshi plans to take a break before returning to mixpanel in a different role, possibly working on product development and recruitment.",151,positive
2018-11-05 17:18:36+00:00,"cnbc, Articles, Exxon Mobil Corp, S&P Energy, Chevron Corp, Markets, Politics, Energy, Oil and Gas, Energy Commodities, Oil, Business News, source:tagname:CNBC US Source","shares of chevron have experienced a significant increase after an upgrade by credit suisse, following strong earnings and an improved outlook for oil and gas production. chevron's stock price jumped by over 2% on monday, bringing its two-day gain to roughly 3%. despite being down about 3% for the year, chevron reported a profit of $3 billion for q3 2020, more than double its earnings from the same period last year. credit suisse upgraded chevron's stock to ""outperform"" and expects its oil and gas production to grow at the top end of its previously forecasted range. this is primarily driven by chevron's projects in australia, the permian basin, and offshore locations.",150,positive
2018-02-13 05:00:00+00:00,"cnbc, Articles, Interest Rates, Mortgages, Real estate, Housing, Real Estate, US: News, Foreclosures, Business News, source:tagname:CNBC US Source","shopping for a home is taking longer than expected due to overheating prices in the housing market. homes are selling faster, but buyers are struggling to find affordable options. lack of inventory, especially for lower-priced homes, is a major issue. many buyers are also facing bidding wars and unable to find desired features or neighborhoods. despite rising prices, the shortage of new homes being built in the past decade is making home buying less affordable. the lack of supply may benefit homebuilders, as mortgage applications for newly built homes have increased. however, the number of new homes for sale is still below historical averages, creating a significant demand-supply gap. the industry is calling for increased production, but factors like rising costs of lumber, labor, and land are constraining builders.",160,positive
2018-12-07 23:13:54+00:00,"cnbc, Articles, Centene Corp, Costco Wholesale Corp, Ciena Corp, Starbucks Corp, Under Armour Inc, Dave & Buster's Entertainment Inc, Stitch Fix Inc, Apple Inc, S&P 500 Index, Jim Cramer, Earnings reports, Earnings conference calls, Earnings estimates, Earnings announcements, Earnings outlook, Earnings Announcements, Earnings, Business, Investment strategy, Personal investing, Stock markets, Markets, Investing, Business News, Earnings Forecast, U.S. Business Day, U.S. Markets, S&P 500, stocks, Stock Picks, Investment Strategy, CNBC TV, Mad Money, source:tagname:CNBC US Source","investors should brace themselves for increased stock market volatility due to various factors such as the trade war with china, apple's weak performance, and the federal reserve's rate hike uncertainty, according to cnbc's jim cramer. he advises investors to remain vigilant and adjust to this challenging environment. cramer also provides a game plan for the upcoming week, including keeping an eye on stitch fix's earnings, monitoring consumer spending through dave & buster's results, evaluating under armour's stock, following starbucks' analyst day for insights into growth plans, examining ciena's progress in 5g technology, and assessing costco's performance in the food segment. additionally, he expects positive news from health insurance company centene due to its growth in new states and contracts.",161,negative
2018-05-09 14:37:57+00:00,"cnbc, Articles, Automobile parts retailers, Retail e-commerce sales, E-commerce, Shopping malls, Department store operators, Retail industry, Amazon.com Inc, Sears Holdings Corp, Retail, US: News, DO NOT USE Consumer, e-commerce, Department Stores, Technology, Business News, source:tagname:CNBC US Source","sears holdings announced at its annual shareholders meeting that it will offer full-service tire installation for orders from all tire brands on amazon, including its own diehard brand. the rollout will begin in the coming weeks in eight metropolitan areas and eventually expand to sears' auto centers across the us. the checkout process involves customers selecting tires on amazon, choosing sears for installation, and providing appointment preferences. sears will receive a standard installation fee covering various services. this partnership follows sears' previous move to sell kenmore appliances and diehard merchandise on amazon. sears is exploring ways to monetize its assets amidst declining sales and significant debt. ceo eddie lampert's hedge fund has proposed buying certain assets. sears shares have decreased nearly 70% from a year ago.",154,positive
2019-06-04 00:48:42+00:00,"cnbc, Articles, Trade, Cybersecurity, Internet, Computer hardware, Software, Mobile, Technology, China, United States, Hardware, Asia Markets, China Economy, source:tagname:Reuters","us prosecutors have asked a judge to reject huawei's motion seeking information on grounds for disqualifying their lead defense lawyer in a criminal case. prosecutors argue that the lawyer's previous position in the us department of justice created conflicts of interest. huawei wants prosecutors to reveal information they are trying to prevent the new client from learning. the prosecutors claim this conflict is unprecedented, stating that no other senior doj official sought to represent a client involved in their government work. the case against huawei, accused of bank fraud and sanctions violations, has led to its addition to a us trade blacklist. tensions have escalated between beijing and washington as a result. the indictment includes huawei's cfo, meng wanzhou, who is fighting extradition from canada.",157,positive
2019-06-13 11:35:05+00:00,"cnbc, Articles, Europe Economy, International: Top News And Analysis, Politics, Europe Politics, source:tagname:CNBC Europe Source","luxembourg's prime minister xavier bettel expressed his support for german chancellor angela merkel as the future president of the european commission. he described her as a dream candidate and praised her global perspective, leadership skills, and strong personality. french president emmanuel macron also voiced his support for merkel. however, merkel has reportedly stated that she does not want the position and intends to retire from politics. other european officials view merkel as a unifying figure amidst political turbulence in germany and believe she could bring stability to the eu. the next president of the european commission will be chosen by member states and the european parliament. other top positions in the eu are also up for grabs, leading to ongoing discussions and negotiations among member states.",148,positive
2019-03-27 16:51:47+00:00,"cnbc, Articles, SPDR S&P 500 ETF Trust, iShares iBoxx $ Investment Grade Corporate Bond ETF, Interest Rates, Bonds, Wall Street, Business, Investment strategy, Breaking News: Markets, Markets, Stock markets, stocks, Investing, US: News, U.S. Markets Overview, Credit, source:tagname:CNBC US Source","investors are on track to invest a record amount of money into corporate bonds in march. inflows to us high-grade funds and etfs have averaged $81 million per day, surpassing the record month last year. the previous record for corporate bond inflows was $39 billion in january, but march is expected to set a new monthly record. the pivot towards investment-grade debt coincides with expectations of an economic slowdown. despite the strong performance of the s&p 500, investors are choosing corporate debt as a safer option. the drop in interest rates further encourages inflows into corporate bonds. total corporate debt has surged to nearly $10 trillion, driven by low interest rates and corporate borrowing.",146,positive
2019-12-05 02:05:44+00:00,"cnbc, Articles, Space industry, Los Angeles, Thailand, Asia News, Lawsuits, Wealth, Tesla Inc, Europe News, Elon Musk, Technology, Autos, Venture capital, US: News, Space, source:tagname:CNBC US Source","elon musk testified in a defamation trial that his net worth is around $20 billion, but he doesn't have much in cash. musk apologized for calling british caver vernon unsworth a ""pedo guy"" on twitter, claiming he meant ""creepy old man."" unsworth's attorney questioned whether this impacted tesla shares, to which musk said he received concerned notes from shareholders. musk also stated that his net worth fluctuates daily and he owns stock in tesla and spacex. the dispute between musk and unsworth arose after musk's failed attempt to involve himself in the thai cave rescue. the outcome of the defamation case depends on whether the tweet was interpreted as an actual accusation of pedophilia.",157,negative
2019-06-04 01:22:15+00:00,"cnbc, Articles, Politics, U.S. Economy, Trade, World economy, Asia Economy, Japan, Xi Jinping, Beijing, Washington, United States, China, Donald Trump, US: News, World Economy, China Economy, US Economy, China Politics, World Politics, source:tagname:Reuters","the trump administration accuses china of playing a blame game and misrepresenting the trade negotiations between the two countries. the us trade representatives and treasury claim that china backtracked on important elements of a deal, including enforcement provisions. in response, china issued a policy paper placing responsibility on the us for setbacks in the talks. the acrimonious rhetoric between both countries has increased since talks broke down in may. in retaliation, the us increased tariffs and imposed sanctions on huawei. the us expressed disappointment with china's blame game and reiterated that their negotiating positions have remained consistent. it is uncertain if trump and chinese president xi jinping will meet at the g20 summit in japan.",142,negative
2019-02-01 07:02:21+00:00,"cnbc, Articles, Wirecard AG, NASDAQ 100 Index, S&P 500 Index, Dow Jones Industrial Average, Caixabank SA, Electrolux AB, JCDecaux SA, STOXX 600, Deutsche Bank AG, Donald Trump, DAX, CAC 40 Index, FTSE 100, Earnings, Stock markets, Business, EU, Markets, Europe News, Politics, Europe Markets, Europe Economy, European Union, Business News, stocks, source:tagname:CNBC Europe Source","european stocks closed higher on friday, driven by positive corporate earnings and economic reports. the pan-european stoxx 600 index ended up by 1%. electrolux, the swedish home appliances maker, saw its shares surge after posting better-than-expected quarterly results and forecasting a decrease in costs. however, europe's banking index saw losses, with deutsche bank shares falling 2%. german payment firm wirecard also plummeted 35% after a report alleged serious wrongdoing. in the us, the dow jones, s&p 500, and nasdaq composite all saw gains, boosted by strong job growth in january. concerns over global trade developments persisted, with fears of an economic slowdown overshadowing trade negotiations between the us and china.",156,positive
2019-06-09 20:35:14+00:00,"cnbc, Articles, Travel, Politics, Boeing Co, Transportation, Business, Airlines, Aerospace and defense industry, Raytheon Co, Raytheon Technologies Corp, Breaking News: Business, Business News, Mergers, Industrials, Aerospace & Defense, source:tagname:CNBC US Source","raytheon and united technologies have announced an all-stock merger that would create a major aerospace and defense company. the combined entity, named raytheon technologies, would have annual sales of around $74 billion, making it the second-largest company in the industry in the us. the deal is set to close in the first half of 2020, and the new company would be headquartered in the boston area. united technologies ceo greg hayes would become ceo of the combined company, while raytheon's ceo thomas kennedy would become chairman two years later. the merger is not expected to face significant regulatory challenges.",124,positive
2019-09-08 15:38:21+00:00,"cnbc, Articles, France, Ukraine, Russia, Europe News, Politics, World News, World Politics, source:tagname:Reuters",ukrainerussia prisoner swap is opportunity to resolve crisis french minister frances foreign minister said on sunday a prisoner swap between ukraine and russia was an opportunity to find a solution to the crisisthere is an opportunity a door opened to start making progress towards settling this conflict le drian told europe  radiorussia and ukraine swapped dozens of prisoners on saturday in a carefullynegotiated rapprochement that brought western praise and could thaw a freeze in relations since moscows annexation of the crimea region in ,101,negative
2019-06-27 10:10:06+00:00,"cnbc, Articles, Aerospace and defense industry, Airlines, Europe News, Aerospace & Defense, World News, Business News, Economy, World Economy, source:tagname:Reuters",air india plane escorted by fighters to land in london after bomb threat an air india passenger plane flying to the united states was escorted by british fighter jets to land in london on thursday after a bomb threatair india said flight ai  from mumbai to newark had made a precautionary landing at london stansted airport due to bomb threat britain scrambled typhoon fighters at supersonic speed to intercept the boeing  and safely escorted it to stanstedthe airport said its runway has reopened and the air india flight was at an isolated stand with police in attendance     an air india boeing  diverted into london stansted airport at approximately  and landed safely with essex police in attendance it is parked on an isolated stand away from the normal airport operations the airport said     our runway has now reopened and is fully operational following a precautionary landing of air india flight it said     an air india spokesman was not immediately reachable,174,positive
2019-05-13 13:51:01+00:00,"cnbc, Articles, Spotify Technology SA, Pinterest Inc, Lyft Inc, Social media, Technology, Breaking News: Economy, Breaking News: Markets, Breaking News: Investing, Breaking News: Business, Breaking news, Business, Economy, Markets, Stock markets, Business News, stocks, CNBC Disruptor 50, Social Media, source:tagname:CNBC US Source","business messaging service slack is set to go public with a direct listing on the new york stock exchange in june. in its pitch to investors, slack emphasized that it aims to replace email and become as necessary as electricity. the company reported increased revenue of $134-$136 million for the quarter ending in april, compared to $80 million in the same period last year. despite a net loss of $33 million in the quarter, slack boasts over 10 million users as of january. ceo stewart butterfield presented slack as a software-focused company poised to benefit from the growing reliance on software. slack will offer two classes of shares, consolidating voting power among top shareholders.",138,positive
2019-05-29 15:11:51+00:00,"cnbc, Articles, Dow Jones Industrial Average, S&P 500 Index, Stock markets, U.S. Economy, Markets, U.S. Markets, US Economy, stocks, Executive Edge, Investing, source:tagname:CNBC US Source",since  every time stocks have week losing streak the market does this next stocks began the truncated trading week after memorial day on a negative note all three major indices finished tuesday lower and concerns about bond yields sent the dow jones industrial average down again on wednesdaythe bearish action followed three straight weeks of declines for the  as the index shed nearly  in the past monthbut history says current losses could precede future gainsover the past decade the  has logged three consecutive weeks of losses on  other occasions according to a cnbc analysis of kensho a machine learning tool used by wall street banks and hedge funds to mine market history for potential trading profitsa month after these declines stocks tend to bounce back kensho findsthe sp  recoups  on average trading positively  of the timethe top sectors following these episodes materials tech and consumer discretionary which all gained at least  the following month,171,negative
2019-09-19 19:21:13+00:00,"cnbc, Articles, Breaking News: Politics, U.S. Democratic Party, United States House of Representatives, Congress, Politics, White House, US: News, Government Shutdown, Federal Budget (U.S.), source:tagname:CNBC US Source","the house passed a bill to fund the government for two months, preventing a shutdown. it now goes to the senate, where mitch mcconnell has signaled support. congress has until september to pass a funding bill. last month, a two-year deal was approved to set budget levels, but allocating the money has been difficult. a continuing resolution was passed to extend funding until november. democrats and republicans must agree on long-term spending bills, including border security and military funding. senate democrats blocked gop efforts to move forward with spending bills.",111,negative
2019-06-30 22:02:53+00:00,"cnbc, Articles, S&P 500 Index, NASDAQ Composite, Dow Jones Industrial Average, Technology, Politics, Trade, Markets, Xi Jinping, Donald Trump, Micron Technology Inc, Qorvo Inc, Skyworks Solutions Inc, Breaking News: Markets, Stock markets, Investment strategy, Wall Street, U.S. Markets, source:tagname:CNBC US Source","u.s. stocks closed at a new record high as chipmakers benefited from the u.s.-china trade truce. the s&p 500 reached a closing high and the dow jones industrial average gained points. chipmaker shares rose, including skyworks solutions and micron technology. qualcomm, broadcom, and tech giant apple also saw gains. the markets seemed content with the cooperative tone of the meetings, but there was some skepticism as individual stocks making new highs were lower than expected. the second half of the year began positively after a strong first half, with the s&p 500 rallying over 17%. however, the uncertainty surrounding u.s.-china trade relations continues to weigh on corporate earnings outlook.",151,positive
2019-03-03 17:00:13+00:00,"cnbc, Articles, Tampa Bay Rays, San Diego Padres, Boston Red Sox, Miami Marlins, Manny Machado, MLB teams, MLB Spring Training, Major League Baseball, Business, Sports, Business News, Life, source:tagname:CNBC US Source","the recent signings of bryce harper, manny machado, and other high-profile players address some concerns about team spending in major league baseball (mlb). however, larger issues persist, such as declining attendance, long games, and a wide gap between rich and poor teams. some teams have embraced rebuilding processes, but this has led to a lack of competitiveness. the use of revenue sharing funds is also a point of contention, with grievances filed against teams for not spending the money as expected. the mlb commissioner defends that all teams are trying to win, but economists suggest adjustments to revenue sharing to encourage smaller market teams to spend more on players. the league, however, remains financially successful, with record gross revenues and successful television broadcasts. while different teams have won the world series in recent years, there is a lack of variety in playoff teams, with consistent success from teams that have high payrolls. overall, spending more money can help but does not guarantee success in baseball.",201,positive
2019-01-08 15:36:11+00:00,"cnbc, Articles, Donald Trump, Congress, Politics, Washington DC, White House, Government Shutdown, US Economy, US: News, Republicans, Democrats, source:tagname:CNBC US Source","president trump is considering declaring a national emergency to secure funding for a border wall. this would allow him to reopen the government and bypass congress to order construction of the wall. the potential sources of funding include pentagon money for curtailing drug shipments and military construction projects. however, a larger declaration would face legal challenges from congress, private landowners, and local governments. the weaker factual basis for an emergency claim would invite house democrats to assert an unconstitutional abuse of executive power. alternatively, a more limited possibility involves using $100 million from the antidrug account for a barrier along a 10-mile section of the mexican border in arizona. this option would not divert funds from military construction projects and would only affect an explosive-testing site. president trump is expected to clarify his intentions in a televised primetime address.",162,positive
2019-08-25 19:04:53+00:00,"cnbc, Articles, Amazon.com Inc, Kohl's Corp, Walmart Inc, CVS Health Corp, Old Copper Company Inc, Walt Disney Co, Target Corp, Breaking News: Business, Apparel Retail, Breaking News: Major, Retail industry, Business, Business News, Retail, Discounters, Apparel, e-commerce, Food Retail, source:tagname:CNBC US Source","disney is partnering with target to open dozens of permanent disney stores within target locations across the us. the move comes as target reported strong quarterly earnings and aims to attract more customers. the first batch of stores will open in october, with another 40 planned by next year. target will also launch a disney-themed experience on its website. the mini disney stores will be staffed by target employees and will offer a wide range of disney merchandise, including products previously only available at disney retail locations. this partnership allows disney to expand its footprint beyond malls and reach a wider audience.",114,positive
2019-01-10 20:04:07+00:00,"cnbc, Articles, Jamal Khashoggi, Saudi Arabia, Bonds, Personal loans, Markets, Politics, Energy, Oil and Gas, Debt, source:tagname:CNBC US Source","saudi arabia successfully raised $12 billion in its first dollar bond sale since the killing of jamal khashoggi. the murder of the saudi dissident had raised concerns that international investors would avoid the kingdom. despite this, bond buyers are still interested in investing in saudi arabia, the world's largest oil exporter. the issuance was nearly four times oversubscribed, indicating strong demand. while some business executives have severed ties, bond buyers do not seem deterred. the saudi government denies crown prince mohammed bin salman's involvement, but the cia reportedly believes he was complicit.",124,positive
2019-08-01 15:40:24+00:00,"cnbc, Articles, International Monetary Fund, Christine Lagarde, Shanghai, Rick Santelli, Donald Trump, Washington DC, China, Politics, Trade, World economy, Economy, World Economy, China Economy, Business News, source:tagname:CNBC US Source","acting imf chief, david lipton, has urged the us and china to resolve their trade war, stating that the global economy is fragile. while not explicitly mentioning the two countries, lipton emphasized that the trade tensions have contributed to a global economic slowdown. the recent trade talks between the us and china in shanghai made little progress, with negotiations set to resume in september. lipton also highlighted tensions between the white house and chinese technology giants as a factor in the economic slowdown. he stressed the importance of dialogue and reaching agreements to find a way through this challenging period. lipton warned that global trade is contracting, which could lead to a global recession. additionally, he mentioned that easy monetary policies have weakened central banks' ability to combat a recession. lipton took over as acting director after christine lagarde's resignation from the imf, as she has been nominated to be the next president of the european central bank.",190,positive
2019-09-26 09:27:32+00:00,"cnbc, Articles, Asia Economy, Telecommunications equipment manufacturing, Telecommunications, Telecommunications software, Mobile networks, Huawei, Internet, Technology, Mobile, China Politics, source:tagname:CNBC Asia Source","huawei ceo ren zhengfei has confirmed that the company is working on 6g technology, the successor to 5g networks. while 5g networks are slowly rolling out in some countries, 6g is still years away from commercialization. setting industry standards and determining the specific use cases for 6g will take time. despite facing scrutiny and pressure from the us, huawei has already signed over 60 commercial 5g contracts, outpacing its competitors nokia and ericsson. the company has denied allegations of being a national security risk and building backdoors for spying.",116,positive
2019-08-09 05:51:49+00:00,"cnbc, Articles, FTSE MIB, WPP PLC, Carl Zeiss Meditec AG, Unione di Banche Italiane SpA, Banco BPM SpA, UniCredit SpA, STOXX 600, World economy, World Markets, Pre-markets, Markets, CAC 40 Index, DAX, FTSE 100, Pre-Markets, U.S. Markets, China Markets, Asia Markets, Europe Economy, World Economy, Europe Markets, source:tagname:CNBC Europe Source","european stocks closed lower on friday as political turmoil in italy and trade war concerns weighed on investor sentiment. italian bank stocks experienced a sharp decline, dragging down the banking sector. meanwhile, basic resources and autos sectors also suffered losses. healthcare stocks, however, remained stable. the collapse of italy's coalition government and the possibility of fresh general elections contributed to the rising instability in the country. on the trade war front, economists predict that the escalating tensions between the us and china will lead to a us recession and potential interest rate cuts by the federal reserve. the us continued to withhold permission for us companies to use huawei products, further complicating trade negotiations. in the currency market, the chinese yuan's value remained a key focus. wall street also experienced losses, primarily due to a drop in chip stocks following president trump's remarks on china. the british economy contracted for the first time since 2012, adding to the uncertainty as speculation of a general election in the uk by november circulated.",206,positive
2019-01-21 14:51:25+00:00,"cnbc, Articles, U.S. Democratic Party, White House, Elizabeth Warren, Mike Bloomberg, Joe Biden, Bernie Sanders, Cory Booker, Elections, Politics, US: News, source:tagname:The Associated Press","democratic presidential hopefuls, including kamala harris, cory booker, bernie sanders, joe biden, elizabeth warren, and kirsten gillibrand, are commemorating martin luther king jr. day by participating in various events and rallies. harris, who recently announced her bid for presidency, emphasized the importance of fighting for the nation's ideals and national security. she plans to formally launch her campaign in oakland and will have her headquarters in baltimore. harris will also attend the pink ice gala in south carolina, hosted by a chapter of the alpha kappa alpha sorority, a significant organization in the black community. this holiday provides an opportunity for democratic candidates to address race and contrast their views with those of president donald trump, whose approach to racial justice has faced criticism.",152,positive
2019-10-24 11:48:02+00:00,"cnbc, Articles, Wind power generation, Solar power, Amazon.com Inc, Jeff Bezos, Renewable power generation, Wind power, Business, Environment, Alternative and sustainable energy, Energy, Renewable Energy, Microsoft Corp, Apple Inc, United Kingdom, Europe News, Green, Economic Development, Business News, Europe: Top News And Analysis, Sustainable Energy, source:tagname:CNBC Europe Source","amazon has announced three new renewable energy projects, including its first in scotland. the projects consist of a wind farm in scotland with a capacity of 50 mw, two solar projects in north carolina and virginia, and are expected to start generating energy in 2021. the wind farm alone could power the equivalent of uk homes and is the largest corporate wind power purchase agreement in the uk. amazon's commitment to purchasing the output of these projects enables their construction. the company aims to minimize carbon emissions and achieve 100% renewable energy use by 2030. this announcement follows criticism earlier this year and demonstrates amazon's efforts to address climate change. other global tech firms, such as microsoft and apple, have also been actively seeking renewable energy sources to power their operations.",151,positive
2019-01-11 18:29:51+00:00,"cnbc, Articles, Alphabet Class A, Amazon.com Inc, Technology, Tech Drivers, source:tagname:CNBC US Source","at ces, amazon and google showcased their dominance with a wide range of products integrating their voice-controlled assistants, alexa and google assistant. the companies are expanding their ecosystems rapidly, with google boasting over 1 billion devices with assistant built-in and alexa being featured in over 100,000 products. this ubiquity means that consumers will encounter these assistants in various aspects of their lives, even if they don't actively use them. however, this also grants amazon and google access to valuable data on user habits, enabling personalized recommendations and targeted advertising.",116,negative
2019-11-08 17:58:48+00:00,"cnbc, Articles, Walt Disney Co, Market Insider, Breaking News: Markets, Business, Economy, Markets, Stock markets, Zillow Group Inc, Take-Two Interactive Software Inc, Teradata Corp, Monster Beverage Corp, Gap Inc, Dropbox Inc, Momentive Global Inc, Business News, stocks, US: News, U.S. Markets, source:tagname:CNBC US Source","disney shares surged in midday trading after beating earnings expectations and announcing the launch of its streaming service. monster beverage also saw gains after exceeding earnings and revenue estimates. however, gap's stock fell as the ceo stepped down and weaker-than-expected results were forecasted. on the other hand, zillow's stock rose following a smaller-than-expected loss and an upbeat forecast. take-two interactive also saw an increase in stock price due to strong demand for its popular games. teradata, dropbox, and surveymonkey, however, experienced declines in their stock prices due to disappointing earnings results.",127,positive
2019-05-31 11:55:17+00:00,"cnbc, Articles, Kraft Heinz Co, Okta Inc, Sprint Corp, T-Mobile US Inc, Amazon.com Inc, Dell Technologies Inc, Williams-Sonoma Inc, Ulta Beauty Inc, Costco Wholesale Corp, Gap Inc, Uber Technologies Inc, General Motors Co, Ford Motor Co, Genesco Inc, Big Lots Inc, Investment strategy, Breaking News: Markets, Stock markets, Business, Economy, Markets, Market Insider, Finance, stocks, US: News, Investing, U.S. Markets, source:tagname:CNBC US Source","several stocks are making significant moves:

1. big lots beat earnings estimates but had lower-than-expected comparable-store sales. raised full-year profit outlook.

2. genesco surpassed expectations with earnings per share and revenue, and saw an increase in comparable-store sales.

3. ford and general motors stocks went down due to trump's threat of tariffs on mexican imports, as both companies have operations in mexico.

4. uber reported a $1 billion loss in its first quarter as a public company, in line with expectations. revenue slightly exceeded projections.

5. gap inc. earned less per share than forecasted and experienced a larger decline in same-store sales, particularly at the gap brand.

6. costco surpassed earnings per share and revenue expectations. comparable-store sales slightly below consensus estimates.

7. ulta beauty exceeded earnings per share expectations, but revenue fell slightly short. comparable-store sales information is not available.",191,positive
2019-08-06 20:15:12+00:00,"cnbc, Articles, Rite Aid Corp, Walgreens Boots Alliance Inc, CVS Health Corp, Amazon.com Inc, Technology, Health care industry, Health & Science, US: News, source:tagname:CNBC US Source","amazon's pillpack is facing resistance from cvs and walgreens as it tries to acquire patient prescriptions. the battle highlights the struggle between traditional pharmacies and the emerging online pharmacy industry. pillpack, owned by amazon, needs patients to switch from cvs or walgreens by transferring their prescriptions. however, cvs and walgreens are increasingly rejecting these transfer requests, claiming that pillpack lacks proper patient consent. the conflict underscores the challenges amazon faces as it enters the prescription medication market. the dispute also sheds light on the issue of patient data ownership, as pillpack's access to patient prescription histories has been threatened by surescripts, partially owned by cvs and express scripts. the contention between pillpack and the established pharmacies could potentially hinder patients with chronic conditions from benefiting from better and more convenient pharmacy services.",178,positive
2019-01-30 20:32:22+00:00,"cnbc, Articles, Oaktree Capital Group LLC, Investment strategy, Markets, Investing, Investment Strategy, Investment Strategies, US: News, source:tagname:CNBC US Source",watch oaktree capitals howard marks speak from the context summit the stream is slated to start at  pm et please refresh the page if you do not see a player above at that timeoaktree capital management cochairman howard marks on wednesday will speak from the context summits miami conference in miami beach floridamarks is known for his prescient investment memos which warned about the financial crisis and the dotcom bubble implosion during the  market meltdown the longtime investor established an  billion distresseddebt fund aimed at buying the financial instruments of companies near or currently in bankruptcy helping marks deliver some of the best returns on wall street at the timeoaktree capital had  billion of assets under management as of september  according to its websitesubscribe to cnbc on youtube,154,positive
2019-04-30 11:20:40+00:00,"cnbc, Articles, Health Care Select Sector SPDR Fund, Investment strategy, Markets, Eli Lilly and Co, Merck & Co Inc, Pfizer Inc, Earnings, Breaking News: Business, Business, Biotech and Pharmaceuticals, Health care industry, Health & Science, Business News, Investing, source:tagname:CNBC US Source","pfizer and merck exceeded expectations in their first-quarter earnings reports, while eli lilly fell short in revenue. merck's sales were boosted by cancer drug keytruda and vaccines. the healthcare sector has underperformed due to concerns about drug price reform and proposed medicare for all policies. eli lilly expects further price declines and increased competition from generics. merck raised its earnings guidance for the year, while pfizer's revenue exceeded forecasts. pfizer's ceo is leading efforts to restructure the company ahead of patent expirations. the healthcare industry's performance is a topic of discussion at the cnbc healthy returns summit in may.",140,positive
2019-11-25 15:11:21+00:00,"cnbc, Articles, SunTrust Banks Inc, Uber Technologies Inc, IPO, Uber, Transportation, Personal investing, Investment strategy, Stock markets, Markets, US Market, U.S. Markets, Investment Strategy, Investment Strategies, stocks, Stock Picks, Investing, Trading Nation, Special Reports, IPOs, source:tagname:CNBC US Source","uber's stock is experiencing volatility following the ban on its operations in london. despite positive analyst notes, the stock is still in a defined downtrend. breaking above the october highs could signal a turnaround. however, concerns about scalability and profitability remain, as insurance costs grow with expansion. some investors are cautious about investing in the ride-hailing space due to the need for clear pathways to cash flow growth. uber's ceo has previously stated his expectation for profitability in the future.",106,positive
2019-09-24 22:23:26+00:00,"cnbc, Articles, HD Supply Holdings Inc, Targa Resources Corp, DCP Midstream Partners LP, Altus Midstream Co, Kinder Morgan, Morgan Stanley, JPMorgan Chase & Co, Citigroup Inc, Bank of America Corp, Broadcom Inc, Amgen Inc, SYNNEX Corp, Cintas Corp, Nike Inc, Markets, Market Insider, Wall Street, Earnings, U.S. Markets, Finance, source:tagname:CNBC US Source","nike's stock reached a record high after reporting strong first-quarter earnings, driven by product innovation and e-commerce growth. broadcomm's shares dipped as the company announced a new offering of $20 billion series a preferred stock. hd supply saw a spike in stock prices after announcing plans to separate into two publicly traded companies. kinder morgan's stock rose after the early completion of its gulf coast express pipeline project which will increase natural gas capacity. synnex, an it supply chain company, reported strong third-quarter earnings causing its stock to soar. cintas improved its full-year guidance and reported better-than-expected earnings, leading to a rise in stock prices.",144,positive
2019-10-15 13:32:12+00:00,"cnbc, Articles, White House, Politics, Joe Biden, Rudy Giuliani, Donald Trump, US: News, source:tagname:Reuters","rudy giuliani, president trump's personal attorney, was paid by the company fraud guarantee, co-founded by lev parnas, an associate arrested on campaign finance charges. giuliani stated that he provided consulting on fraud guarantee's technologies and legal advice on regulatory matters. federal prosecutors are investigating giuliani's interactions with parnas and another associate, igor fruman. parnas allegedly paid giuliani hundreds of thousands of dollars for business and legal advice. giuliani confirmed receiving two payments, but could not recall the dates. parnas and fruman were arrested for allegedly funneling foreign money to influence us-ukraine relations. giuliani insists the money he received was from a domestic source but declined to reveal its origin.",153,positive
2019-05-14 14:33:00+00:00,"cnbc, Articles, ADT Inc, Consumer electronics, Amazon.com Inc, Technology, Breaking News: Technology, Mobile, Social media, Social Media, US: News, Tech Guide, source:tagname:CNBC US Source","amazon has rolled out a feature called alexa guard to all echo devices. it automatically listens for sounds like breaking glass and can alert you if it suspects a break-in. if you have an adt or ring alarm system, it can even set off the alarm. to activate it, say ""alexa, i'm leaving."" alexa guard can also send alerts for smoke and carbon monoxide alarms. additionally, it can control smart lights to give the appearance that someone is home. the feature uses machine learning and has been tested extensively with real glass breaking. if you have adt or ring, it can alert authorities, but without these systems, it only notifies you. to set it up, open the alexa app and follow the instructions.",154,positive
2019-03-25 22:13:40+00:00,"cnbc, Articles, Apple Inc, Enterprise, Media, Entertainment, Internet, Technology, Amazon.com Inc, Netflix Inc, Technology: Companies, Fast Money, source:tagname:CNBC US Source","tech investor gene munster believes that investors are missing the significance of apple's new services, such as the streaming video service, apple tv, and the credit card. while apple's event may have failed to impress investors, munster emphasizes that apple's subtle approach to enhancing people's everyday experiences will ultimately drive its stock higher. despite entering a crowded field of original programming, munster believes that apple's focus on quality content and industry recognition will impact competitors like netflix. munster projects that apple's four services combined will generate around $50 billion in revenue over the next five years.",120,negative
2019-07-28 21:00:47+00:00,"cnbc, Articles, S&P 500 Fut (Dec'21), Technology Select Sector SPDR Fund, S&P 500 Industrials Sector, Consumer Discretionary Select Sector SPDR Fund, Wall Street, Markets, Investment strategy, Commodity markets, Futures & Commodities, Futures Now, Futures, Finance, Investing, CNBC TV, source:tagname:CNBC US Source","john stoltzfus, the chief investment strategist at oppenheimer asset management, suggests that investors should be prepared for a wave of volatility in the near term. uncertainty surrounding the federal reserve's interest rate decision, second quarter earnings results, and us-china trade talks are contributing to this volatility. with fewer investors worried about missing out on potential gains, stoltzfus advises caution and selective investing. although the s&p index has exceeded his year-end target, stoltzfus believes that a more favorable resolution to the us-china trade war would drive stocks higher. in the short term, he suggests adding cyclical stocks such as consumer discretionary, industrials, financials, and technology during market pullbacks.",156,positive
2019-12-19 23:16:19+00:00,"cnbc, Articles, Business, Investment strategy, Jim Cramer, Personal investing, Stock markets, Markets, Applied Materials Inc, Advanced Micro Devices Inc, Intel Corp, Marvell Technology Inc, Qorvo Inc, Skyworks Solutions Inc, Darden Restaurants Inc, Lam Research Corp, Western Digital Corp, United Parcel Service Inc, FedEx Corp, Micron Technology Inc, Chipotle Mexican Grill Inc, Investing, Business News, U.S. Business Day, U.S. Markets, S&P 500, stocks, Stock Picks, Investment Strategy, CNBC TV, Mad Money, source:tagname:CNBC US Source","in a bull market, jim cramer suggests using a process called a ""readthrough"" to find overlooked stocks. successful investing involves dissecting the less obvious pin action when a company reports earnings. cramer gives examples of two successful readthroughs: micron and darden restaurants. micron's ceo has been transparent about the company's challenges, making its positive outlook credible. this suggests that other companies in the semiconductor space, like western digital, could be attractive investments. darden's ceo attributed revenue below estimates to poor execution at olive garden, indicating that the casual dining segment remains strong. this insight suggests buying chipotle. cramer emphasizes that a readthrough is just a starting point and professional analysts spend more time assessing stocks. however, individuals can do the same analysis to identify overlooked stocks that may perform well in the long term.",178,positive
2019-08-22 12:51:36+00:00,"cnbc, Articles, Lawsuits, Politics, Agriculture, Markets, Crime, Commodity Futures Trading Commission, Mondelez International Inc, Kraft Heinz Co, Commodity markets, Food and drink, Futures & Commodities, Finance, U.S. Markets, Policy, Regulations, Law and Regulation, Business News, Retail, Food and Beverage, source:tagname:CNBC US Source",kraft and mondelez are taking the commodity futures trading commission (cftc) to court in an attempt to prevent the agency from discussing a $16 million fine related to market manipulation in the wheat market. the companies previously agreed to pay the fine but claim that the cftc violated the terms of the settlement agreement by making public statements about the case. the cftc accused kraft of intentionally driving down wheat prices in 2011 by purchasing excessive futures contracts. kraft denies the allegations and argues that their futures position was within the allowed limit. the court hearing is scheduled for september.,114,positive
2019-09-05 05:34:44+00:00,"cnbc, Articles, China, Taiwan, Solomon Islands, Asia Economy, Politics, Asia Politics, China Politics, source:tagname:Reuters","china is offering development funds to the solomon islands in exchange for cutting diplomatic ties with taiwan. china aims to isolate taiwan diplomatically by peeling away its remaining allies. the solomon islands heavily rely on foreign payments and currently have a strong relationship with taiwan. australia and the us are concerned about a potential switch in recognition and its impact on other states. the solomon islands' government is evaluating its ties with taiwan, but transparency solomon islands warns against changing ties, highlighting the risk of succumbing to beijing's interests.",105,negative
2019-09-09 12:00:15+00:00,"cnbc, Articles, Sonos Inc, Amazon.com Inc, Alphabet Class A, Consumer electronics, Technology, Breaking News: Technology, Mobile, Social media, Tech Guide, US: News, source:tagname:CNBC US Source","the google nest hub max is a new smart display with a larger screen and camera capabilities. it can be used for video chats, monitoring your house, and recognizing each member of your family. the bigger screen is great for watching videos and displaying photos. the built-in camera follows you during video calls and can also be used as a security device. google assistant is built-in for voice commands. however, some may find the facial recognition feature creepy and the speakers are not impressive. overall, it's a good buy if you're looking for a smart display with camera capabilities, but the regular nest hub is a more affordable option without the camera features.",136,positive
2019-11-06 20:51:53+00:00,"cnbc, Articles, Donald Trump, Impeachments, Politics, White House, Congress, Economy, US: News, source:tagname:CNBC US Source","the white house is hiring two high-profile aides, pam bondi and tony sayegh, to lead its impeachment messaging efforts. bondi, a former florida attorney general and a longtime trump supporter, and sayegh, a former treasury department spokesman, will be responsible for coordinating proactive impeachment-related communications. the hiring of bondi and sayegh signals a shift to a more offensive strategy by the white house, which has struggled to form a cohesive response to the impeachment inquiry. initially resistant to the idea of a specialized team, trump believes bondi and sayegh's strong communication skills will be valuable. both hires are familiar names within trump's inner circle, with bondi's potential hiring discussed for some time. sayegh, known for his work on high-profile republican campaigns and as a spokesperson for the gop's tax reform package, is considered an ally of jared kushner. the potential hiring of sayegh has created tensions within the west wing, with concerns about the concentration of power over the impeachment communications strategy.",228,positive
2019-02-08 08:57:19+00:00,"cnbc, Articles, UBS Group AG, Deutsche Bank AG, Barclays PLC, Citigroup Inc, JPMorgan Chase & Co, Goldman Sachs Group Inc, World economy, U.S. Economy, Europe News, Central banking, Banks, Central Banks, Europe Economy, US Economy, World News, World Economy, Business News, Finance, source:tagname:CNBC Europe Source","european banks are struggling to attract talent due to new regulations and competition from us banks. us banks offer higher salaries, particularly in the form of cash bonuses, which widens the compensation gap as employees move up the ladder. european banks face criticism for large payouts despite salary cap regulations. the eu-wide bonus cap has led to an increase in fixed salaries as a way to compensate for bonus restrictions. us banks have stronger retail operations, making them more resilient and attractive to work for. european banks pay bonuses in a mix of cash and stocks, often deferred over a longer period. however, some european banks are catching up and paying market-level salaries. the income divide between senior and junior employees, influenced by pre-crisis and bonus cap eras, affects morale among young talent joining the banking sector.",166,positive
2019-08-21 10:57:38+00:00,"cnbc, Articles, Beyond Meat Inc, Restaurant Brands International Inc, Wendys Co, Dunkin' Brands Group Inc, Wingstop Inc, Starbucks Corp, McDonald's Corp, Boris Schlossberg, Investment strategy, Investing, Trading Nation, Special Reports, Food Retail, Food Distributors, source:tagname:CNBC US Source","food company stocks, such as beyond meat, are seen as a better option for investors looking to benefit from the rise in popularity of meat alternatives. jp morgan's upgrade of beyond meat's stock and its recent pullback from its highs have attracted attention. boris schlossberg of bk asset management suggests that retail stores like dunkin' donuts, which have effectively marketed beyond meat products, are a good way to invest. oppenheimer's ari wald agrees, stating that food retailers are a better play compared to food suppliers. he highlights names such as mcdonald's, starbucks, wingstop, dunkin' brands, wendy's, and restaurant brands as strong performers in the restaurant industry. wendy's, for example, has shown signs of relative strength and has recently seen a surge in its stock price.",170,positive
2019-10-09 08:04:31+00:00,"cnbc, Articles, ICE Brent Crude (Jan'22), Middle East, Saudi Arabia, Oil and Gas, Economy, Politics, Energy, Business News, source:tagname:CNBC Europe Source","saudi aramco ceo, amin nasser, announced that saudi arabia's full oil production capacity will return by the end of november. the country has been pumping below its maximum level of 12 million barrels per day (bpd) as part of an agreement to lower output. the recent drone and missile attacks on aramco facilities did not impact the planned ipo, and the company expects to file its ipo prospectus by the end of october. the success of the ipo depends on the oil price, which has been affected by various factors including geopolitical tensions and the global economic situation. nasser also expressed concern over the lack of international resolve to take action against the attackers.",140,positive
2019-05-05 15:00:39+00:00,"cnbc, Articles, Nissan Motor Co Ltd, Toyota Motor Corp, Ford Motor Co, General Motors Co, Stellantis NV, Breaking News: Business, Transportation, Business, Autos, US Homepage, Business News, Technology, source:tagname:CNBC US Source","the toyota tundra pickup truck fails to impress the full-size pickup truck market. while it is well-built and reliable, it lags behind the american competitors in terms of power, technology, and luxury features. the tundra's infotainment system is outdated, and its interior materials feel cheap. it lacks advanced features like 360-degree cameras and self-parking systems. the tundra's handling is poor and it is not as efficient as its rivals. while it may appeal to buyers focused on reliability and lower prices, it falls short in terms of comfort, refinement, and capability compared to its competitors. overall, the tundra's downsides outweigh its reliability, making it a less attractive option in the competitive pickup truck market.",158,negative
2019-09-19 14:35:24+00:00,"cnbc, Articles, Lyft Inc, Uber Technologies Inc, Salesforce.Com Inc, Ashbel Williams, Scott Kupor, Breaking News: Investing, Investment strategy, Hedge Funds, Investing, Special Reports, Delivering Alpha, source:tagname:CNBC US Source","despite their falling stocks, glen kacher of light street capital believes there is profitability in sight for ridesharing companies uber and lyft. kacher points to the expansive market and the rapid rise in prices as factors contributing to their potential profitability. additionally, the food delivery business is providing a boost to both companies. however, both uber and lyft have faced challenges, with uber reporting substantial losses and lyft also experiencing losses ahead of its ipo. kacher remains optimistic as a shareholder in both companies. in contrast, scott kupor of andreessen horowitz is less bullish, citing the cash-consuming nature of their business as a concern in a late-cycle environment. kupor sees bigger opportunities in enterprise software companies, particularly cloud-based software company salesforce, whose stock has seen a significant increase this year.",175,positive
2019-06-13 05:59:13+00:00,"cnbc, Articles, Ferguson PLC 15, Aurubis AG, United Internet AG, 1&1 AG, STOXX 600, World economy, Central banking, World Markets, Pre-markets, Markets, Hang Seng Index, CAC 40 Index, FTSE 100, DAX, Pre-Markets, U.S. Markets, China Markets, Asia Markets, Europe Economy, Central Banks, World Economy, Europe Markets, source:tagname:CNBC Europe Source","european stocks closed higher as oil prices surged following reports of a tanker attack in the gulf of oman. the rebound was driven by germany's g auction, boosting the telecoms index. basic resources led gains, while media stocks traded down. oil prices rebounded nearly 2% amid the tanker incident. us president donald trump's tone on the us-china trade war was slightly more positive, but he threatened to increase tariffs if no deal is reached. in asia, stocks mostly fell due to declines on wall street and clashes between protesters and riot police in hong kong. luxembourg's prime minister reiterated that there would be no renegotiation of the uk's departure deal with the eu. the swiss national bank blamed rising trade tensions for an increase in the safe-haven swiss franc. in corporate news, germany raised €6.5 billion in its auction of spectrum for 5g mobile services, with telecommunications provider drillisch entering the market. british plumbing company ferguson and copper producer aurubis saw significant shifts in their share prices.",212,positive
2019-02-11 10:04:30+00:00,"cnbc, Articles, Tax planning, Politics, Personal finance, Government taxation and revenue, Personal Finance, US: News, Taxes, Investing, Tax Planning, source:tagname:Reuters",average tax refunds are down  in the wake of trump tax cuts the first us tax filing season under the overhaul that president donald trump signed into law at the end of  got off to a slow start in the first week with data released on friday showing a significant drop in returns and refundsaccording to the internal revenue service the total number of returns received in the week ending feb   million was down  percent from the week that ended on feb   only  million returns were processed down  percent from the year before the average refund of  was  percent smaller than the average refund in the period last yearthe partial government shutdown  at  days the longest in us history  ended three days before the tax filing season officially opened on jan  the final deadline is apr republicans passed a  trillion tax overhaul in the final weeks of  that cut rates for both individuals and corporations giving fellow republican trump a major policy victory democrats had warned that the cuts and other changes in the overhaul would primarily benefit the countrys wealthiest and many are eager to see how it will affect average americanstreasury secretary steven mnuchin said in a statement on friday that the  filing season has successfully launched with millions of tax returns having been filed,234,positive
2019-04-30 17:14:38+00:00,"cnbc, Articles, Central banking, Technology, Scott Wapner, Breaking News: Politics, Breaking News: Economy, Economy, Breaking news, US Economy, US: News, Central Banks, Business News, source:tagname:CNBC US Source","venture capitalist chamath palihapitiya argues that central banks have eliminated the possibility of recessions through their use of quantitative easing. he believes that this has created a stagnant economy where meaningful contractions or expansions are unlikely. palihapitiya criticizes central banks for preventing normal economic cycles from playing out and argues that recessions can be regenerative and useful. he also suggests that the limited growth prospects mean investors should focus on buying equities, particularly deflationary and tech stocks. overall, he believes central banks have altered the traditional economic toolkit and that significant negative growth is only likely in fundamentally crippled countries.",131,positive
2020-09-29 02:52:01+00:00,"cnbc, Articles, Coronavirus, COVID-19, Nancy Pelosi, ICE Brent Crude (Jan'22), Economy, Markets, WTI Crude (Dec'21), United States Oil Fund, LP, United States Brent Oil Fund, LP, Energy Select Sector SPDR Fund, Commodity markets, Oil and Gas, Energy, U.S. dollar, Brent Crude Oil (Jun'18), Energy Commodities, Oil, Futures & Commodities, Supply and Demand, U.S. Dollar, source:tagname:Reuters","oil prices continued to slide as concerns grew over the surge in coronavirus cases in europe and the united states. the market remained cautious ahead of the us presidential debate between joe biden and donald trump. investors were also awaiting updates on us crude stockpiles. analysts predicted an increase of 3 million barrels. on the same day, new york city announced fines for those who refuse to wear face coverings as the positivity rate increased above 3%. the covid-19 pandemic continues to devastate the global economy and fuel demand. additionally, tensions in the nagorno-karabakh region and the lifting of the blockade in libya's sarir oilfield added further uncertainty to the market.",147,negative
2020-01-22 14:44:20+00:00,"cnbc, Articles, Food and drink, Retail industry, Restaurants, Business, Breaking News: Business, Coca-Cola Co, James Quincey, International Monetary Fund, Business News, Retail, US: News, Food and Beverage, Special Reports, Davos WEF, source:tagname:CNBC US Source",cocacola ceo consumer spending is robust heading into  cocacola ceo james quincey said he is feeling confident about the state of the consumer in  even as trade tensions and concerns about sluggish economic growth continueyou walk around davos and there are some sectors that are feeling the pressure coming out of  and into   more on the manufacturing side some of the big trade sectors quincey said on cnbcs squawk box on wednesday but the consumer seems to be robust around the world  yes ups and downs but theyre doing pretty wellthe international monetary fund on monday revised its forecasts downward for  and  mostly due to slowing growth in india the imf also warned about uncertainty related to trade which would weigh on the global economyat the world economic forum in davos switzerland business leaders have expressed doubts that china and the united states will reach phase two of a trade deal before the end of president donald trumps first termstill quincey said that the company is confident about consumer spending in  and sees momentum heading into  in october cokes thirdquarter revenue beat analyst estimates as consumers spent money on healthier options like zero sugar soda and smaller size cansthe beverage giant will report its fourthquarter earnings on jan ,241,positive
2020-12-17 06:08:38+00:00,"cnbc, Articles, World economy, World Markets, FTSE MIB, CAC 40 Index, DAX, FTSE 100, Jerome Powell, United States, STOXX 600, United Utilities Group PLC, Zalando SE, thyssenkrupp AG, ams AG, Signature Aviation Ltd, Blackstone Inc, World Economy, Europe Economy, Markets, Europe Markets, source:tagname:CNBC Europe Source","european stocks closed higher on thursday as traders positively reacted to the us federal reserve's commitment to supporting the economy. the stoxx europe 600 rose by around 0.3%, with retail shares leading gains. the fed's announcement of continued bond buying and remarks by chairman jerome powell on stock prices not being overpriced boosted market sentiment. in the us, the s&p 500 and nasdaq composite reached record highs on hopes of additional financial aid. the bank of england left its lending rate unchanged, and british aviation firm signature aviation saw a significant increase in its share price after confirming talks with blackstone for a possible cash takeover offer.",134,positive
2020-12-10 14:00:09+00:00,"cnbc, Articles, Consumer electronics, Technology, Breaking News: Technology, Mobile, Social media, Amazon.com Inc, Alphabet Class A, Apple Inc, US: News, Tech Guide, source:tagname:CNBC US Source","apple's new airpods max headphones, set to be released soon, come with a high price tag but impressive features. made with premium materials like steel and aluminum, they offer better sound quality and larger speakers compared to previous airpods. while they may not sell in high volumes like other airpods, they are positioned as a top-tier option for those seeking the best headphones apple has to offer. the headphones come with a unique case that automatically puts them in low-power mode when stored. they are comfortable to wear and have high-end touches like aluminum cups, a steel frame, and a digital crown for volume control. setting them up and switching between devices is easy, but an adapter is needed for non-bluetooth devices. the airpods max have impressive sound quality and feature noise cancellation, spatial audio, and convenient sensors that pause audio when taken off. they also have good microphone quality. however, they are larger and less portable compared to smaller airpods models.",203,positive
2020-10-30 14:59:22+00:00,"cnbc, Articles, Joe Biden, Homeland Security, Internet, Cybersecurity, Social media, Elections, Technology, Meta Platforms Inc, Twitter Inc, Alphabet Class A, Donald Trump, Politics, Special Reports, 2020 Elections, Social Media, Technology: Trends, Technology: Companies, US Top News and Analysis, Technology Executive Council, source:tagname:CNBC US Source","former facebook security chief, alex stamos, warns that the most significant threat of election misinformation comes from within the us, specifically from us politicians. while technology companies have improved their efforts in combating foreign adversaries' misinformation campaigns, the challenge lies in domestic disinformation. stamos emphasizes the need for collaboration between tech platforms and the government, highlighting the increased cooperation since 2016. however, he also points out that the federal government itself is spreading misinformation, causing a lack of confidence in the voting process. stamos suggests that adding context to claims, rather than censoring them, is a more effective approach. he encourages individuals to be cautious about the information they consume, rely on state and local election officials, and seek information directly from trusted sources. decentralizing the processing of ballots is seen as a strength in protecting election integrity.",184,positive
2020-12-04 18:28:39+00:00,"cnbc, Articles, Elections, Politics, United States, Mike Pompeo, US: News, 2020 Elections, White House, Coronavirus, source:tagname:CNBC US Source","the american foreign service association (afsa) criticized the us state department's plans for large indoor holiday events amid the surging covid-19 cases across the country. afsa, which represents active-duty and retired foreign service officers, expressed concern over reports of parties with hundreds of guests at the state department, contradicting the department's own guidelines. secretary of state mike pompeo and other officials have planned multiple indoor parties, ignoring the department's november notice to avoid non-mission critical in-person events. the white house also plans for at least one indoor holiday party, despite previous events leading to numerous covid-19 cases. the centers for disease control warns against indoor gatherings due to the higher risk of virus transmission. the us reported record daily cases, hospitalizations, and deaths on thursday, highlighting an escalating national crisis.",176,positive
2020-02-20 03:08:38+00:00,"cnbc, Articles, Government taxation and revenue, Joe Biden, Primary elections, 2020 United States Presidential Election, Donald Trump, Michael Bloomberg, Politics, White House, Congress, Economy, 2020 Elections, Taxes, source:tagname:CNBC US Source","former new york mayor michael bloomberg stumbled in the democratic debate when asked about releasing his tax returns. he mentioned that it takes a long time due to his extensive business activities, and that the returns would likely consist of thousands of pages. his comments drew negative reactions from the audience. bloomberg, who is the wealthiest candidate, has faced criticism from his opponents regarding transparency. while he has released his tax returns during his mayoral years, the issue could haunt him if he becomes the democratic nominee. president donald trump, who has not released his tax returns, claims to be under audit, making them unavailable to the public.",123,negative
2020-06-29 23:01:54+00:00,"cnbc, Articles, Business, Investment strategy, Jim Cramer, Personal investing, Stock markets, Markets, Spotify Technology SA, Peloton Interactive Inc, Square Inc, Livongo Health, Trade Desk Inc, ETSY Inc, DocuSign Inc, Zscaler Inc, Baxter International Inc, Zoom Video Communications Inc, Kellogg Co, GlaxoSmithKline PLC, Newmont Corporation, Fastly Inc, VMware Inc, Mad Covid-19 Index, Cloudflare Inc, Dow Jones Industrial Average, S&P 500 Index, NASDAQ Composite, NASDAQ 100 Index, Russell 2000 Index, Coronavirus: Business, Investing, Business News, U.S. Business Day, U.S. Markets, S&P 500, stocks, Stock Picks, Investment Strategy, Coronavirus-related stocks, CNBC TV, Mad Money, source:tagname:CNBC US Source","jim cramer has made changes to his covid-19 index, recommending buying the laggards in the market. the index, which has outperformed major indexes, primarily consists of tech companies that facilitate the stay-at-home economy. cramer removed two health-based stocks and one packaged foods company to make room for two cloud-based names and one gold business. the new additions to the index are vmware, fastly, and newmont mining. cramer advises investors to focus on blue-chip covid stocks that are still below their highs as the pandemic continues. since the last update, the index has rallied while other indexes have seen varied performance. cramer believes it's important to stay updated on the market.",154,positive
2020-10-14 09:48:51+00:00,"cnbc, Articles, Twitter Inc, Donald Trump, Technology, Social media, Politics, Elections, Business, Internet, Randall L. Stephenson, Social Media, Application Software, Technology: Companies, Business News, Mobile, source:tagname:CNBC Europe Source","twitter has suspended a group of fake accounts pretending to be black supporters of president donald trump. the accounts violated policies on spam and platform manipulation. the accounts used stolen photos of real people, including military veterans and law enforcement members. the accounts had a significant number of retweets and followers. twitter has not disclosed the number of accounts suspended or the individuals behind them. the action comes ahead of the u.s. presidential election, where approximately 8% of black voters are supporting trump. twitter is investigating the activity and taking action in line with its rules.",115,negative
2020-02-06 16:28:31+00:00,"cnbc, Articles, Cybersecurity, Technology, Robert Mueller, Vladimir Putin, Richard Burr, Russia, Voting, Barack Obama, Ukraine, Joe Biden, Donald Trump, Elections, Politics, Hillary Clinton, US: News, Republicans, Democrats, 2020 Elections, source:tagname:CNBC US Source","a bipartisan senate report found flaws in the obama administration's response to russian election meddling. it recommended that the public be informed as soon as possible when foreign interference is detected. the report stated that the obama administration was ill-prepared and struggled to determine the appropriate response, citing paralysis of analysis and constraints. while the report emphasized problems with the u.s. system that need to be corrected, it also criticized obama's handling. the investigation began in 2017 and has proceeded largely on a bipartisan basis. the report highlighted the need for early public notification and bipartisan condemnation of such operations in the future. two more reports will be released covering the intelligence community's assessment and final counterintelligence findings.",147,positive
2020-11-18 20:48:46+00:00,"cnbc, Articles, Health care industry, Technology, Social media, Breaking News: Technology, Meta Platforms Inc, Goodrx Holdings Inc, Amazon.com Inc, Walgreens Boots Alliance Inc, CVS Health Corp, Mobile, US: News, Health & Science, CNBC Disruptor 50, source:tagname:CNBC US Source","shares of goodrx, a company that provides discounted prescription drugs, fell after amazon announced its online pharmacy service. however, goodrx ceo doug hirsch believes the two companies are complementary, not direct competitors. goodrx is a marketplace that offers discount cards and coupons, while amazon pharmacy focuses on home delivery of prescription medications. hirsch sees amazon's move as a natural extension of their mail-order business and not necessarily a threat. despite his perspective, wall street remains unconvinced, and goodrx's stock dropped after the amazon news.",117,positive
2020-12-30 14:34:13+00:00,"cnbc, Articles, Government taxation and revenue, Cryptocurrency, Tax planning, Financial consulting, Investment strategy, Financial Advisors, Investing, Special Reports, Tax Planning, Taxes, Tax Deductions, Advisor Insight, source:tagname:CNBC US Source","with the value of bitcoin surging, it may be a good time to donate some to charity. holding a significant amount of bitcoin can lead to overexposure and increased risks. cashing out may result in capital gains tax. donating bitcoin to a donor-advised fund, like fidelity charitable, allows for diversification and supports philanthropy. however, donating crypto assets comes with challenges due to price volatility and tax reporting. the irs considers cryptocurrency as property for tax purposes and capital gains taxes apply when selling or exchanging it. donating appreciated assets that have been held for at least a year can provide a tax deduction. donor-advised funds can assist in accepting and converting crypto donations while addressing concerns about data security and volatility. timing is crucial when transferring bitcoin, as the deduction is based on the market price during the transfer. donors must obtain a qualified appraisal for tax purposes. working with financial advisors, accountants, and qualified appraisers is important to maximize tax deductions and maintain proper records for the irs.",229,positive
2020-06-12 18:05:28+00:00,"cnbc, Articles, Federal Reserve Bank, Economic growth, Economic policy, COVID-19, Coronavirus, Economy, Markets, Jerome Powell, U.S. Markets, US: News, CNBC Data Visualizations, Business News, The Fed, source:tagname:CNBC US Source","the federal reserve's economic forecasts for gdp, unemployment, inflation, and interest rates are showing wide disparities, highlighting the uncertainty in the current economic climate. while the median expectation for gdp decline is moderate, ranging from a plodding recovery to a sharp rebound, individual projections vary greatly. this uncertainty is also reflected in the financial markets, where stocks recently experienced a significant drop after a strong month. federal reserve chairman jerome powell has emphasized that the strength of the recovery depends on the path of the coronavirus, and even the latest projections should be viewed cautiously. despite the uncertain outlook, the markets continue to price in a best-case scenario, betting on future corporate profits and the strength of the us economy.",147,positive
2020-01-22 14:26:48+00:00,"cnbc, Articles, Jill Stein, David Plouffe, New York, United States House of Representatives, US Senate, Donald Trump, Robert Mueller, Bill Clinton, Voting, Russia, 2020 United States Presidential Election, Court decisions, Tulsi Gabbard, Hillary Clinton, Laws, Breaking News: Politics, Politics, Bernie Sanders, US: News, White House, Law, 2020 Elections, source:tagname:CNBC US Source","democratic presidential candidate rep. tulsi gabbard has filed a lawsuit against former secretary of state hillary clinton, accusing her of defaming gabbard by suggesting that she is a russian asset. the lawsuit, filed in a manhattan federal court, claims that gabbard has suffered damages of at least $50 million from clinton's false assertions. clinton had made these comments in an october interview, where she referred to an unnamed democratic candidate as the favorite of the russians. although clinton did not mention gabbard by name, her spokesperson later indicated that she was referring to gabbard. the lawsuit suggests that clinton's false accusation was made in retaliation for gabbard's endorsement of bernie sanders in the 2016 democratic presidential nomination race.",155,negative
2020-01-15 15:33:43+00:00,"cnbc, Articles, Stock markets, Apple Inc, Markets, Economy, VanEck Vectors Russia ETF, Freeport-McMoRan Inc, UnitedHealth Group Inc, stocks, Fast Money, Finance, CNBC TV, source:tagname:CNBC US Source","fast money traders shared their first moves for wednesday's market open. tim seymour bought the russia etf, brian kelly bought freeport-mcmoran, karen finerman sold apple calls, and guy adami bought unitedhealth. tim is long on various stocks, brian holds positions in bitcoin, ethereum, and oil, karen's firm is long on various stocks and options, and guy adami is long on celg, exas, gdx, and intc. karen finerman's firm is also short on certain assets, and her husband works at merck.",126,positive
2020-04-08 16:59:29+00:00,"cnbc, Articles, Coronavirus: Diagnosis, Coronavirus: Prevention, COVID-19, Health care industry, Politics, U.S. Economy, Biotech and Pharmaceuticals, Biotechnology, Catastrophe, Pandemics, Epidemics, Disease outbreaks, Coronavirus, Breaking News: Business, US Economy, US: News, World News, Asia News, Policy, Political Leaders, Business News, Health & Science, source:tagname:CNBC US Source","new york governor andrew cuomo stated that the coronavirus outbreak in the state could stabilize within weeks if strict social distancing policies are maintained. however, he also cautioned that life for new yorkers will never be the same and that a ""new normal"" may be achieved. the governor expressed hope that the state's stringent measures, such as closing nonessential businesses and implementing stay-at-home orders, are helping to slow down the virus spread. cuomo added that the health system could stabilize if these rules are adhered to in the coming weeks. despite signs of the curve flattening, he emphasized the importance of continuing to follow social distancing guidelines. unfortunately, the state reported its highest daily death toll yet, with 779 deaths. new york remains the epicenter of the covid crisis in the united states, with over 151,000 confirmed cases and more than 10,000 deaths.",189,positive
2020-08-03 06:12:49+00:00,"cnbc, Articles, Transportation, Computer hardware, Real estate, Jobs, Economy, Enterprise, Technology, Vodafone Group PLC, Microsoft Corp, Zoom Video Communications Inc, Slack Technologies Inc, Rolls-Royce Holdings PLC, General Motors Co, Siemens AG, Airbus SE, BT Group PLC, Ocado Group PLC, Twitter Inc, Meta Platforms Inc, Real Estate, Commercial Real Estate, Hardware, Workplace Revolution, Business News, source:tagname:CNBC Europe Source","tech companies are developing gadgets and software to help employers bring workers back to the office amidst the covid-19 pandemic. tharsus, a uk-based robotics group, has created wearables that alert wearers when they come too close to another worker. pwc has developed an app to track employee interactions, and vodafone is using heat detection cameras for temperature screening. signify is working on using uv lights to disinfect surfaces, while platforms like zoom and cisco webex facilitate remote collaboration. however, employees may still prefer to work from home, and startups are promoting electric vehicles as a safer alternative to public transport.",135,neutral
2020-04-06 15:05:17+00:00,"cnbc, Articles, Economy, Economic events, Housing, Real estate, Mortgages, Real Estate, US: News, Coronavirus, Foreclosures, Congress, Business News, source:tagname:CNBC US Source","a coalition of mortgage and finance industry leaders is appealing to federal regulators for cash to sustain the mortgage system during the covid-19 pandemic. the cares act allows borrowers with government-backed mortgages to delay payments for a certain period, but servicers still have to pay bondholders. the coalition believes the scale of the forbearance program was underestimated and urges the government to provide a liquidity facility for mortgage servicers. without it, there could be chaos and potential liquidity troubles in the market. the largest nonbank servicer, mr. cooper, has already granted numerous forbearances. estimates vary, but millions of borrowers could seek forbearance, putting significant strain on the industry. there are concerns about liquidity trouble and its impact on the mortgage market. some argue that requiring proof of hardship would have been prudent. the lack of liquidity and increased risk make it harder for borrowers to get new loans or refinance mortgages.",205,positive
2020-11-12 00:23:38+00:00,"cnbc, Articles, Alibaba Group Holding Ltd, China, JD.Com Inc, Retail industry, Technology, Arjun Kharpal, Internet, E-commerce, Asia Economy, Retail, e-commerce, China Economy, East Tech West, source:tagname:CNBC Asia Source","chinese retailer jd.com plans to aggressively expand its brick-and-mortar presence, aiming for a network of 5 million physical stores in the next 3 years. the company acknowledges the limitations of its online model and wants to leverage its years of experience in logistics, merchandising, and technology to build an all-channel retail platform. jd.com has already partnered with over 1.5 million stores and aims to connect up to 5 million stores in the future. the company's move aligns with the fierce competition among china's leading e-commerce retailers to capture the smaller city consumer market. jd.com also invests in a joint venture with gome retail holding and plans to work with popular brands to customize products based on regional preferences.",155,positive
2020-06-26 17:59:23+00:00,"cnbc, Articles, Technology, Business, Life, Sports, Business News, source:tagname:CNBC US Source","the nba and its players union have finalized plans to resume the season, with games to be played at disney world in orlando starting on july 31. the games will be held at the arena, field house, and athletic center at the espn wide world of sports complex with no spectators allowed. the season will consist of eight seeding games followed by the traditional postseason format. the nba finals will end no later than october. concerns remain about resuming sports in florida as coronavirus cases surge, but the league is moving forward with the restart.",109,negative
2020-05-02 16:57:58+00:00,"cnbc, Articles, Search technology, Streaming media technology, Streaming services, Movies, Entertainment, Media, Social media industry, Social media, Technology, Wireless technology, Cloud computing services, Cloud computing, Defense robotics, Robotics, Global X Robotics & Artificial Intelligence ETF, Global X Cloud Computing ETF Global X Cloud Computing ETF, Fidelity MSCI Telecommunication Services Index ETF, Vanguard Communication Services Index Fund ETF Shares, Communication Services Select Sector SPDR Fund, Apple Inc, PowerShares QQQ Trust, Microsoft Corp, Alphabet Class A, Netflix Inc, Amazon.com Inc, Facebook, Exchange-traded funds, Stock markets, Markets, Investment strategy, Special Reports, Funds and ETFs, US: News, stocks, Investing, US Market, U.S. Markets, ETF Strategist, ETF Edge, Consumer Technology, Technology: Companies, Sector ETFs, Index ETFs, ETF Street, source:tagname:CNBC US Source","market analysts have identified several ways to play the stay-at-home theme using etfs. direxion recently filed for a work-from-home etf called wfh, which tracks industries related to remote connectivity. other options already on the market include the invesco qqq trust (qqq), which tracks the tech-heavy nasdaq index and includes the fang stocks (facebook, amazon, netflix, and alphabet). additionally, investors could consider etfs focused on communication services such as the communication services select sector spdr fund (xlc), vanguard communication services etf (vox), and fidelity msci communication services index etf (fcom). furthermore, global x offers specialized etfs like the cloud computing etf (clou) and the robotics & artificial intelligence etf (botz). these themes are expected to resonate with investors in the future due to increased demand for remote working and automation. invesco takes a conservative approach, prioritizing themes with long-term durability. disclosure: invesco is the sponsor for cnbc's etf edge.",234,negative
2020-09-16 03:07:16+00:00,"cnbc, Articles, Politics, White House, Congress, Economy, Joe Biden, Puerto Rico, 2020 Elections, Race for the White House, source:tagname:CNBC US Source","democratic presidential nominee joe biden visited south florida to appeal to hispanic voters, particularly puerto rican voters, in the crucial swing state. a recent poll had shown president trump leading biden among latino voters in florida, causing concern for the biden campaign. in response, the campaign unveiled spanish-language ads targeted at specific hispanic voter groups and announced support from michael bloomberg. biden's speech at a hispanic heritage month celebration in kissimmee focused on puerto rican issues and criticized trump's response to hurricane maria. biden also released a plan to help rebuild puerto rico and revitalize its economy. florida is home to over a million puerto ricans, making them a key voting demographic. while polls initially showed biden underperforming with latino voters, a more recent poll suggested he is gaining ground. the biden campaign's targeted approach to hispanic voters includes tailored spanish-language ads with different accents for different regions. overall, biden's efforts to engage with the puerto rican community and hispanic voters in florida are seen as a crucial part of his strategy to win the state.",223,positive
2020-06-09 06:27:35+00:00,"cnbc, Articles, Breaking News: Markets, Bonds, Central banking, World Markets, Bitcoin, Markets, U.S. 10 Year Treasury, U.S. 2 Year Treasury, U.S. 5 Year Treasury, iShares Core U.S. Aggregate Bond ETF, Vanguard Total Bond Market Index Fund ETF Shares, U.S. 30 Year Treasury, US Economy, Central Banks, U.S. Markets, US: News, source:tagname:CNBC Europe Source","treasury yields fell as investors sought safety amid a pause in the stock rally and awaited the federal reserve's monetary policy decision. the benchmark 10-year treasury note dropped in yield, indicating an increase in price. the federal open market committee is expected to keep short-term interest rates near zero, but investors will watch for signals on the central bank's next move. the us economy has been officially declared to have peaked in february, marking the end of the longest expansion in history. market focus also remains on efforts to reopen economies amid the ongoing coronavirus pandemic. the world health organization warned that the pandemic is far from over, with record daily cases and the virus yet to peak in central america. economic data, including the ibd/tipp economic optimism survey for june and job openings figures, will be released. treasury bill and note auctions are also scheduled.",182,positive
2020-09-06 18:58:46+00:00,"cnbc, Articles, Politics, US: News, Europe News, source:tagname:The Associated Press","tens of thousands of demonstrators marched in minsk, the capital of belarus, demanding the resignation of president alexander lukashenko. the protests, now in their fifth week, also occurred in other major cities in the country. the unprecedented protests began after the disputed august presidential election, which lukashenko claimed to have won. protesters allege electoral fraud and have been met with police crackdowns, including arrests and violence. despite lukashenko's refusal to engage in dialogue with the opposition, the protesters remain determined to bring about a peaceful change of power. the government has also targeted journalists, revoking accreditations and deporting foreign reporters.",129,positive
2020-04-23 13:45:44+00:00,"cnbc, Articles, Internal Revenue Service, Taxes, Government taxation and revenue, Special Reports, Personal Finance, Personal Income, Tax Deductions, Tax Planning, Investing, Smart Tax Planning, source:tagname:CNBC US Source","taxpayers with old tax bills should pay them immediately, as the irs is currently focused on distributing coronavirus stimulus checks and not processing paper returns. while most taxpayers have until july to file their returns, those needing to file amended returns face a problem, as these can only be processed on paper. owing from prior years can lead to penalties and interest piling up, so it's important to pay as soon as possible. the irs has advised against filing multiple paper returns or inquiring about the status of paper returns. even though amended returns may not be processed immediately, interest continues to accrue, and failure-to-pay and failure-to-file penalties may apply. it's recommended to make direct electronic payments to the irs. if the owed amount is substantial, an installment agreement can be arranged online to chip away at the balance each month. however, if a refund is due from a prior year, it will have to wait until the irs resumes processing paper returns.",202,positive
2020-12-23 16:13:36+00:00,"cnbc, Articles, Coronavirus: SIA, Health care industry, Biotech and Pharmaceuticals, Biotechnology, Pharmaceuticals, Business, Markets, Coronavirus, Disease outbreaks, Epidemics, Pandemics, Andrew Cuomo, Noah Higgins-Dunn, World News, Business News, Asia News, China Politics, Asia Markets, Europe News, Latin America Markets, Health & Science, source:tagname:CNBC US Source",watch live new york gov andrew cuomo updates the public as state rolls out covid vaccines the stream is slated to start at  am et please refresh the page if you do not see a player above at that timenew york gov andrew cuomo is scheduled to hold a press briefing wednesday on the covid vaccine distribution plans as the threat of another economic shutdown looms over the statelast week cuomo and new york city mayor bill de blasio noted that the state might close nonessential businesses in some regions in january for weeks cuomo has said that he will implement more restrictions in parts of the state where hospitals are overwhelmed to the point that they cannot care for every patientbut he has noted that its up to residents of new york to follow public health precautions to limit the spread of the coronavirus and avoid a shutdownof course a shutdown in january is possible cuomo said last week but theres a big but he said spelling the word out one letter at a time but cnbcs noah higginsdunn contributed to this reportread cnbcs live updates to see the latest news on the covid outbreak,232,positive
2020-07-28 15:00:07+00:00,"cnbc, Articles, Politics, White House, Congress, Economy, Joe Biden, Donald Trump, source:tagname:CNBC US Source","former vice president joe biden unveiled a racial economic equity plan aimed at narrowing the wealth gap between white americans and people of color. the plan, which is part of biden's economic platform, includes policies such as investment in minority businesses, raising the minimum wage, and criminal justice reform. it also proposes creating a small business opportunity fund, expanding the new markets tax credit, and requiring the federal reserve to report on racial economic gaps. while the plan does not include reparations, it focuses on allocating funding from biden's existing proposals. overall, the plan seeks to address racial injustice and build a future of economic equality.",131,positive
2020-09-17 15:57:50+00:00,"cnbc, Articles, Race For White House, Elections, Donald Trump, Politics, COVID-19, Joe Biden, US: News, Polls, Democrats, Republicans, Coronavirus, 2020 Elections, White House, source:tagname:CNBC US Source","joe biden maintains a national polling lead over donald trump, including in crucial swing states. biden's lead varies in different polls, but recent surveys show him extending gains in wisconsin and arizona. however, biden is underperforming among latinos in florida. both candidates focus on the economy, healthcare, and the pandemic, with trump highlighting his administration's response and the vaccine possibility, while biden criticizes the handling. arizona's election rating has shifted to lean democrat due to biden's support among latinos.",114,negative
2020-06-23 12:13:25+00:00,"cnbc, Premium, Articles, Investment strategy, Stock markets, Intel Corp, Apple Inc, Michael Bloom, stocks, Investing, PRO Home, CNBC Pro, source:tagname:CNBC US Source",heres what major analysts think of apples stock after announcements on new software and chips this story is for cnbc pro subscribers onlyapples announcements from the wwdc conference  from its new software to a shift to inhouse chips  are garnering praise from wall street analysts many of them hiked their forecast for the tech giants stockduring the remote event monday apple introduced new software for its iphones ipads macs apple tv and apple watch it also announced that future macs will use chips made by apple instead of intel a move that it said will mean faster laptops and desktopsubs said its bullish on apples transition to its own chips calling it a continuation of its strategy of vertical integration following years of convergence in its mobile and macs the bank increased it  month price target to  from  representing a near  upside from here,166,positive
2020-06-01 20:01:48+00:00,"cnbc, Articles, Arizona, Wisconsin, Politics, Elections, COVID-19, Coronavirus, Voting rights, Voter registration, Voting, Absentee voting, United States Presidential Election, 2020 United States Presidential Election, White House, US: News, 2020 Elections, source:tagname:CNBC US Source","the coronavirus pandemic is causing concern for voters who fear it will hinder their ability to cast their ballots. many states are preparing for an increase in voting by mail due to the risk of contracting and spreading the virus at polling stations. however, there are concerns about the disorganization and confusion seen in the wisconsin primary, as well as the political debate surrounding mail-in voting. a majority of americans are supportive of voting by mail, but there are concerns about issues such as postal service failures. vulnerable populations, such as older voters, are particularly affected, but parents and teachers also face challenges. efforts are being made to expand access to mail-in voting while also ensuring safety measures are in place for in-person voting. the feasibility and safety of these measures are being questioned, and there is a need for government funding and planning to address these concerns. overall, there is uncertainty about the impact of these changes on voter turnout and the ability to exercise the right to vote.",201,positive
2020-09-29 15:55:01+00:00,"cnbc, Articles, Enterprise, Breaking News: Technology, Technology, Business, Dell Technologies Inc, VMware Inc, HP Inc, Microsoft Corp, Amazon.com Inc, Comcast Corp, NVIDIA Corp, Satya Nadella, US: News, source:tagname:CNBC US Source","vmware ceo, pat gelsinger, suggests that a spinoff from dell would allow him to collaborate with other hardware manufacturers, like hp. this independence would make vmware more attractive to top talent and provide greater flexibility in deal-making. gelsinger mentions the increasing reliance on cloud services due to the pandemic, but highlights instances where on-premises infrastructure is still preferred for cost or regulatory reasons. vmware is also investing in its traditional business and partnering with nvidia for ai workloads. gelsinger assures investors that leadership continuity will remain intact during any ownership change.",126,positive
2020-03-31 09:50:29+00:00,"cnbc, Articles, Currency markets, U.S. dollar, USD/JPY, EUR/USD, US Dollar/Swiss Franc FX Spot Rate, GBP/USD, Euro/UK Pound Sterling FX Cross Rate, New Zealand Dollar/US Dollar FX Spot Rate, Australian Dollar/US Dollar FX Spot Rate, US Dollar/Chinese Renminbi FX Spot Rate, Chesterfield Resources PLC, DXY US Dollar Currency Index, Norwegian Krone/US Dollar FX Cross Rate, Currencies, U.S. Dollar, Chinese Yuan, Euro, Markets, source:tagname:Reuters","the us dollar weakened against major currencies due to the federal reserve's measures to ensure liquidity in the financial system. while the dollar initially gained due to demand from portfolio managers and japanese firms, it later fluctuated. the fall in us equity markets in march led to increased dollar buying, but the currency pared gains after the fed expanded the ability of foreign central banks to access dollars. the supply of the us currency has increased, dampening its appeal. analysts expect more dollar gains against the yen but forecast a sharp economic downturn in the coming quarters.",116,positive
2020-10-02 11:36:01+00:00,"cnbc, Articles, Black Knight Inc, Mortgages, Real estate, Housing, Coronavirus: Business, Real Estate, US: News, Foreclosures, Coronavirus, Business News, source:tagname:CNBC US Source","the number of mortgages in active pandemic-related bailout plans has increased after declining for six weeks. the rise is seen primarily in bank-held and private-labeled security loans, as well as fhava loans to a lesser extent. however, there has been a decline in fannie mae and freddie mac loans in forbearance. the forbearance programs, initiated at the start of the pandemic, allow borrowers to delay their payments for a certain period. as of september, around 3 million homeowners remain in pandemic-related forbearance plans, representing $425 billion in unpaid principal. the housing market is still facing challenges, particularly for fha and va loans, which are generally held by borrowers with lower incomes and down payments. it is believed that these borrowers have been heavily impacted by the pandemic. despite some improvement in the job market, the unemployment rate remains high, and borrowers are continuing to struggle.",203,positive
2020-10-16 12:11:03+00:00,"cnbc, Articles, London, Technology, Transportation, Business, Boeing Co, Enterprise/Security Disruptors 2013, Technology: Data, Data Economy, Business News, Europe News, Law and Regulation, source:tagname:CNBC Europe Source","british airways has been fined £20 million ($26 million) by the uk's information commissioner's office (ico) for a data breach in 2018. the breach exposed the personal and financial details of over 400,000 customers. the ico found that british airways had insufficient security measures in place. the fine, although lower than originally planned due to the covid-19 pandemic, is still the largest ever issued by the watchdog. the attacker accessed customer names, addresses, payment card numbers, and cvv numbers. some users' usernames and passwords may also have been compromised. british airways took over two months to realize the breach. the ico stated that organizations must invest in up-to-date security measures to protect people's data. british airways acknowledged their failure and the impact it had on customers, but highlighted improvements made since the incident.",182,positive
2020-05-26 15:21:01+00:00,"cnbc, Articles, Media, Mediaset NV, Metropole Television SA, Television Francaise 1 SA, RTL Group SA, Prosiebensat 1 Media SE, ITV PLC, Snap Inc, Meta Platforms Inc, Alphabet Class A, Goldman Sachs Group Inc, Advertising, Facebook, Google, Television, Online media, CNBC TV, Europe: Television, Marketing.Media.Money, source:tagname:CNBC Europe Source","the covid-19 pandemic is accelerating the shift of ad budgets from tv to digital, according to a report by goldman sachs focused on europe. the crisis is expected to further drive the secular trend towards digital advertising, resulting in increased partnerships and mergers in the eu broadcasting industry. digital ads offer easier measurement and lower costs compared to tv ads. tv ad revenues in europe were significantly impacted in april, while major digital players like google and facebook fared better. the global marketing budgets for digital advertising fell for the first time in april, with traditional media platforms experiencing the steepest declines. ad spend is typically reduced during recessions, and the tv upfronts in the us have been delayed indefinitely. ad spots have become cheaper due to lower demand. the recovery of ad spend is expected to be less significant than after previous recessions. european broadcasters are open to partnerships and m&a, as seen with mediaset's acquisition of a stake in prosieben. broadcast stocks have performed poorly in the european media market this year. goldman forecasts declines in net annualized returns for european broadcasters in the second quarter, with french channels being the most affected and german broadcasters facing the least impact.",242,positive
2020-04-13 21:08:49+00:00,"cnbc, Articles, Coronavirus: Prevention, Health care industry, Germany, Economy, World economy, Coronavirus, Europe News, World Economy, Health & Science, Europe Politics, Europe Economy, Business News, source:tagname:CNBC US Source","germany is considering steps to return to a ""new normal"" following the coronavirus pandemic, according to the country's health minister, jens spahn. he emphasized that the gradual recovery process would involve maintaining measures such as social distancing, wearing masks, and avoiding large gatherings for the foreseeable future. germany's success in slowing down the rate of new infections has allowed them to consider what a recovery might look like. spahn also highlighted the importance of striking a balance between health and economic considerations, as a strong economy is necessary to support the healthcare system and the overall well-being of the population. germany's response to the pandemic, including its robust healthcare system and early emphasis on testing capacity, has received praise. spahn acknowledged the importance of extensive testing in understanding the true extent of the virus's spread.",174,positive
2020-08-18 14:00:19+00:00,"cnbc, Articles, Coronavirus, COVID-19, Joe Biden, Donald Trump, United States Postal Service, Breaking News: Politics, Elections, Politics, US: News, White House, 2020 Elections, Republicans, Democrats, Government Agencies, source:tagname:CNBC US Source","usps chief louis dejoy will testify before the senate homeland security and governmental affairs committee on friday. lawmakers are questioning dejoy's overhaul of the us postal service, which has drawn criticism for causing mail delays. democrats are concerned that the changes, made by a republican donor and supporter of president trump, could impact the november election, where more americans are expected to vote by mail due to the pandemic. dejoy has also faced scrutiny for his business investments, which may pose conflicts of interest. the hearing comes after immense pressure from senate democrats and the public.",117,positive
2020-02-28 20:36:23+00:00,"cnbc, Articles, Larry Kudlow, Economic events, Federal Reserve System, Donald Trump, Jerome Powell, Interest Rates, Breaking News: Politics, Coronavirus, Elections, Politics, US: News, White House, 2020 Elections, The Fed, source:tagname:CNBC US Source","the white house is considering a tax cut package as part of its response to the coronavirus outbreak, according to the washington post. officials are also discussing whether to pressure the federal reserve to cut interest rates. the stock market has been negatively impacted by fears of the virus. federal reserve chairman jerome powell said they are monitoring the situation and will take action if necessary. vice president mike pence's office is involved in the discussions. the economic proposals are aimed at easing global market fears, but are still in the early stages. the trump administration is trying to calm the economy amidst the ongoing selloff. despite the high number of cases worldwide, there have only been confirmed cases in the us with no deaths reported. national economic council director larry kudlow suggests that investors should consider more optimistic options.",160,positive
2020-04-27 20:37:31+00:00,"cnbc, Articles, Municipal bonds, Breaking news, Economy, Breaking News: Economy, US Economy, US: News, Municipal Bonds, Business News, The Fed, source:tagname:CNBC US Source",the fed says it is expanding its municipal bond buying program the federal reserve is expanding its municipal bond buying program as part of its efforts to keep money flowing for cashstrapped local and state governmentsas part of its municipal lending facility the fed is buying up to  billion worth of state and local government bonds in an announcement monday the central bank said the facility now will buy debt from counties and states with populations of at least  and cities with  residents or morein addition the fed expanded the duration of the bonds it will buy from two years under the previous announcement to three years the program is limited to investmentgrade debtthe fed also said it will consider in the future buying revenue bonds officials will continue to closely monitor conditions in local and state government debt markets as it determines whether to accept the revenue bonds the announcement added,160,negative
2020-01-27 22:17:55+00:00,"cnbc, Articles, Economy, Earnings, Stock markets, Markets, Wall Street, Market Insider, Jerome Powell, stocks, U.S. Markets, The Fed, source:tagname:CNBC US Source","the federal reserve is expected to maintain its benchmark interest rate and emphasize its monitoring of the coronavirus outbreak and geopolitical uncertainty. fed chairman jerome powell's comments after the meeting will provide insight into the fed's thinking. strategists believe the fed will remain silent for now, as they have already made rate cuts. market concern lies in when the fed will halt its treasury bill purchases. the fed's bond-buying program is expected to be tapered down in the second quarter. there is also anticipation for the fed to discuss inflation and its plans for the t-bill buying program. some officials may express concern about current policy boosting stocks and tightening credit spreads. the fed is also expected to increase the interest rate on excess reserves slightly to push the fed funds rate higher. these adjustments are seen as technical and not a change in monetary policy.",177,negative
2020-02-14 16:54:58+00:00,"cnbc, Articles, Iraq, Iran, Mike Pompeo, Saddam Hussein, National security, Eliot Engel, Foreign policy, Qassim Soleimani, Defense, Breaking News: Politics, Politics, Donald Trump, US: News, White House, Congress, Wars and Military Conflicts, Guns and Weapons, source:tagname:CNBC US Source","the chairman of the house foreign affairs committee, rep. eliot engel, criticized the trump administration for claiming authority to order the killing of iranian general qasem soleimani without congressional authorization. engel argued that the administration's report to congress contradicts president trump's assertion of preventing an imminent attack. democrats have been skeptical of trump's legal rationale for the attack. the administration's report cites a series of escalating attacks by iran and iranian-backed militias as justification. engel called this argument absurd and refuted the claim that the iraq war resolution authorized the strike. the administration maintained that the purpose of the attack was to protect us personnel and deter further attacks by iran. trump administration officials had previously stated that soleimani was planning imminent attacks. nbc news reported that trump authorized the killing months prior to its execution, potentially undermining the administration's stated rationale. the administration's report argues that the constitution and the authorization for use of military force provide legal grounds for the action.",210,negative
2020-07-30 16:35:10+00:00,"cnbc, Articles, Monopoly and antitrust, Antitrust regulation, Politics, Technology, Alphabet Class A, Meta Platforms Inc, Amazon.com Inc, Apple Inc, Media, US: News, Mergers, Antitrust, source:tagname:CNBC US Source","lawmakers from both parties in the us house of representatives agree that apple, amazon, facebook, and google have too much power, but they offered no clear solutions during a recent hearing. both republicans and democrats presented evidence of these companies stifling competition. however, there was a lack of concrete ideas on how to address the problem. it is unlikely that a one-size-fits-all solution will work for all four companies due to their unique dominance issues. the rarity of this bipartisan agreement is noteworthy, as political hearings often devolve into showcases of opposing views. despite the lack of a clear path forward, the companies may face increased regulatory scrutiny and be cautious in their future acquisitions. the ability of these tech giants to throw money at startups poses a risk to innovation and diversity of thought, as the same leaders continue to control the companies.",175,positive
2020-05-04 17:58:29+00:00,"cnbc, Articles, Coronavirus: Personal Finance, Personal investing, Dividends, Retirement planning, Investment strategy, Personal finance, Personal saving, S&P 500 Index, Personal Finance, Investing, Retirement, Savings, Coronavirus, Companies, source:tagname:CNBC US Source","the economic impact of the coronavirus pandemic has led many us companies to cut or suspend their dividends, affecting retirees who rely on them for income. some companies have increased dividends, but retirees should consider other sources of income beyond dividends and bond payments. this could include cash flow from the overall portfolio and focusing on the growth of assets. retirees can also use the bucket approach, where fixed-income investments cover living expenses for a specific period, while the remaining funds are invested for long-term equity growth. upgrading dividend stock holdings by choosing companies with stronger financials is also recommended. while some companies may resume or increase dividends in the future, dividend cuts are expected to be more common among smaller and midsized public companies.",157,positive
2021-05-11 12:30:01+00:00,"cnbc, Articles, Phoenix Suns, Advertising, PayPal Holdings Inc, Verizon Communications Inc, Sports, Life, Business, Technology, Business News, National Basketball Association, source:tagname:CNBC US Source","the phoenix suns have announced a partnership with sports merchandise company fanatics. fanatics will oversee the suns' online, mobile, and in-venue team shops, as well as control ecommerce operations for the suns' sister team, the mercury. the deal is expected to be long-term, but financial details were not disclosed. the suns are currently preparing for the nba postseason for the first time in a decade. this partnership adds to a series of business alliances the team has formed recently, including one with fanduel and one with verizon for naming rights to their practice center.",121,positive
2021-03-30 12:27:27+00:00,"cnbc, Articles, Technology, Cryptocurrency, Ethereum/USD Coin Metrics, Bitcoin/USD Coin Metrics, Wealth, Art and Culture, Business News, source:tagname:CNBC US Source","vignesh sundaresan, a crypto investor who recently bought an nft by artist beeple for $69 million, stated that he would have paid even more for it. sundaresan believes that nfts mark a new era in the art world, allowing artists and collectors worldwide to easily buy and sell artwork. nfts have gained popularity recently, with sales surpassing $500 million. sundaresan sees nfts as a platform for artists from different countries to monetize their work. he declined to reveal how much more he was willing to pay for the beeple nft but mentioned that he has invested in various cryptocurrencies. sundaresan believes that crypto will not face a ban and sees its positive impact globally. while he has no plans to sell the beeple nft, he may explore ways to monetize it, such as offering pieces or displaying it in a virtual museum.",195,positive
2021-05-07 13:10:06+00:00,"cnbc, Articles, Investment strategy, Shopping, Business, Retail industry, Peloton Interactive Inc, Earnings, Technology, Physical fitness, Michael Bloom, Business News, Retail, Investing, source:tagname:CNBC US Source","shares of peloton rose as investors realized that the financial impact of the treadmill recall was not as severe as initially feared. the company reported strong demand for its high-end cycles, even as people return to gyms and normal routines. peloton plans to launch in australia later this year and is increasing marketing spending to attract new customers. while the recall will affect financials in the short term, analysts believe it was a prudent decision for peloton in the long run. the recall will result in lower revenue for the fourth quarter, with a projected impact of $165 million due to halted sales and refunds. however, analysts believe that demand for peloton's bikes remains solid. the recall's impact on the company's brand name and ultimate financial impact remains uncertain. peloton's ceo stated that they are working with the us consumer protection safety commission to implement new safety protocols for the tread machine and aim to relaunch it in the us as early as july. overall, despite the recall, peloton reported a strong third quarter.",222,positive
2021-07-27 14:17:49+00:00,"cnbc, Articles, Biotech and Pharmaceuticals, Breaking News: Business, Health care industry, Pfizer Inc, Moderna Inc, Johnson & Johnson, Politics, Business News, Health & Science, source:tagname:CNBC US Source","the cdc has reversed its indoor mask policy, recommending that fully vaccinated individuals and children wear masks indoors in areas with high covid transmission rates. this updated guidance comes as the delta variant spreads and cases surge. the cdc also advises that everyone in grade schools wear masks indoors. new data suggests that vaccinated people infected with the delta variant may still be contagious. health experts fear that low vaccination rates in certain states could lead to more mask mandates and restrictions. president biden emphasizes the need for more vaccinations and mask-wearing to avoid further lockdowns and disruptions.",126,positive
2021-04-19 13:06:24+00:00,"cnbc, Articles, Asia Economy, Ampliphi Biosciences Corp, NVIDIA Corp, Digital Realty Trust Inc, Business, Technology, Semiconductors, Technology: Companies, Europe News, Business News, Europe Politics, Europe Economy, China Politics, Politics, source:tagname:CNBC Europe Source","the uk government has intervened in nvidia's proposed $40 billion takeover of chip designer arm on national security grounds. digital secretary oliver dowden issued a public interest intervention notice (piin) and called for a phase one investigation into the transaction by the competition watchdog. concerns include the potential relocation of arm's headquarters to the us and reduced competition in the semiconductor industry. nvidia maintains that the deal poses no material national security issues. the deal is also being scrutinized by regulators in the us, china, and the european union, with some industry sources speculating that it may be blocked.",127,neutral
2021-02-11 21:53:14+00:00,"cnbc, Articles, Tripadvisor Inc, Booking Holdings Inc, Airbnb Inc, Expedia Group Inc, Investment strategy, Investing, Trading Nation, Special Reports, source:tagname:CNBC US Source","expedia's stock fell as it reported a drop in revenue for the fourth quarter, undershooting analyst estimates. despite a rally in its stock, it still lags behind airbnb, which has experienced a surge since going public. airbnb is set to report its first earnings as a public company, benefiting from the preference for vacation rentals during the pandemic. however, technical analysis suggests that the risk-reward ratio for expedia's stock is unappealing. the market is betting on travel to vacation spots rather than urban centers, which favors airbnb's urban-centric model over expedia's vacation rental brand, vrbo.",144,positive
2021-09-09 11:40:58+00:00,"cnbc, Articles, Health care industry, Investment strategy, Economy, Interest Rates, Federal Reserve System, Markets, Politics, Technology, Business, Lululemon Athletica Inc, Joe Biden, Delta Air Lines Inc, United Airlines Holdings Inc, NetEase Inc, GameStop Corp, NASDAQ Composite, S&P 500 Index, Dow Jones Industrial Average, Bitcoin/USD Coin Metrics, Business News, 5 Things to Know, Investing, Health & Science, Coronavirus, source:tagname:CNBC US Source","us stock futures are under pressure as the dow jones and s&p closed lower for the third consecutive session. gamestop shares plunge due to lack of guidance, while lululemon experiences a surge on a strong outlook. biden will unveil a plan to boost covid vaccinations and fight the delta variant. ukraine becomes the latest country to legalize bitcoin. the european central bank keeps interest rates unchanged but slows down asset purchases. initial jobless claims are lower than expected. united airlines staff with religious exemptions to the covid shot face unpaid leave. bitcoin remains steady after ukraine legalizes and regulates cryptocurrencies.",137,positive
2021-06-17 13:36:06+00:00,"cnbc, Articles, Alexander McQueen, Sustainable development, Sustainable fashion, Luxury goods retail, Luxury, Jewelry, Technology, Special Reports, Leadership, Business News, Retail, Evolve, source:tagname:CNBC US Source","nadja swarovski, chair of the swarovski foundation, spoke at cnbc's evolve global summit about the resilience of the luxury sector during the pandemic. she highlighted how digitally savvy companies embraced the opportunity to connect with consumers on a digital scale. swarovski also praised the fashion industry for adopting digital fashion shows and engaging directly with customers through challenges and exhibitions. she emphasized the importance of direct dialogue with consumers in order to tailor designs to their demands and reduce waste in the fashion industry. swarovski also discussed the brand's sustainability efforts, including the introduction of lab-grown diamonds and the transition to conscious luxury.",139,positive
2021-01-19 14:19:12+00:00,"cnbc, Articles, Breaking News: Business, Autos, Transportation, Business, Fidelity Advisor International Capital Appreciation Fund, Stellantis NV, Microsoft Corp, Elliot Smith, US: News, Automobiles and Components, Manufacturing, Business News, source:tagname:CNBC US Source","stellantis, the merged automaker of fiat chrysler and groupe psa, saw a significant jump in its nyse trading debut. the $52 billion merger finalized on saturday, with shares trading under stla in paris and milan. stellantis is now the world's fourth-largest automaker, with operations in north america and europe. the merger is expected to generate €5 billion ($6 billion) in annual cost savings. the company's name, stellantis, represents its umbrella corporation, while the individual auto brands will remain unchanged. the board of directors includes executives from both fiat chrysler and psa, as well as representatives from other companies.",138,positive
2021-06-03 10:44:44+00:00,"cnbc, Premium, Articles, Solar power, Investment strategy, Stock markets, Generac Holdings Inc, Enphase Energy Inc, iShares Global Clean Energy ETF, S&P 500 Index, Sunrun Inc, Sunnova Energy International Inc, Solaredge Technologies Inc, Guggenheim Enhanced Equity Income, stocks, Investing, PRO Home, CNBC Pro, Pro: Future of Energy, source:tagname:CNBC US Source",guggenheim says solar selloff is a buying opportunity and has an unusual favorite stock renewable energy is poised to play an ever greater role as the world shifts away from fossil fuels and the recent pullback in clean tech stocks presents a buying opportunity guggenheim said while initiating coverage on solar stockswe believe that the shift to distributed energy generation and storage is a large sustained phenomenon and owning bestinclass companies makes sense the firm wrote in a note to clients we expect distributed solar installations to continue growing robustly especially now that energy storage is becoming economically viablefollowing a  gain in  the ishares global clean energy etf has dipped  this year the sp  by comparison has gained guggenheim pointed to several possible factors driving the declines including excessive valuations after s record run as well as slowerthanexpected governmental policies other concerns include rising input costs such as for steel and semiconductors and higher interest ratesbut given solars large and growing market guggenheim said the pullback is an attractive opportunity to pick up shares of quality names,201,positive
2021-05-12 21:01:16+00:00,"cnbc, Articles, Business, Health care industry, Politics, U.S. Economy, Biotech and Pharmaceuticals, Biotechnology, Pandemics, Epidemics, Disease outbreaks, Coronavirus, Breaking News: Business, Pfizer Inc, BioNTech SE, Johnson & Johnson, US Economy, US: News, World News, Policy, Business News, Health & Science, source:tagname:CNBC US Source","the cdc has linked rare cases of blood clots to the johnson & johnson covid vaccine, with three deaths reported. the fda and cdc temporarily halted the use of the vaccine while investigating these cases but later determined that the benefits outweigh the risks. the blood clotting issue is known as cerebral venous sinus thrombosis (cvst) and thrombosis with thrombocytopenia syndrome (tts). four patients with tts are still in the hospital, while the others have been discharged. the risk of tts was highest in women aged 18-48. the clots formed in various parts of the body, including the brain.",140,positive
2021-03-15 01:03:39+00:00,"cnbc, Articles, Technology, Goldman Sachs Group Inc, Citigroup Inc, General Motors Co, GameStop Corp, Alphabet Class A, Tesla Inc, Ireland, Elon Musk, CNBC Disruptor 50, Special Reports, source:tagname:CNBC US Source","online payments provider stripe has raised $600 million in a new funding round, valuing the company at $95 billion. the funding will be used to invest in the company's european operations, with a focus on ireland, where it is headquartered. stripe has experienced significant growth during the pandemic due to the surge in online shopping. despite its success, the company has not disclosed any plans for an immediate ipo. investors in the latest funding round include allianz, fidelity, sequoia capital, and ireland's national treasury management agency. stripe has also invested $20 million in the online checkout company fast.",129,positive
2021-02-19 16:48:01+00:00,"cnbc, Articles, Breaking News: Politics, Joe Biden, Politics, Natural disasters, Donald Trump, White House, Weather and Natural Disasters, source:tagname:CNBC US Source",biden plans to visit texas ask fema to accelerate major disaster declaration president joe biden said friday that he plans to visit texas next week as millions of residents there continue struggling with power outages after a major winter stormbiden also said he will ask the administration of the federal emergent management agency to accelerate a request for a declaration of a major disaster in texas which would free up federal funds to aid in relief efforts thereas i said when i ran im going to be a president for all americans said biden who was defeated last fall in texas presidential election by thenpresident donald trumpim going to sign that declaration once thats in front of me which godwilling will bring relief to a lot of texans the president saidbiden said he had planned on traveling to texas in the middle of next week but cautioned that i dont want to be a burdenhe said that if i can do it without creating a burden for folks i plan on goingill make that decision beginning of next week biden said,206,positive
2021-08-29 10:32:53+00:00,"cnbc, Articles, Breaking news, Life, Environment, Hurricanes, Natural disasters, Phillips 66, Exxon Mobil Corp, Joe Biden, US: News, Climate, Business News, Weather and Natural Disasters, source:tagname:Reuters","hurricane ida, a powerful and dangerous category 4 storm, is about to make landfall in louisiana. it is expected to be the state's worst direct hit since hurricane katrina. louisiana is already grappling with a surge in covid-19 cases, adding to the challenges. the storm has intensified faster than predicted, posing a significant test for the levees built after katrina. hospitals in the state are already near capacity with covid-19 patients. ida is expected to bring life-threatening storm surges, catastrophic wind damage, and flooding rainfall. evacuations have been ordered in low-lying and coastal areas, causing traffic jams and gasoline shortages. utility companies are preparing for power losses, while oil production and refining operations have been reduced. despite the risks, some residents are choosing to ride out the storm due to covid-19 concerns.",173,negative
2021-08-19 23:04:30+00:00,"cnbc, Articles, WTI Crude (Dec'21), Pioneer Natural Resources Co, Devon Energy Corp, Chevron Corp, Jim Cramer, Markets, Stock markets, Personal investing, Investment strategy, Business, Investing, Business News, U.S. Business Day, U.S. Markets, S&P 500, stocks, Stock Picks, Investment Strategy, CNBC TV, Mad Money, source:tagname:CNBC US Source","according to jim cramer, chevron looks attractive due to its dividend, but he warns that oil prices may fall further. despite the recent decline in oil prices, cramer believes chevron is a good investment due to its dividend yield. however, he also suggests considering other oil stocks like devon and pioneer natural resources, although their dividends may shrink as oil prices drop. the decline in oil prices is attributed to concerns about slowing demand due to the ongoing covid-19 pandemic and the strengthening of the us dollar, which makes crude more expensive for international buyers. cramer cautions investors that more weakness could be ahead as supply increases and demand remains low. he advises caution, as oil prices may continue to decline, and stresses the importance of considering profitability levels for american producers.",160,positive
2021-10-18 08:00:25+00:00,"cnbc, Articles, Border security, Customs, Northern Ireland, Energy industry, Energy, European Commission, EU, British Government, United Kingdom, Politics, Economy, Brexit, Europe Economy, World News, Europe News, Supply and Demand, Supply Chain Management, Europe Politics, source:tagname:CNBC Europe Source","post-brexit britain is facing a difficult winter due to a gas crisis, labor shortages, and supply chain chaos. labor shortages, including a lack of truck drivers and butchers, are causing disruptions in various industries, leading to empty store shelves and potential culling of pigs. the government has issued temporary visas for foreign workers, but critics argue it is insufficient. credit suisse economists warn of headwinds for consumers, including inflation and supply shortages, potentially leading to a fall in disposable incomes. the uk also faces an energy crisis as energy suppliers collapse and wholesale gas prices surge. the eu, with its single market, is better equipped to handle global shocks. the uk's response to the crisis remains unclear, and tensions between the uk and the eu over the northern ireland protocol continue.",166,negative
2021-01-05 07:45:24+00:00,"cnbc, Articles, Banks, Brexit, Financials, Europe News, Derivatives, Politics, source:tagname:CNBC Europe Source","the brexit deal has left the future uncertain for financial services, with limited mention of the sector in the agreement. euro-denominated derivatives clearing is a significant concern, as the majority of european clearing activity takes place in london. the european securities and markets authority has agreed to extend current clearing arrangements until june, allowing more time for eu-based institutions to reduce reliance on british clearers. the future of equivalence rules, which enable uk-based companies to sell services in europe, is also crucial. the current arrangement allows the eu to withdraw equivalence rights for uk institutions with short notice. the loss of passporting rights has prompted many financial advisors to relocate to other european hubs. however, industry players remain positive about london's future as a global financial center, although its ability to retain intra-eu business will depend on new regulatory arrangements and cooperation.",175,positive
2021-05-05 12:00:01+00:00,"cnbc, Articles, Coronavirus: Personal Finance, Coronavirus, COVID-19, Millennials, Generation Z, Parents, Personal loans, Investment strategy, Personal saving, Personal finance, Retirement planning, New York, Hauppauge Digital Inc, Special Reports, Savings, Personal Finance, Retirement, Debt, Credit Cards, Credit, Loans, Investing, Invest in You: Ready Set Grow, source:tagname:CNBC US Source","a survey by creditcards.com found that many american parents are financially supporting their adult children, causing a negative impact on their own financial wellness. nearly half of parents with adult children gave them money during the pandemic, with this money taking away from their personal finances. the survey showed that parents with lower household incomes gave an average of $1,340, while those with higher incomes gave an average of $4,090. the money intended for parents' debt payment, day-to-day expenses, emergency savings, and retirement was instead used to assist their children with food, housing, cell phone bills, car payments, debt payoff, and entertainment. financial experts advise parents to be cautious about setting a precedent and to have agreements in place for repayment or educational guidance. while loans can damage relationships, making it a gift is an alternative. it is essential for both parents and children to prioritize their own financial goals to ensure long-term financial wellness.",199,positive
2021-02-22 13:30:41+00:00,"cnbc, Articles, Business, Investment strategy, Markets, Hedge Funds, Ken Griffin, GameStop Corp, Wealth,  Millionaires and Billionaires, Investing, Business News, Private Equity, source:tagname:CNBC US Source","the highest-paid hedge fund managers earned a record-breaking $37 billion in 2020, with the top earner being israel englander of millennium management, who made $3.8 billion. jim simons of renaissance technologies earned $2.6 billion, while chase coleman of tiger global earned $3 billion. the gains in hedge fund profits during the pandemic, coupled with the gamestop controversy, are expected to draw criticism regarding fairness and hedge fund pay. notably, ken griffin of citadel and steve cohen of point asset management were also among the top earners.",117,positive
2021-04-05 14:11:33+00:00,"cnbc, Premium, Articles, Autos, Markets, Investment strategy, Ford Motor Co, General Motors Co, U.S. Markets Overview, Investing, PRO Home, CNBC Pro, Pro: Street Calls , source:tagname:CNBC US Source",wells fargo rates ford gm as overweight praises new electric vehicles legacy automakers ford and general motors are set to be industry leaders once again as electric vehicles and autonomous driving come into focus according wells fargothe firms analyst colin langan initiated coverage of both stocks on monday with overweight ratings praising the new and upcoming electric vehicles for the stalwart companies,71,positive
2021-08-01 16:02:49+00:00,"cnbc, Articles, Earnings, Amazon.com Inc, Microsoft Corp, Meta Platforms Inc, Apple Inc, Business, Stock markets, Investment strategy, VIX Index (Mar'21), S&P 500 Index, Russell 2000 Index, Alphabet Class A, Business News, Executive Edge, Special Reports, Squawk Box U.S., stocks, Investing, source:tagname:CNBC US Source","apple shareholders shouldn't be too worried about the recent selloff after the earnings report. apple has a history of overcoming short-term sell headlines and has a conservative outlook. the global chip shortage, which is impacting apple's short-term outlook, is a problem that many companies are facing. in fact, if there are chip supply issues, apple is likely to be the first in line for chips. while the immediate outlook for the market is uncertain, long-term investors should consider that apple and other big tech companies have doubled their earnings power in the past two years. they still have room for growth and have distinct advantages in their respective industries. the big question for big tech is not about their dominance being threatened, but about how much more room they have for earnings growth.",160,positive
2021-02-05 17:30:52+00:00,"cnbc, Articles, Breaking news, Market Insider, Markets, Economy, Business, Stock markets, Breaking News: Markets, Forward Industries Inc, Deutsche Bank AG, United States, Ford Motor Co, T-Mobile US Inc, Peloton Interactive Inc, Activision Blizzard Inc, Snap Inc, Estee Lauder Companies Inc, Finance, stocks, U.S. Markets, source:tagname:CNBC US Source","midday trading saw several companies making headlines. ford's stock rose as it reported better-than-expected earnings and shared its plans for electric and autonomous vehicles. t-mobile's shares fell despite a strong q4 report, while peloton faced supply chain issues despite sales growth. activision blizzard led the market with a nearly 8% gain, citing the success of its call of duty franchise. snap's shares jumped after beating expectations, but the company issued a cautious first-quarter guidance. estee lauder reported a surprise sales gain, driven by stronger sales in the asia-pacific region and online.",126,positive
2021-03-15 21:39:14+00:00,"cnbc, Articles, Enterprise, Breaking News: Technology, Technology, Business, Alibaba Group Holding Ltd, Amazon.com Inc, Alphabet Class A, International Business Machines Corp, Microsoft Corp, Oracle Corp, Wix.Com Ltd, Shopify Inc, Apple Inc, US: News, source:tagname:CNBC US Source","digitalocean, a cloud infrastructure provider, is preparing for its ipo, offering investors a way to exclusively invest in cloud services. unlike giants like amazon, digitalocean focuses solely on cloud computing, with a simple interface and pricing model. the company expects to sell shares at $ to $ per share, giving it a market cap of around $ billion. digitalocean is not yet profitable, but its emphasis on simplicity has helped attract small businesses as customers. while it may face competition from larger cloud providers, digitalocean remains optimistic about the growing market and the appeal of its user-friendly approach.",124,negative
2021-09-29 17:09:39+00:00,"cnbc, Premium, Articles, Investment strategy, Markets, Investing, PRO Home, CNBC Pro, Pro: Santoli on Stocks, source:tagname:CNBC US Source",santolis wednesday market notes could septembers stock shakeout tee up strength for the fourth quarter this is the daily notebook of mike santoli cnbcs senior markets commentator with ideas about trends stocks and market statisticsa muted inconclusive bounce that has left the indexes fully within yesterdays lowtohigh range all morning so far,68,positive
